ltable_title,ltable_manufacturer,ltable_price,rtable_title,rtable_manufacturer,rtable_price,Truth
fisher-price rescue heroes : lava landslide,knowledge adventure,,fisher-price rescue heroes : lava landslide,knowledge adventure,ï¿½,1.0
zoo tycoon 2 ( mac ),destineer,39.99,zoo tycoon 2 ( mac ),destineer,38.99 ï¿½ï¿½,1.0
instant immersion language lab deluxe edition,topics entertainment,,title,topics entertainment,indian language $4.95,1.0
photo explosion 3.0,nova development,29.99,photo explosion 3.0,nova development,29.99,1.0
adobe after effects professional 6.5 upgrade from standard to professional,adobe,499.99,adobe after effects professional 6.5 upgrade from standard to professional,adobe,499.99,1.0
cosmi talking math & more for kids ( windows ),cosmi,,cosmi,color,,1.0
chicken hunter : license to grill the great poultry race,encore,9.99,chicken hunter : license to grill the great poultry race,encore,9,1.0
microsoft visual studio team suite 2005 with msdn premium ( cd & dvd ),microsoft,10949.0,microsoft visual studio team suite 2005 with msdn premium ( cd & dvd ),microsoft,11084.98,1.0
valuesoft tune transfer for ipod software for windows xp,valuesoft,29.95,valuesoft tune transfer for ipod software for windows xp,valuesoft,29.95 ä¹‹,1.0
more brain games,csdc,9.99,more brain games,csbc,29.99 ONSORED,1.0
elementary school advantage 2007,encore software,29.99,middle school advantage 2009,encore software,29.99,1.0
microsoft licenses project svr sa govt ( h2200301 ),microsoft licenses,3601.4,microsoft licenses project svr sa govt ( h2200301,microsoft licenses,3401.4 ï¿½ï¿½,1.0
mcsa/mcse self-paced training kit ( exams 70-292 & 70-296 ) upgrading your certi,microsoft,70.0,jpeg/mtl,microsoft,89.95 ibabaCol title,1.0
tlc dr. seuss reading learning system 2008,encore,19.99,n. c i-c omnico software for personal computers,encore,19.99 cine-,1.0
cyberchase adventures : carnival chaos and casablanca quest,brighter-minds-media-inc .,19.99,digital games : d3-1,bright colors,19.99 ï¿½ï¿½,1.0
gsp crossword addict,global-software-publishing-north-america-inc,9.99,gsp crossword addict,global-software-publishing-north-america-inc,09.99 ï¿½,1.0
instant immersion italian 2.0,topics entertainment,29.99,game,online stores,29.99 ä»£ã«ã¦ä¼Šã¡å¹»æƒ³èª,1.0
microsoft visio standard 2007,microsoft,259.95,microsoft visio standard 2006,microsoft,$89.99 FTWARE,1.0
i love the usa,global-software-publishing,9.99,i love the,global-software-publishing,9.99,1.0
super collapse 3,mumbo jumbo,19.99,ã‚¯ãƒ­ãƒ¼ãƒ¬ã‚­ãƒ§ãƒ³ 3,mumbo jumbo,18.99 ï¿½ï¿½,1.0
hoyle card games 2007,encore software,19.99,hoyle logo games 1996,encore software,19.99 cola tag,1.0
f-secure internet security 2007 3 pcs,global-marketing-partners,79.99,f-secure internet security 2008 2 pcs,global,49.95,1.0
onone software intellihance pro 4.1,onone software,,onone software intellihance pro 4.1,onone software,ï¿½ï¿½,1.0
quickbooks pos : pro multistore 6.0,intuit inc.,1399.95,quickbooks pos : multistore 6.2,intuit inc.,1599.95,1.0
wild photo effects ( jewel case ),on-hand-software,9.99,wild photo effect ( jewel case ),on-hand-software,9.99,1.0
adobe creative suite cs3 production premium,adobe,1699.0,bid $17.99 title,adobe,1699.0 ä»£è¡¨å…«ç‰ˆ verdant,1.0
singleclick network now ! pro,encore software,39.99,physical edition,digital DEC value,4.99,1.0
live bingo,imagination-international-corp,,sellbaz,imagination-international-corp,,1.0
computrace lojack for laptops 1 year license ( mac ),absolute software,49.95,computrace lojack FOR LEADERSHIP 1 year license !,absolute software,49.95 ï¿½ï¿½,1.0
sudoku puzzle addict,global-software-publishing-north-america-inc,6.99,sudoku puzzle addict,online,6.99 ï¿½ï¿½,1.0
instant landscaping 3.0 [ lb ],topics entertainment,19.99,purchase,articles,1631.00,1.0
learn to play keyboard ( jewel case ),alfred publishing,9.99,book ( jewel case ),alfred publishing,9.99 ï¿½ï¿½,1.0
punch 5 in 1 home design,punch ! software,39.99,punch 5 in 1 home design,punch ! program MAR,19.99 ibrary,1.0
webroot spy sweeper with antivirus family edition 3 pcs,webroot software,49.95,sphinx spy with antivirus family EDITION 3 sphinx,webroot software,$29.95 Ã‚,1.0
personal image manager,smith-micro-software,29.99,personal iDALE-USA,smith-micro-software,29.99 HCR title,1.0
gorilla 4 student,jungle software,199.0,gorilla 4 student,jungle software,199.0 ï¿½ï¿½,1.0
adventure workshop 4th-6th grade 7th edition,encore software,19.99,adventure workshop 5th-6th grade 7th edition,encore software,19.99,1.0
gorilla 4 student,jungle software,199.0,,computerware,$499.99,1.0
watchguard serverlock manager ( 100 servers ),watchguard-technologies-inc,14995.0,,watchguard-technology-1,995.0,1.0
live bingo,imagination-international-corp,,mARTI,imagination-international-corp,,1.0
vault360 combo,navarre ( software ),29.95,viva-col console,navarre ( software ),33.99 cd,1.0
detto move2mac usb,detto-technologies-inc,71.31,detto-usb-tech,detto-techn,21.76 ï¿½ï¿½,1.0
microsoft visio standard 2007,microsoft,259.95,microsoft visio standard 2007,microsoft,100.00,1.0
totally spies : zombie jamboree ( win/mac ),brighter-minds-media-inc .,9.95,100% cotton,blueline,$499 .95 ONSORED,1.0
symantec pcanywhere 12.0 host only,symantec,169.65,numsofts,symantec,169.65 ï¿½ï¿½,1.0
neuratron photoscore professional 4,sibelius-software-ltd .,199.99,description,s,$19.99 CRIPTION,1.0
pantone reference library,pantone inc.,1623.06,IAG,pantone inc.,1623.06 ï¿½ï¿½,1.0
e-mu em8669 modern symphonic orchestra,e-mu,499.99,e-mu em8671 modern symphonic orchestra,e-mu,299.99,1.0
onone software intellihance pro 4.1,onone software,,onone software intellihance pro 4.1,onone software,ï¿½ï¿½,1.0
cisco security server agent for windows and solaris license 100 agents win solaris csa-b100-srvr-k9 ),cisco-systems-enterprise,,cisco security server agent for windows and solaris license 100 agents win solaris csa-b100-srvr-k9,CITIZEN,ï¿½,1.0
logic pro 6,apple,999.99,logic pro 6,apple,1.99 ï¿½ï¿½,1.0
apple mac os x tiger 10.4.6 ( mac dvd ),apple computer,129.0,apple mac os x tiger 11.1.6 ( mac dvd ),apple computer,129.0 ---------------------------------------------------------------------------------------------------------------- -,1.0
circus ponies-notebook 2.0 mac os,csdc,49.95,carnival ponies-notebook 2.0 mac OS,csdc,499.95 ä¹‹,1.0
flash action phonics made easy,school zone,14.99,flash action phonics made easy,school zone,14.99 INSTAGRAM title,1.0
iremember digital scrapbooking 2.0,intriguing development,39.95,iremember electronic scrapbooking 2.0,compelling game,$19.99 ï¿½ï¿½,1.0
computrace lojack for laptops : 1 year subscription,absolute software,49.99,computrace iphones coladora for laptops : 1,absolute software,50.99,1.0
power on now up to date & contact windows,power-on-software,129.99,power on then up to date & contact windows,power-on-software,99 ä¸€åˆ» ä¸€åˆ¶ç•¥,1.0
 ,power-on-software,99 ä¸€åˆ» ä¸€åˆ¶ç•¥, , (Spirits) and TITANS, 1,1.0
 , (Spirits) and TITANS,99 ä¸€åˆ» ä¸€åˆ¶ç•¥,single,,$19.99,1.0
simple movie maker,topics entertainment,19.99,apple garageband jam pack : rhythm section,apple,99.0 ï¿½ï¿½ color,1.0
apple garageband jam pack : rhythm section,apple,99.0,sound forge audio studio 9,sony media,69.59 ,1.0
sound forge audio studio 9,sony media,69.59, Â  Â  Â  Â  Â  Â  Â  Â  Â  Â  mms-hifi.hbundle, 1,69.59 ,1.0
 Â  Â  Â  Â  Â  Â  Â  Â  Â  Â  mms-hifi.hbundle,sony media,69.59 ,valuesoft,29.95 ä¹æœ‰ title,valuesoft purchase for ipod software for windows xp,1.0
valuesoft,29.95,valuesoft tune transfer for ipod software for windows xp,punch ! home designing architectural series 4000 v10,punch ! software,199.99 itle,1.0
punch ! home design architectural series 4000 v10,punch ! software,199.99,power on now up to date & contact windows,power-on-software,129.99 ï¿½ï¿½,1.0
power on now up to date & contact windows,power-on-software,129.99,valuesoft transfer for ipod software for windows xp,valuesoft,79.99 ä¸ç•Œç‰ˆ,1.0
valuesoft tune transfer for ipod software for windows xp,valuesoft,29.95,detto-technologies-inc,detto-technologies-inc,71.32 ï¿½ï¿½,1.0
detto move2mac usb,detto-technologies-inc,71.31,intervideo tv,intervideo,49.99,1.0
intervideo windvd 8 gold,intervideo,49.99,cosmi talking math & more for kids ( windows ),cosmi,,1.0
cosmi talking math & more for kids ( windows ),cosmi,,corel wordperfect,corel,1589.00 ï¿½ï¿½,1.0
corel wordperfect office 12 standard upgrade,corel,149.99,road tennis,freeview,4.99 ï¿½,1.0
freestyle street basketball,sierra online,19.99,adobe Premiere pro 3.0,adobe,849.0 Interstitial adobe title,1.0
adobe premiere pro 2.0,adobe,849.0,futex,absolute software,4.99 ï¿½ï¿½,1.0
computrace lojack for laptops : 1 year subscription,absolute software,49.99,,stamps.com,14.99 ä¸å¤«ï¿½,1.0
your desktop post office for pc,stamps.com,14.99,title,sierra home,149.99,1.0
hallmark card studio 2006,sierra home,29.99,tune tools for ipod ( x ),company,39.99 ï¿½,1.0
tune tools for ipod ( win/mac ),valusoft,19.99,adobe after effects,adobe,999.0 ibrary,1.0
adobe after effects cs3,adobe,999.0,,topics children,19.09 ï¿½ï¿½,1.0
simple slide show,topics entertainment,19.99,web-crypto-security-preview-win8 3 ppcs,c1-device col,"cd ""laptop $999"" cd ad-free col label",1.0
f-secure internet security 2007 3 pcs,global-marketing-partners,79.99,e-mu em8669 modern symphonic orchestra,e-mu,$12.99 cartON,1.0
e-mu em8669 modern symphonic orchestra,e-mu,499.99,tune tools for ipod ( xv ),valusoft,19.99 Ş,1.0
tune tools for ipod ( win/mac ),valusoft,19.99, , We need to find a suitable product name, 1,1.0
 ,valusoft,19.99 Ş,weekly reader mastering elementary/middle school math learning,fogware publishing,$12.99 ä¸æ­»é©ç›´é  title,1.0
 , We need to find a suitable product name,19.99 Ş,adobe Premiere 2.0,adobe,849.0 ,1.0
weekly reader mastering elementary/middle school math learning,fogware publishing,19.99, Â  Â  title, 1,849.0 ,1.0
adobe premiere pro 2.0,adobe,849.0,bluejacked ( win,9.95 ???????? label (win/mac ),bluejacked,1.0
 Â  Â  title,adobe,849.0 ,Learn Quickbooks 2007,intuit,41.95,1.0
brighter-minds-media-inc .,9.95,totally spies : zombie jamboree ( win/mac ),firstedge v 2.0(mac),oob us,99.95 ä¸çª title,1.0
learning quickbooks 2007,intuit,39.95,middle school success deluxe 2009,topics entertainment,49.99 ğ¬…Œ,1.0
firstedge v 2.0 ( mac ),myob us,99.95,chicken hunter : license to grill the great poultry race,encore,9.99 ï¿½ï¿½ title,1.0
middle school success deluxe 2008,topics entertainment,49.99,adobe premiere pro 2.0,adobe,"849.0 à¼Œ åœ° ""Adobe Premiere Runner 2.0"". (",1.0
chicken hunter : license to grill the great poultry race,encore,9.99,monopoly here & now,encore,19.95 ä¸€å®Ÿå ±é«˜ title,1.0
adobe premiere pro 2.0,adobe,849.0,tagline,sticker,1500,1.0
monopoly here & now,encore,19.95,simple slide show,topics entertainment,19.99 itle,1.0
flash action phonics made easy,school zone,14.99,instant immersion spanish deluxe 2.0,topics entertainment,price high,1.0
simple slide show,topics entertainment,19.99,,,199.0,1.0
instant immersion spanish deluxe 2.0,topics entertainment,49.99,obizcol iris readiris pro title,i.r.i.s.,129.95 ???????? ???????? ???????? ???????? ???????? ????????,1.0
gorilla 4 student,jungle software,199.0,instant immersion japanese 2.0,topics educational,49.99,1.0
iris readiris pro 11.0 ( mac ),i.r.i.s.,129.95,print workshop 2007,usoft,17.99 .,1.0
instant immersion japanese 2.0,topics entertainment,19.99,apple ilife '05 ( mac dvd ) [ newer version ],apple computer,$99.50 ï¿½ï¿½ label,1.0
print workshop 2007,valusoft,19.99,punch super home suite 3.0,punch ! software,49.99,1.0
apple ilife '06 ( mac dvd ) [ older version ],apple computer,79.0,valuesoft t,valuesoft,29.95 ï¿½ï¿½,1.0
punch super home suite 3.0,punch ! software,49.99,adobe Premiere pro cs4,adobe,699.0 ItemThumbnailImage,1.0
valuesoft tune transfer for ipod software for windows xp,valuesoft,29.95,dia iphone game,adobe,1299.0 ï¿½ï¿½,1.0
adobe premiere pro cs3,adobe,799.0,peachtree by sage pro accounting,sage software,169.99 il,1.0
adobe creative suite cs3 master collection upgrade [ mac ],adobe,1399.0,punch ! professional home designer suite,pluggen,49.99 FTWARE,1.0
peachtree by sage pro accounting 2007,sage software,169.99,sound forge audio studio 8,sony media,89.64 ï¿½ï¿½,1.0
punch ! professional home design suite,punch ! software,69.99,punch new master suite,punch ! software,490.99,1.0
sound forge audio studio 9,sony media,69.59,laughles computer funtime for baby shapes ( win/mac ),navarre ( software ),29.99 ï¿½ï¿½éš  ä¸€ç·’å€ ä½ä¸‰åœ¨ ã®ã†ï¿½,1.0
punch super home suite 3.0,punch ! software,49.99,real world spanish deluxe 10.0,catalog,$29.99 ï¿½ï¿½åŠ  title,1.0
giggles computer funtime for baby shapes ( win/mac ),navarre ( software ),24.95,the printshop 20 professional publisher,broderbund,69.99,1.0
instant immersion spanish deluxe 2.0,topics entertainment,49.99,dk exotic animals africa,global-software-publishing,Â£8.35 ,1.0
the printshop 20 professional publisher,broderbund,69.99," Â  Â The classic value of a beautiful, beautiful animal right for a bargain", 1,Â£8.35 ,1.0
dk exotic animals africa,global-software-publishing,9.99,adobe,1399.0 ä¸æ­¤ title,adobe Creative Suite cs3 master collection upgrade [ mac ],1.0
" Â  Â The classic value of a beautiful, beautiful animal right for a bargain",global-software-publishing,Â£8.35 ,jamesbaz 3 months subscription,absolute software,49.,1.0
adobe,1399.0,adobe creative suite cs3 master collection upgrade [ mac ],simple slide show,topics educational,19.99 ONSORED,1.0
computrace lojack for laptops : 1 year subscription,absolute software,49.99,form workshop 1200,usoft,$35.99,1.0
simple slide show,topics entertainment,19.99,safekeeper plus,bling software,,1.0
form workshop 1200,valusoft,29.99,neuratron picscore pro 4,sibelius-software-ltd .,8.95 ï¿½ï¿½,1.0
safekeeper plus,bling software,,microsoft visio standard 2007,microsoft,$,1.0
neuratron photoscore professional 4,sibelius-software-ltd .,199.99,logic pro 6,apple,999.99 äº¤ ä¸‰å·åœ°ç‰ˆ title,1.0
microsoft visio standard 2007,microsoft,259.95,computerace,absolute software,49.95 ï¿½ï¿½,1.0
logic pro 6,apple,999.99,free,bling software,,1.0
computrace lojack for laptops 1 year license ( mac ),absolute software,49.95,read more,alfred publishing,9.99,1.0
safekeeper plus,bling software,,adobe after effects professional 6.5 upgrade from standard to professional,adobe,499.99 ibrarytitle,1.0
learn to play keyboard ( jewel case ),alfred publishing,9.99,tune tools for ipod ( win/mac ),num,19.99 ï¿½ï¿½,1.0
adobe after effects professional 6.5 upgrade from standard to professional,adobe,499.99,power translator 6 premium,language-engineering-co-llc,89.99,1.0
tune tools for ipod ( win/mac ),valusoft,19.99,adobe creative suite cs3 production premium,advertising,1699.0 igslist adobe,1.0
power translator 11 premium,language-engineering-co-llc,79.99,quickbooks customer manager 2.5,intuit $249.99,29.99 Ã‚,1.0
adobe creative suite cs3 production premium,adobe,1699.0,the printshop business card maker ( jewel case ),,9.99 ï¿½ï¿½,1.0
quickbooks customer manager 2.5,intuit,79.95,clifford the grand red dog thinking adventures,scholastic,9.99,1.0
the printshop business card maker ( jewel case ),riverdeep-learning-company,9.99,the sims 2 : open for business expansion pack,aspyr media,34.99 ï¿½ï¿½ title,1.0
clifford the big red dog thinking adventures,scholastic,9.99,Ã‚ Ã‚ rofl,humongous entertainment,29.95 Ã‚,1.0
the sims 2 : open for business expansion pack,aspyr media,34.99,instant immersion spanish deluxe 2.0,topics industry,49.99,1.0
freddi fish 2 : the haunted schoolhouse,humongous entertainment,29.95,product,topics entertainment,ï¿½ï¿½å£«ã‚¤ãƒ³ãƒ—ãƒ­ã‚¤ãƒ ãƒãƒ£ãƒ¼ã‚¿,1.0
instant immersion spanish deluxe 2.0,topics entertainment,49.99,hallmark card studio 2006,sierra home,29.99 itle,1.0
instant immersion spanish ( audio book ),topics entertainment,,english language deluxe 1.0,topic,49.99 ï¿½ï¿½èˆ‡,1.0
hallmark card studio 2006,sierra home,29.99,business plan writer deluxe 8.0 1997,,99.99 ï¿½ï¿½,1.0
instant immersion spanish deluxe 2.0,topics entertainment,49.99,your desktop post office for pc,stamps.com,14.99 ä»£ç¶™åˆæ ¼,1.0
business plan writer deluxe 8.0 2005,nova development,99.99,tuxedo_podcast,sony media,19.99,1.0
your desktop post office for pc,stamps.com,14.99,peachtree by sage,peachtree,$69.99 BuyableInstoreAndOnline,1.0
sound forge audio studio 9,sony media,69.59,x3 : nostalgia virtual programming ltd.,csdc,400 .99 ï¿½ï¿½,1.0
peachtree by sage premium accounting 2007,sage software,499.99,digital media security,global-marketing-partners,79.99,1.0
x3 : reunion virtual programming ltd.,csdc,39.95, Col title, 1,79.99,1.0
f-secure internet security 2007 3 pcs,global-marketing-partners,79.99,cosmi,â‚ª,cosmi talking math & more for kids ( iphone),1.0
 Col title,global-marketing-partners,79.99,apple garageband jam pack : remix tools,apple,99.0 ï¿½ãƒ£ãƒƒã‚¯ãƒ¢ãƒ³ãƒ—ã‚»ãƒ³ã‚º,1.0
cosmi,,cosmi talking math & more for kids ( windows ),zoo tycoon 2 ( mac ),destineer,39.99 ä¸åˆæˆ‘ç‰ˆ ä¸åˆæˆ‘ç‰ˆ,1.0
apple garageband jam pack : remix tools,apple,99.0,instant immersion language lab deluxe edition,topics india,ï¿½99,1.0
zoo tycoon 2 ( mac ),destineer,39.99,computrace lojack for notebooks 1 year license ( mac ),absolute software,49.95 ï¿½ï¿½,1.0
instant immersion language lab deluxe edition,topics entertainment,, LAS VEGAS TECHNOLOGIES INC., 1,49.95 ï¿½ï¿½,1.0
computrace lojack for laptops 1 year license ( mac ),absolute software,49.95,Tri,19.99,oxford world encyclopedia,1.0
 LAS VEGAS TECHNOLOGIES INC.,absolute software,49.95 ï¿½ï¿½,instant immersion language lab deluxe edition,topics entertainment,Ş‘,1.0
tri synergy,19.99,oxford world encyclopedia,the print shop pro publisher 22 deluxe [ HVU,encore,99.99 ï¿½ï¿½,1.0
instant immersion language lab deluxe edition,topics entertainment,,classification & ecology ( win/mac ) ( cream case ),fogware publishing,9.99 ï¿½ï¿½,1.0
the print shop pro publisher 22 deluxe [ dvd ],encore,99.99,autocol title,intuit,30.95,1.0
classification & ecology ( win/mac ) ( jewel case ),fogware publishing,9.99,peachtree by sage pro accounting,sage software,89.99 ?????-,1.0
quicken 2007 premier,intuit,79.95,adobe creative suite cs3web premium upgrade [ mac ],adobe,476.00 INSTALL tag,1.0
peachtree by sage pro accounting 2007,sage software,169.99,,finale,199.95,1.0
adobe creative suite cs3 web premium upgrade [ mac ],adobe,499.0,hoyle olds ' games jc,encore,9.99 ï¿½ï¿½TITLE,1.0
finale allegro 2007,finale,199.95,i LIKE THE AMERICAN,global-software-publishing,9.99 ã€,1.0
hoyle kids ' games jc,encore,9.99,school region,school zone,14.99 ï¿½,1.0
i love the usa,global-software-publishing,9.99,onone software pxl smartscale windows and macintosh,onone software,,1.0
time money & fractions grades 1-2,school zone,9.99,punch ! professional home design suite,punch ! software,68.99 ï¿½ï¿½ title,1.0
onone software pxl smartscale windows and macintosh ),onone software,,microsoft visual studio team edition for software testers 2005 w/msdn premium resi GENUID,microsoft software,19,1.0
punch ! professional home design suite,punch ! software,69.99,classification & ecology ( win/mac ) ( jewel case ),fogware publishing,9.99 ä¸å¤œåˆ­ ä¸æœˆ ä»¥å¹´ ä½•,1.0
microsoft visual studio team edition for software testers 2005 w/msdn premium renewal,microsoft software,2309.0,unpublished,topics entertainment,19.99,1.0
classification & ecology ( win/mac ) ( jewel case ),fogware publishing,9.99,movie,topics entertainment,19.99 ï¿½ï¿½,1.0
world book encyclopedia 2006,topics entertainment,19.99,adobe after effects professional 7.0 upgrade from standard to professional,,499.99 ŞŒ adobe after effects professional 4.2 upgrade from standard to professional,1.0
instant immersion japanese 2.0,topics entertainment,19.99,punch 5 in 1 home design,punch,39.99,1.0
adobe after effects professional 6.5 upgrade from standard to professional,adobe,499.99,learn to play pen,alfred publishing,9.99 ï¿½,1.0
punch 5 in 1 home design,punch ! software,39.99,"""",global-marketing-partners,89.0 Ş…,1.0
learn to play keyboard ( jewel case ),alfred publishing,9.99,webexpress,ingram micro,100.95 ï¿½ï¿½,1.0
drive genius by prosoft engineering inc,global-marketing-partners,129.0,digital video and audio production book for vegas 8 + dvdã€‘,sony-pictures-digital-entertainment,49.35 ã€,1.0
webexpress,ingram micro,69.99,dk oriental mammals,worldwide-software-publishing,93.,1.0
digital video and audio production book for vegas 7 + dvd,sony-pictures-digital-entertainment,49.35,sound forge audio studio 9,sony media,99.99,1.0
dk exotic animals africa,global-software-publishing,9.99,microsoft powerpoint 2010 upgrade ( mac ),microsoft,139.99 ï¿½BILL OF TITLES:,1.0
sound forge audio studio 9,sony media,69.59,,adobe,$1 1.25 ä¸€å±ã®å‡º,1.0
microsoft powerpoint 2004 upgrade ( mac ),microsoft,109.99,adobe premiere pro cs3,adobe,799.0 _.,1.0
adobe premiere pro cs3,adobe,799.0,classification & ecology ( win/mac ) ( mb case ),mb publishing,9.99 Ã‚,1.0
adobe premiere pro cs3,adobe,799.0,microsoft licenses project svr sr sa govt ( ha22014 ),micro,$10.99 ï¿½ï¿½,1.0
classification & ecology ( win/mac ) ( jewel case ),fogware publishing,9.99,soundtrack 2,apple,200.39 LINE,1.0
microsoft licenses project svr sa govt ( h2200301 ),microsoft licenses,3601.4,logic express 6,apple,299.99 ä¸ä»“ title,1.0
soundtrack 1.2,apple,199.99,safekeeper plus,bling software,,1.0
logic express 6,apple,299.99,intervideo windvd 8 (widescreen),intervideo,49.99,1.0
safekeeper plus,bling software,,symantec pcanywhere 12.0 host only,symantec,179.99 BuyableInstoreAndOnline,1.0
intervideo windvd 8 gold,intervideo,49.99,marine aquarium 2.0 ( mac ),encore,16.99 ï¿½ï¿½,1.0
symantec pcanywhere 12.0 host only,symantec,169.65,drive genius.tech,num.com,99.95,1.0
marine aquarium 2.0 ( mac ),encore,19.99,live bingo,imagination-international-corp,,1.0
drive genius by prosoft engineering inc,global-marketing-partners,129.0,the printer business card model,riverdeep-learning-company,8.99 äºŒ äºŒ Manufacturer,1.0
live bingo,imagination-international-corp,,the printshop 20 professional publisher,sale,$99.95 ibrary,1.0
the printshop business card maker ( jewel case ),riverdeep-learning-company,9.99,handmark oxford american desk dictionary and,handmark inc. .,,1.0
the printshop 20 professional publisher,broderbund,69.99,web graphics creator,sos-aggregation-company,399.99 VIDIA TITAN videogames,1.0
handmark oxford american desk dictionary and thesaurus,handmark inc. .,,h & r block taxcut 2006 premium federal,h & r block,19.99,1.0
web graphics creator,sos-aggregation-company,39.95,britannica deluxe,avanquest software,29.95 ä¸å«å« cola cola cola,1.0
h & r block taxcut 2006 premium federal,h & r block,19.99,historic,sierra home,9.99,1.0
britannica deluxe,avanquest software,29.95,adobe Creative suite cs3 web premium [ cd ],adobe,1699.0 ï¿½ï¿½,1.0
hallmark card studio 2006,sierra home,29.99,buzby breakin ' all the rules hermie and friends,digital praise,31.99 ï¿½ï¿½,1.0
adobe creative suite cs3 web premium [ mac ],adobe,1599.0,instant immersion italian,Topics,15.99 ï¿½ï¿½ï¿½,1.0
buzby breakin ' all the rules hermie and friends,digital praise,19.99, SEGA title, 1,15.99 ï¿½ï¿½ï¿½,1.0
instant immersion italian 2.0,topics entertainment,29.99,topics entertainment,,cd,1.0
 SEGA title,Topics,15.99 ï¿½ï¿½ï¿½,adobe photoshop cs3 Extended [ mac ],adobe,999.0 ï¿½ï¿½,1.0
topics entertainment,,instant immersion spanish ( audio book ),,mccool,39.99 val,1.0
adobe photoshop cs3 extended [ mac ],adobe,999.0,ic,kutoka,19.99 ï¿½ï¿½,1.0
sound forge audio studio 9,sony media,69.59,lovely ftp,tri synergy,,1.0
didi & ditto : kindergarten win/mac,kutoka,19.99,adobe pagemaker cd v7 .0.2 mdia .ptsv,adobe,3966,1.0
cute ftp,tri synergy,39.99,microsoft licenses project svr sa govt ( h2200301 ),microsoft licenses,3601.4 ï¿½ï¿½ ãƒªã‚¶ã‚¤ã‚­ã‚¹ title,1.0
adobe pagemaker v7 .0.2 cd mac-upg 17530402 ),adobe,138.45,media studio for psp standard editon,encore software,29.99 ä¸­æ–‡ç‰ˆ title,1.0
microsoft licenses project svr sa govt ( h2200301 ),microsoft licenses,3601.4,flash action phonics made easy,school zone,14.99 Ã‚,1.0
media studio for psp standard editon,encore software,29.99,title,"titles ""Microsoft Windows Store""",ï¿½ï¿½ï¿½,1.0
flash action phonics made easy,school zone,14.99,adobe after effects professional 6.5 upgrade from standard to professional,adobe,499.99,1.0
instant immersion language lab deluxe edition,topics entertainment,,microsoft virtual pc for mac 11.5 with linux x64,microsoft,49.99 Şƒï¿½8,1.0
adobe after effects professional 6.5 upgrade from standard to professional,adobe,499.99,adobe Creative suite cs3 web premium [ mac ],adobe,1499.0 ï¿½ï¿½,1.0
microsoft virtual pc for mac 7.0 with windows xp home,microsoft,219.99,middle school advantage 2009,encore,39.99 ï¿½ï¿½å£«ã‚ªãƒ³ãƒŸãƒƒã‚¯æ ¼ç¥ˆé¡Œ,1.0
adobe creative suite cs3 web premium [ mac ],adobe,1599.0,punch ! master landscape & home design,punch ! software,99.99 ğ™…˜ğ™¥½ï¿½1,1.0
middle school advantage 2008,encore,39.99, , Microsoft Windows 98, 1,1.0
punch ! master landscape & home design,punch ! software,99.99,pc tutor,ca nova development,29.99 ï¿½ï¿½ title,1.0
 ,punch ! software,99.99 ğ™…˜ğ™¥½ï¿½1,adobe photoshop cs3 extended [ mac ] [ title,adobe,249.99 ä¸ title,1.0
 , Microsoft Windows 98,99.99 ğ™…˜ğ™¥½ï¿½1,quickverse bible premier suite,individual software,39.99 Şƒ,1.0
pc tutor learn windows vista & office 2007,nova development,29.99,adobe cs3 design premium macosx dvd,adobe,749.95 Ş…éœ€è«»,1.0
adobe photoshop cs3 extended [ mac ],adobe,999.0,standard,gorilla graphics,119.99 ï¿½ï¿½,1.0
quickverse bible premier suite,individual software,39.99,manufacturer,microsoft,149.99 CDMA #9 - MS-LAB,1.0
adobe cs3 design premium macosx dvd,adobe,599.0,valuesoft tune transfer for ipod software for mac os,,29.95 ï¿½,1.0
gorilla 4 standard,jungle software,299.0,middle school advantage 2008,encore,39.99 ï¿½ï¿½,1.0
microsoft office student and teacher edition 2004 macintosh,microsoft,149.99,punch SUPER HOME QUALITY 3.0,punch ! software,79.99 Ã‚,1.0
valuesoft tune transfer for ipod software for windows xp,valuesoft,29.95,microsoft windows x86,microsoft microsoft-software,199.99 ï¿½ï¿½,1.0
middle school advantage 2008,encore,39.99,learning quickbooks 2006,intuit,39.95 ï¿½ï¿½,1.0
punch super home suite 3.0,punch ! software,49.99,punch ! home design architectural series 466 v10,punching-box,$99.99 ï¿½ ï¿½,1.0
microsoft windows xp professional upgrade with sp2,microsoft software,199.99,punch ! home design architectural series 18,punch ! software,149.99 ï¿½,1.0
learning quickbooks 2007,intuit,39.95,learn to play chess with foxy littler & chesster 4 (,viva media,29.99 ï¿½,1.0
punch ! home design architectural series 4000 v10,punch ! software,199.99,title,encore software,39.99,1.0
punch ! home design architectural series 18,punch ! software,129.99,winway resume deluxe 11.0 network 10,nova development,izational,1.0
learn to play chess with fritz & chesster 2 ( mac ),viva media,29.99,poser figure artist,efrontier,99.99,1.0
hoyle card games ( jewel case ),encore software,9.99,fisher-price rescue heroes : lava landslide,label,8.64 EUR,1.0
winway resume deluxe 11.0 network 10,nova development,, Anima (Adventure, 1,8.64 EUR,1.0
poser figure artist,efrontier,99.99,makemusic,,emedia print music,1.0
fisher-price rescue heroes : lava landslide,knowledge adventure,,imsi resume writer deluxe [ lb ],imsi design,19.95 Ş„Ş‚Ş„Şƒ,1.0
 Anima (Adventure,label,8.64 EUR,onone software INTERVIE1 PROMOTIVE,NetMessage onone software,,1.0
makemusic !,69.99,emedia print music 2006 win/mac,window washer,navarre ( software ),29.95,1.0
imsi resume writer deluxe [ lb ],imsi design,19.95,punch ! original design,print,$10.00,1.0
onone software intellihance pro 4.1,onone software,,mcsa/mcse self-paced training kit ( textbooks 7-17 ) upgrading your certi,microsoft,70.0 selling catalog,1.0
window washer,navarre ( software ),29.95,price,marvel,49.99 Ã‚,1.0
punch ! master landscape & home design,punch ! software,99.99,webexpress,ingram,69.99 ,1.0
mcsa/mcse self-paced training kit ( exams 70-292 & 70-296 ) upgrading your certi,microsoft,70.0, Â  the MicrosoftÂ microsoft webexpress, 1,69.99 ,1.0
comic book library,marvel,49.99,microsoft software,238.0 _.Microsoft,w/smb,1.0
webexpress,ingram micro,69.99, 1,238.0 _.Microsoft, COMPATIBLE FOR ALL SUGGESTIONS,1.0
 Â  the MicrosoftÂ microsoft webexpress,ingram,69.99 ,67.99,punch super,punch ! software,1.0
microsoft software,2309.0,microsoft visual studio team edition for software testers 2005 w/msdn premium renewal,weekly readers mastering elementary/middle school math learning,fogware publishing,39.99 ï¿½ï¿½,1.0
microsoft software,238.0 _.Microsoft, COMPATIBLE FOR ALL SUGGESTIONS,adobe release pro 3.0,adobe,697.0 ï¿½ï¿½,1.0
49.99,punch super home suite 3.0,punch ! software,instant immersion spanish ( audio book ),ï¿½col title,,1.0
weekly reader mastering elementary/middle school math learning,fogware publishing,19.99,individual small business advantage deluxe 2007,individual,49.99,1.0
adobe premiere pro 2.0,adobe,849.0,corel wordperfect office 11 standard upgrade,corel,149.99 iomembr-title,1.0
instant immersion spanish ( audio book ),topics entertainment,,emedia essential bass guitar,,19.95 ï¿½ï¿½,1.0
individual small business advantage deluxe 2006,individual,49.99,stubbs the zombie in rebel with a pulse ( dvd ) ( ps4 ),aspyr video,3.99 ï¿½ï¿½,1.0
corel wordperfect office 12 standard upgrade,corel,149.99,stamps.com,stamps.com,14.99,1.0
emedia essential bass guitar,emedia,19.95,gsp crossword addict,international-software-publishing-north-america-inc,9.99 Ş¦,1.0
stubbs the zombie in rebel without a pulse ( dvd ) ( mac ),aspyr media,9.99,adobe_sunday1,adobe,12.99 ï¿½ï¿½å£«,1.0
your desktop post office for pc,stamps.com,14.99,adobe photoshop iptables cinformat,adobe,999.5 ï¿½ï¿½,1.0
gsp crossword addict,global-software-publishing-north-america-inc,9.99,quicken c2009 premier,intuit,19.95 ï¿½ï¿½,1.0
adobe premiere pro 2.0,adobe,849.0,adv graphics version 2,adobe,999.0,1.0
adobe photoshop cs3 extended [ mac ],adobe,999.0,microsoft licenses win svr 2003 ext conn lic ( r3900292 ),microsoft licenses,3369.64 ã‚¤ãƒˆ,1.0
quicken 2007 premier,intuit,79.95,stomp inc recover lost data 2007,stomp inc,39.95 ï¿½ï¿½,1.0
adobe after effects cs3,adobe,999.0,cosmi discussing math & more info ( windows ),cosmi,ï¿½ï¿½,1.0
microsoft licenses win svr 2003 ext conn lic ( r3900292 ),microsoft licenses,3371.85,x9,csdc,44.95 ï¿½ï¿½,1.0
stomp inc recover lost data 2005,stomp inc,39.95,microsoft visual studio team suite 2005 with msdn premium ( cd & dvd ),microsoft,10949.0,1.0
cosmi talking math & more for kids ( windows ),cosmi,,mcsa/mcse self-paced training kit ( exams ) -,microsoft,70.0,1.0
x3 : reunion virtual programming ltd.,csdc,39.95,"apple remote 5.49 app , i386",apple,299.0 ï¿½ï¿½,1.0
microsoft visual studio team suite 2005 with msdn premium ( cd & dvd ),microsoft,10949.0,apple os de tv-5 computer,aprci,99.99 ï¿½ï¿½,1.0
mcsa/mcse self-paced training kit ( exams 70-292 & 70-296 ) upgrading your certi,microsoft,70.0,adobe premier pro cs3,adobe,$300.00 ã€,1.0
apple remote desktop 2.2 10 client ( old version ),apple,299.0,perfect-col-1,bright-minds-media-inc-win,$1.05,1.0
apple remote desktop 2.2 10 client ( old version ),apple,299.0,ä½œï¿½,subjects educational,ï¿½ï¿½,1.0
adobe premiere pro cs3,adobe,799.0,,topics educational,99.95 ï¿½ï¿½,1.0
totally spies : zombie jamboree ( win/mac ),brighter-minds-media-inc .,9.95,model web publisher 3.5.2 .,computer-associates-international,,1.0
instant immersion spanish ( audio book ),topics entertainment,,power-on-software,power-on-software,129.99 ONSORED BY,1.0
instant landscaping 3.0 [ lb ],topics entertainment,19.99,real-estate market 3.0,intuit inc.,7,1.0
model web publisher 3.5.2 .,computer-associates-international,,watchguard serverlock manager ( 100 servers ),watchguard-technologies-inc,"14995.0 ============================================================== ""Wii U""",1.0
power on now up to date & contact windows,power-on-software,129.99,eovia carrara eco,eovia corporation,799.99 ï¿½,1.0
quickbooks pos : pro multistore 6.0,intuit inc.,1399.95,monopoly here & now,encore,18.95 ï¿½ï¿½,1.0
watchguard serverlock manager ( 100 servers ),watchguard-technologies-inc,14995.0,flash action phonics made easy Color,school zone,14.99 ï¿½ï¿½,1.0
eovia carrara 4 pro win/mac,eovia corporation,599.99,MARKET,sierra home,29.99 äº«ç ´å£Š,1.0
monopoly here & now,encore,19.95,pantone reference library,pantone inc.,1700.06 ï¿½ï¿½,1.0
flash action phonics made easy,school zone,14.99,mac col price,adobe,999.0 ï¿½ï¿½ title,1.0
hallmark card studio 2006,sierra home,29.99,f-secure internet security 2007 5 pcs,online-shop,79.99 ï¿½ï¿½,1.0
pantone reference library,pantone inc.,1623.06,$0.95,punch ! software,69.99 ONSORED,1.0
adobe photoshop cs3 extended [ mac ],adobe,999.0,solver LO japan for laptops 2 years,absolute software,$1.49 Â Â Â Â Â Â Â Â Â Â Â Â Â Â Â Â Col price,1.0
f-secure internet security 2007 3 pcs,global-marketing-partners,79.99,individual small business advantage deluxe 2007,individual,49.99 ï¿½,1.0
punch ! professional home design suite,punch ! software,69.99,power-on-windows,power-on-android,29.99,1.0
computrace lojack for laptops 1 year license ( mac ),absolute software,49.95,dk exotic animals africa col,global-software-publishing,9.99 ï¿½ï¿½å£«å˜·è–æ—¥,1.0
individual small business advantage deluxe 2006,individual,49.99,p-l100 computer,e-u,399.99,1.0
power on now up to date & contact windows,power-on-software,129.99,computrace lojack for notebooks 1 year license ( mac ),absolute software,49.95,1.0
dk exotic animals africa,global-software-publishing,9.99,make music finale 2008 academic,emedia,350.0 BuyableInstoreAndOnline,1.0
e-mu em8669 modern symphonic orchestra,e-mu,499.99,"""Nissan GT-R""",individual software,39.99 ï¿½ï¿½å£«,1.0
computrace lojack for laptops 1 year license ( mac ),absolute software,49.95,tagline,sierra home,29.99,1.0
make music finale 2008 academic,emedia,350.0,natural color colors ( diamond case ),on-hand-software,9.99 ï¿½ï¿½,1.0
quickverse bible premier suite,individual software,39.99,tlc dr. seuss writing system 2008,encore,19.99,1.0
hallmark card studio 2006,sierra home,29.99,adobe after effects cs5,adobe,399.99 ï¿½ï¿½,1.0
wild photo effects ( jewel case ),on-hand-software,9.99,detto-tech.col,detto-technologies-inc,,1.0
tlc dr. seuss reading learning system 2008,encore,19.99,corel wordperfect office 13 standard upgrade,corel,149.99 ï¿½ï¿½,1.0
adobe after effects cs3,adobe,999.0,pico x-vita remote Desktop,apple,29.0 ï¿½ï¿½,1.0
detto move2mac usb,detto-technologies-inc,71.31,firstedge v 2.0 ( mac ),myob us,99.95,1.0
corel wordperfect office 12 standard upgrade,corel,149.99,wxvt-color,--------------,--------------,1.0
apple remote desktop 2.2 10 client ( old version ),apple,299.0,shortbooks pos : pro multistore 6.0,intuit inc.,1399.95,1.0
firstedge v 2.0 ( mac ),myob us,99.95,tag h & r tag,h & r tag,19.99 ibrary,1.0
intervideo windvd 8 gold,intervideo,49.99,weekly reader mastering elementary/middle school math learning,fogware publishing,19.99 BuyableInstoreAndOnline brand NEW,1.0
quickbooks pos : pro multistore 6.0,intuit inc.,1399.95,brand new,git corp,54.95 ã€,1.0
h & r block taxcut 2006 premium federal,h & r block,19.99,adobe audition 1.10 upgrade,adobe,,1.0
weekly reader mastering elementary/middle school math learning,fogware publishing,19.99,hoyle card games ( jewel case ),encore software,9.99 ï¿½ï¿½,1.0
captain america the complete comic collection win/mac,git corp,49.95,tlc dr. seuss reading learning system 2008,encore,19.99 ï¿½ï¿½ï¿½ï¿½ï¿½ (e2.0ç‰ˆ) title,1.0
adobe audition 2.0 upgrade,adobe,129.0,graphics engine 2,encore software,ï¿½ï¿½,1.0
hoyle card games ( jewel case ),encore software,9.99,PEACE by sage software,sage software,$549,1.0
tlc dr. seuss reading learning system 2008,encore,19.99,price,knowledge adventure,,1.0
family tree maker version 16 collectors edition,encore software,,pc t,nova programming,$14.99 col title,1.0
peachtree by sage premium accounting 2007,sage software,499.99,comput,absolute software,49.95,1.0
fisher-price rescue heroes : lava landslide,knowledge adventure,,main book title,themes and illustrations,19.99,1.0
pc tutor learn windows vista & office 2007,nova development,29.99,learn to play chess with fritz & chesster 2 ( mac ),viva media,Â£2989 Ã‚,1.0
computrace lojack for laptops 1 year license ( mac ),absolute software,49.95,soundtrack 1.3,apple,199.99 ï¿½ï¿½,1.0
world book encyclopedia 2006,topics entertainment,19.99,punch!,punch ! software,39.99,1.0
learn to play chess with fritz & chesster 2 ( mac ),viva media,29.99,,tri synergis,$,1.0
soundtrack 1.2,apple,199.99,the print shop pro publisher 18,encore,99.99 ï¿½ï¿½,1.0
punch ! professional home design suite,punch ! software,69.99,internet cleanup 4.0 mac os 10.4 or higher,smith-micro-software,29.99 ONSORED,1.0
cute ftp,tri synergy,39.99,weekly reader mastering elementary/middle school math learning,fogware publishing,19.99 ä¸€èˆ¹ title æœ¨å¹¸èª,1.0
the print shop pro publisher 22 deluxe [ dvd ],encore,99.99,stubbs the zombie in rebel without a pulse ( dvd ) ( mac ),aspyr media,9.99 ï¿½ ï¿½ ï¿½  ,1.0
internet cleanup 4.0 mac os 10.4 or higher,smith-micro-software,29.99, by, 1, ,1.0
weekly reader mastering elementary/middle school math learning,fogware publishing,19.99,,350.0 ï¿½ï¿½,emedia,1.0
stubbs the zombie in rebel without a pulse ( dvd ) ( mac ),aspyr media,9.99,chrisleviller ( software ),navarre ( software ),9.95 ï¿½ï¿½ title,1.0
 ,aspyr media,9.99 ï¿½ ï¿½ ï¿½  ,clifford the big red dog watching adventures,sch,9.99 ï¿½ï¿½,1.0
 , T.S. Eliot ( 1871 ),9.99 ï¿½ ï¿½ ï¿½  ,logic express 6,apple,399.99,1.0
 , T.S. Eliot ( 1871 ), ,parque de salvo  peachtree by sage pro,sage software,199.99 ï¿½ï¿½,1.0
 by, T.S. Eliot ( 1871 ), ,cosmiTalking math & more for kids ( windows ),ï¿½coltitle,dmc_buy-sell,1.0
emedia,350.0,make music finale 2008 academic,adobe SPORTS,adobe SPORTS,$399.95,1.0
vault360 combo,navarre ( software ),29.95,computrace lojack for laptops 1 year licensing ( mac,absolute software,49.95 Ş,1.0
clifford the big red dog thinking adventures,scholastic,9.99,roosting ä»¤ä»£ç™ºèª€ 3 digital audio software,roosting,5500,1.0
logic express 6,apple,299.99,apple remote desktop 1.1 download ( new version ),x86_64,29.99 ï¿½ï¿½,1.0
peachtree by sage pro accounting 2007,sage software,169.99,"""NOS"" SKY",viva press,19.99,1.0
cosmi talking math & more for kids ( windows ),cosmi,,adobe photoshop cs3 extended [ mac ],adobe,999.1 ONSORED,1.0
adobe premiere pro 2.0,adobe,849.0,final season allegro 2006,theme,200.95,1.0
computrace lojack for laptops 1 year license ( mac ),absolute software,49.95,numis,efrontier,99.99 ï¿½ï¿½,1.0
steinberg nuendo 3 digital audio software,steinberg,2499.0,title,sony media,99.98 ä¸€å¤¢é‡‘ã«å‘ç”Ÿã‚‚ãŠé€‰ãç‰ˆ,1.0
apple remote desktop 2.2 10 client ( old version ),apple,299.0,stomp inc recover lost data 2006,stomp inc,$45.99,1.0
riding academy : jump & ride,viva media,19.99,cyberchase adventures : carnival chaos and casablanca quest,brighter-minds-media-inc .,39.99 ï¿½ï¿½,1.0
adobe photoshop cs3 extended [ mac ],adobe,999.0,mavis beacon teaches typing deluxe AND,broderbund,39.99 ã‚¤ãƒˆ,1.0
finale allegro 2007,finale,199.95,punch ! online,Punch ! software,64.99,1.0
poser figure artist,efrontier,99.99,pc tutor discover windows vista and office2007,nova,29.99,1.0
sony vegas movie studio + dvd 8 platinum edition,sony media,129.95,pepsi movies,sony media,129.95 ã„‘ã„… col_color,1.0
stomp inc recover lost data 2005,stomp inc,39.95,classic PC,subject,.99,1.0
cyberchase adventures : carnival chaos and casablanca quest,brighter-minds-media-inc .,19.99,encore,encore,9.99,1.0
mavis beacon teaches typing deluxe 16,broderbund,39.99,power on now up to date & contact windows,power-on-software,129.99 BuyableInstoreAndOnline,1.0
punch ! professional home design suite,punch ! software,69.99,vizlive CS3 web premium [ mac ],adobe,1699.0 ä»£å‰å¤åˆå‰ç”¨ title,1.0
pc tutor learn windows vista & office 2007,nova development,29.99,cosmi talking math & more for kids ( wii ),,ï¿½ï¿½,1.0
sony vegas movie studio + dvd 8 platinum edition,sony media,129.95,make music finale 2008 academic,emedia,350.0 c.b.col title,1.0
world book encyclopedia 2006,topics entertainment,19.99,emedia blues guitar legends,emedia,29.94 ï¿½ï¿½äºå®™ title,1.0
monopoly tycoon,encore,9.99,instant landscaping 3.0 [ lb ],topics entertainment,19.99,1.0
power on now up to date & contact windows,power-on-software,129.99,make music,emedia,900.00 ................................,1.0
adobe creative suite cs3 web premium [ mac ],adobe,1599.0,the sims 3 : open for business expansion pack,aspyr media,36.99 ï¿½ï¿½ aspen,1.0
cosmi talking math & more for kids ( windows ),cosmi,,global software smart steps 1st grade linux macintosh ),global software,,1.0
make music finale 2008 academic,emedia,350.0,professor fujis sudoku deluxe by encore,encore software,19.99 ä¸ç¶“å¡æ—¥ä¹…äº›éªŒäº‘,1.0
emedia blues guitar legends,emedia,29.94,adobe 3.0,adobe,869.0 ï¿½,1.0
instant landscaping 3.0 [ lb ],topics entertainment,19.99,,global-marketing-partners,129.0 izationalCurtis,1.0
make music finale 2008 academic,emedia,350.0,iris readiris pro 11.0 ( mac ),l.s.col,29.99 Ş‡ Ş‡,1.0
the sims 2 : open for business expansion pack,aspyr media,34.99,indie gaming,microsoft,149.99 Ş˜,1.0
global software smart steps 1st grade windows macintosh ),global software,,cisco security server agent for windows and solaris license 100 agents win solaris csa-b100-srvr-,cisco-systems-enterprise,,1.0
professor fujis sudoku deluxe by encore,encore software,19.99,adobe after effects cs3,adobe,1.29 ğ Šï¿½,1.0
adobe premiere pro 2.0,adobe,849.0,tlc zoombinis 3rd grade lrng sys 2007 sb cs by sbconnet,,,1.0
drive genius by prosoft engineering inc,global-marketing-partners,129.0,procurve mobility manager 1.0 is a plug-in module for procurve manager plus 2.0,hewlett packard,,1.0
iris readiris pro 11.0 ( mac ),i.r.i.s.,129.95,ipswitch inc ws ftp pro 9 sdk w / ws ftp pro wd-1001-0900 ),ipswitch inc,39.9,1.0
microsoft office student and teacher edition 2004 macintosh,microsoft,149.99,family tree maker version 16 collectors edition,encore software,,1.0
cisco security server agent for windows and solaris license 100 agents win solaris csa-b100-srvr-k9 ),cisco-systems-enterprise,,ENGINE BY SEGA,worldwide-marketing-partners,128.0 ï¿½ï¿½ credits title,1.0
adobe after effects cs3,adobe,999.0,inc.,indibell,1699.0 ä¸åœ¨äººæ–°,1.0
tlc zoombinis 3rd grade lrng sys 2007 sb cs by riverdeep 10548 ),encore-software-inc,,world book encyclopedia (with price tag title ),countries,1,1.0
procurve mobility manager 1.0 is a plug-in module for procurve manager plus 2.0,hewlett packard,,intuit,intuit,37.95 ï¿½ï¿½,1.0
ipswitch inc ws ftp pro 9 sdk w / ws ftp pro wd-1000-0900 ),ipswitch inc,395.0,simple movie maker,retailers,19.99 cola color WHITE,1.0
family tree maker version 16 collectors edition,encore software,,lapstand pro 6.0 or higher,enfocus software,199.0 ä¸€äººéƒ¨é›„,1.0
drive genius by prosoft engineering inc,global-marketing-partners,129.0,child-care,the-learning-company,,1.0
adobe creative suite cs3 production premium,adobe,1699.0,middle school advantage 2010,encore,39.99,1.0
world book encyclopedia 2006,topics entertainment,19.99,google explorer with linux version,webroot software,49.95 ä¸€å®›ç¬‹ brand,1.0
learning quickbooks 2007,intuit,39.95,apple,apple,99.0,1.0
simple movie maker,topics entertainment,19.99,typing instructor deluxe ( jewel case ),individual software,8.99 ğ ‚,1.0
pitstop pro 7.0 upgr 6.x or higher,enfocus software,199.0,punch 5 in 1 home custom,punch,$4.74,1.0
reader rabbit preschool,the-learning-company,29.99,apple garageband jam pack : remix tools,apple,99.0 ï¿½ï¿½,1.0
middle school advantage 2008,encore,39.99,sound forge audio studio 2,sony media,69.59 ,1.0
webroot spy sweeper with antivirus family edition 3 pcs,webroot software,49.95," Â Â Â  Â The first game in the game catalog title , a game", 1,69.59 ,1.0
apple garageband jam pack : rhythm section,apple,99.0,punch ! plug-in,39.99,$7.,1.0
typing instructor deluxe ( jewel case ),individual software,9.99,checkmark product,checkmark software,399.0 TextColor,1.0
punch 5 in 1 home design,punch ! software,39.99,print blast deluxe 3.0 ( mac ),nova development,49.99 ä¸è¦“å‰£ title,1.0
apple garageband jam pack : remix tools,apple,99.0,,apple,90.0 ï¿½ï¿½,1.0
sound forge audio studio 9,sony media,69.59,e-mu emc988 em8669 symphonic,e-mu,399.99,1.0
" Â Â Â  Â The first game in the game catalog title , a game",sony media,69.59 ,,,6 ï¿½,1.0
punch ! software,39.99,punch 5 in 1 home design,computerace lojack for laptops 1 year license ( mac ),absolute software,49.95 ï¿½ï¿½å£«ã‚ªãƒˆãƒ“ã‚°å¹´å¹´å¹´ã‚’æƒ…ã†ã¿,1.0
checkmark multiledger,checkmark software,399.0,sudoku puzzle addict : free edition,global-software-publ-na,à¼‚ cola PRODO,1.0
print explosion deluxe 3.0 ( mac ),nova development,49.99,handmark oxford american desk dictionary and thesaurus,handmark oxford american desk dictionary and thesaurus,ï¿½,1.0
apple garageband jam pack : rhythm section,apple,99.0,simple slide show,topics entertainment,$1.99,1.0
e-mu em8669 modern symphonic orchestra,e-mu,499.99,x3 : reunion virtual programming ltd.,csdc,39.95 iomix .,1.0
miraizon cinematize 2 ( mac ),miraizon,69.99,pro photo essentials plug in suite & iview mediapro 3,onone software,965.95 ï¿½ï¿½,1.0
computrace lojack for laptops 1 year license ( mac ),absolute software,49.95,hoyle solitaire ( jewel case ),encore,$9.99 ï¿½,1.0
sudoku puzzle addict : unlimited edition,global-software-publ-na,,photo explosion 3.0,nova development,29.99 ï¿½ï¿½,1.0
handmark oxford american desk dictionary and thesaurus,handmark inc. .,,x-oom internet movies 2,x-oom,ä¸€ ä¸‰ ä¸€ ä»»çµ¶å¹³ï¿½,1.0
simple slide show,topics entertainment,19.99,tlc dr. seuss reading learning system 2010,encore,15.99 ä¹…å›½èª title è’å®¢ã®ä¸ªé”,1.0
x3 : reunion virtual programming ltd.,csdc,39.95,the computer TITLE,titles,19.99 comMENTS ************,1.0
pro photo essentials plug in suite & iview mediapro 3,onone software,499.95,live bingo,imagination-international-corp,ï¿½äº¬èª title,1.0
hoyle solitaire ( jewel case ),encore,9.99,title,finale,199.,1.0
photo explosion 3.0,nova development,29.99,adobe creative suite cs3 design standard upsell [ mac ],adobe,439.99,1.0
x-oom internet movies 2,x-oom,,checkmarkmultiledger,checkmark software,$149.99 ï¿½ï¿½ title,1.0
tlc dr. seuss reading learning system 2008,encore,19.99,logic express 8,apple,299.99 ï¿½,1.0
the human body,topics entertainment,19.99,professor fujis sudoku deluxe by encore,encore software,$10.99,1.0
live bingo,imagination-international-corp,,immersion italian 2.0,Topics and sales,29.99,1.0
finale allegro 2007,finale,199.95,web graphics creator,sos-aggregation-company,69.99 ï¿½ï¿½,1.0
adobe creative suite cs3 design standard upsell [ mac ],adobe,899.0,onone software,onone software,,1.0
checkmark multiledger,checkmark software,399.0,personal logo,smith-micro-software,29.99 ï¿½ï¿½,1.0
logic express 6,apple,299.99,peachtree by sage pro trading data,sage software,249.99 luster5,1.0
professor fujis sudoku deluxe by encore,encore software,19.99,onone software,ï¿½,ï¿½,1.0
instant immersion italian 2.0,topics entertainment,29.99,mcsa/mcse self-paced training kit ( exams 70-292 & 70-296 ) upgrading your certi,microsoft,"70.0 GENITRE ""COMPACT",1.0
web graphics creator,sos-aggregation-company,39.95,marvell,jeeps,299.0 ï¿½ï¿½ .,1.0
onone software intellihance pro 4.1,onone software,,var window washer,navarre ( software ),29.95,1.0
personal image manager,smith-micro-software,29.99,adobe premier pro cs3,adobe,$499.99 Â Â Â Â Â Â Â Â Â Â Â Â Â Â Â Â Â Â  (,1.0
peachtree by sage pro accounting 2007,sage software,169.99,ilove,encore,100.00 ï¿½ï¿½ title,1.0
onone software intellihance pro 4.1,onone software,,media studio for psp standard editon,encore software,14.99 ï¿½ï¿½å£«ã«ã‚¾ã‚ªãƒ‹ã‚¢ã‚¯ãƒˆãƒ‘ãƒ¼ãƒ„ã‹ã‚‰ã¹,1.0
mcsa/mcse self-paced training kit ( exams 70-292 & 70-296 ) upgrading your certi,microsoft,70.0,adobe pagemaker v7 .0.2 cd mac-upg 17530402 ),adobe,14.95 ï¿½,1.0
gorilla 4 standard,jungle software,299.0,instant immersion language lab deluxe edition,topics education,ï¿½ï¿½,1.0
window washer,navarre ( software ),29.95,comix,sos-aggregation-company,486.89 ï¿½,1.0
adobe premiere pro cs3,adobe,799.0,iris readiris pro n/a ( iro ),i.r.i.s .,129.95 ï¿½ï¿½,1.0
the print shop pro publisher 22 deluxe [ dvd ],encore,99.99,adobe premier game,adobe,799.0 ã€CONTENT LINKã€‘,1.0
media studio for psp standard editon,encore software,29.99,peachtree by sage com,sage software,17.99,1.0
adobe pagemaker v7 .0.2 cd mac-upg 17530402 ),adobe,138.45,,,28.89 ï¿½ï¿½,1.0
instant immersion language lab deluxe edition,topics entertainment,,june,psv-buy,$19.99,1.0
web graphics creator,sos-aggregation-company,39.95,adobe after effects professional 8.0,adobe,"1,299.99 ï¿½ï¿½",1.0
iris readiris pro 11.0 ( mac ),i.r.i.s.,129.95,clifford the big red dog thinking adventures,scholastic,11.99 ?????-,1.0
adobe premiere pro cs3,adobe,799.0,elementary school advantage 07,encore software,25.99 ï¿½ï¿½,1.0
peachtree by sage pro accounting 2007,sage software,169.99,watercolour watercolour_green,watercolour,ï¿½,1.0
vault360 combo,navarre ( software ),29.95,network now ! pro by encore,encore software,39.99 ?????-?????-?????-?????-$ ?????-?????-?????-?????-$,1.0
freestyle street basketball,sierra online,19.99, Microsoft Windows 10 is now the first, 1,39.99 ?????-?????-?????-?????-$ ?????-?????-?????-?????-$,1.0
adobe after effects professional 7.0,adobe,999.0,no,499.99 ï¿½ï¿½ title,print explosion deluxe 3.0 ( mac ),1.0
clifford the big red dog thinking adventures,scholastic,9.99,dk exotic animals africa cola,international-software-,9.99,1.0
elementary school advantage 2007,encore software,29.99,quicken 0.5,intuit,14.95 ï¿½ï¿½,1.0
riverdeep spongebob squarepants typing fun,riverdeep,,,e-mu,199.99 BILLING,1.0
network now ! pro by encore,encore software,39.99,nike lite,efrontier,99.99 itle,1.0
 Microsoft Windows 10 is now the first,encore software,39.99 ?????-?????-?????-?????-$ ?????-?????-?????-?????-$,chicken hunter : license to grill the great poultry race,encore,9.99 ï¿½ï¿½æ©Ÿæ¢¦ç‰ˆ author PUBLIC NEIGHBORHOOD CLUB,1.0
nova development,49.99,print explosion deluxe 3.0 ( mac ),cyberchase adventures : carnival,brighter-minds-media-inc .,19.99 ï¿½ï¿½,1.0
dk exotic animals africa,global-software-publishing,9.99,webexpress,ingram micro,69.99,1.0
quicken 2007 premier,intuit,79.95,adobe after effects cs3,adobe,999.0 ï¿½ï¿½æ© æ¥½èªç‰ˆ ä¸­æ–‡ç‰ˆ ver,1.0
e-mu em8669 modern symphonic orchestra,e-mu,499.99,game,marvel,49.99 ï¿½ï¿½,1.0
poser figure artist,efrontier,99.99,adobe after effects professional 7.0,adobe,499.0 ä¸€èª title,1.0
chicken hunter : license to grill the great poultry race,encore,9.99,apple,encore,apple,1.0
cyberchase adventures : carnival chaos and casablanca quest,brighter-minds-media-inc .,19.99,simulCANXÂ® TITLE,intuit,79.95 ï¿½ï¿½.,1.0
webexpress,ingram micro,69.99,"""complement",punch ! software,?? ä¸é•å£«,1.0
adobe after effects cs3,adobe,999.0,photo explosion 3.0,nova development,29.99 ï¿½ï¿½,1.0
comic book library,marvel,49.99,learning quickbooks 2006,int,$12.99,1.0
adobe after effects professional 7.0,adobe,999.0,,adobe,899.0 ğ© ï¿½å‡º title,1.0
chicken hunter : license to grill the great poultry race,encore,9.99,emedia print music,makemusic !,89.99 ï¿½ï¿½,1.0
quicken 2007 premier,intuit,79.95,microsoft licenses win svr 2003 exynos col col1 colsoft marl,microsoft licenses,29.99,1.0
punch ! professional home design suite,punch ! software,69.99,handmark oxford american desk dictionary AND lexicon,handmark inc. .,,1.0
photo explosion 3.0,nova development,29.99,handmark oxford american,handmark inc. .,,1.0
learning quickbooks 2007,intuit,39.95,emedia blues guitar legends,emedia,90.95,1.0
adobe premiere pro cs3,adobe,799.0,utterly snot-nose-,bright-minds-media-col .,8.99 ONSORED,1.0
emedia print music 2006 win/mac,makemusic !,69.99,game,microsoft licenses,100.00 ä¸€æ™‚ä»£ title ã€Œ GAME MARKET,1.0
microsoft licenses win svr 2003 ext conn lic ( r3900292 ),microsoft licenses,3371.85,software quality 2007 3 pcs,internet-security-partners,78.89 ï¿½ï¿½,1.0
handmark oxford american desk dictionary and thesaurus,handmark inc. .,,soundtrack,sony media,69.59,1.0
handmark oxford american desk dictionary and thesaurus,handmark inc. .,,peachtree by sage pro accounting 2013,sage software,171.99 ï¿½ï¿½,1.0
emedia blues guitar legends,emedia,29.94,instant immersion spanish ( e-,topics entertainment,ï¿½ï¿½,1.0
totally spies : zombie jamboree ( win/mac ),brighter-minds-media-inc .,9.95,tlc dr. jasper sales system 2012,encore,19.99 ................,1.0
microsoft licenses project svr sa govt ( h2200301 ),microsoft licenses,3601.4,photo explosion 3.0,nova development,30.99,1.0
f-secure internet security 2007 3 pcs,global-marketing-partners,79.99,jockey-ca,encores,$12.99 ä»£ç®¡æ–½ï¿½,1.0
sound forge audio studio 9,sony media,69.59,handmark oxford american tbd dictionary and thesaurus,,ï¿½,1.0
peachtree by sage pro accounting 2007,sage software,169.99,math successful deluxe 1997,topics music,$6.95 plus VAT,1.0
instant immersion spanish ( audio book ),topics entertainment,,the printshop 20 professional publisher,broderbund,69.99 ğ¦— åœ¿æ–¹ä¾¿ title,1.0
tlc dr. seuss reading learning system 2008,encore,19.99,adobe after effects,adobe,999.00 ã€,1.0
photo explosion 3.0,nova development,29.99,adobe premier,adobe,99.99 ï¿½ï¿½,1.0
hoyle kids ' games jc,encore,9.99,finale illustrea 2008,finale,199.95 VIDIA,1.0
handmark oxford american desk dictionary and thesaurus,handmark inc. .,,punch !,punch $19.99,5.59 or less with no coupon SEARCH,1.0
math success deluxe 2007,topics entertainment,39.99,automatic japanese 2.0,subjects,19.99 ï¿½ï¿½,1.0
the printshop 20 professional publisher,broderbund,69.99,emedia essential bass guitar,emedia,19.95 ï¿½,1.0
adobe after effects cs3,adobe,999.0,microsoft licenses project svr sa govt ( h2200301 ),microsoft licenses,3601.4,1.0
adobe premiere elements 3.0 [ lb ],adobe,99.99,cosmi talking math & more for kids ( windows ),cosmi,,1.0
finale allegro 2007,finale,199.95,adobe Premiere elements 3.0 [ lb ],adobe,99.99 ï¿½ adobe,1.0
punch 5 in 1 home design,punch ! software,39.99,barbell,,31.50 ONSORED,1.0
instant immersion japanese 2.0,topics entertainment,19.99,emedia guitar basics,emedia music,,1.0
emedia essential bass guitar,emedia,19.95,neuratron photoscore professional 8,tp .,10.99 ï¿½ï¿½,1.0
microsoft licenses project svr sa govt ( h2200301 ),microsoft licenses,3601.4,marine aquarium 2.0 ( mac ),encore,19.99 ï¿½ï¿½æ¥µ,1.0
cosmi talking math & more for kids ( windows ),cosmi,,learning quickbooks 2007,short,,1.0
adobe premiere elements 3.0 [ lb ],adobe,99.99,power translator 11 premium,language-engineering-co-llc,79.99 ï¿½ï¿½,1.0
emedia essential bass guitar,emedia,19.95,your desktop post office for pc,stamps.com,14.99,1.0
emedia guitar basics,emedia music,,hallmark card studio 2006,sierra home,18.99,1.0
neuratron photoscore professional 4,sibelius-software-ltd .,199.99,short,individual software,39.99 ï¿½Val quickverse bible premier suite,1.0
marine aquarium 2.0 ( mac ),encore,19.99,val,colab,9.99,1.0
learning quickbooks 2007,intuit,39.95,hoyle solitaire ( jewel case ),encore,$29.99 .................................,1.0
power translator 11 premium,language-engineering-co-llc,79.99,cute ftp,dota,,1.0
your desktop post office for pc,stamps.com,14.99,Microsoft word 2003 upgrade ( mac ),microsoft,89.99 ã‚¤ãƒˆãƒ‡ãƒ‘ãƒ¯ãƒ¼ãƒ ãƒã‚·ãƒ¥ ã‚¤ãƒˆãƒ‡ãƒ‘ãƒ¯ãƒ¼,1.0
hallmark card studio 2006,sierra home,29.99,soundtrack 2.25,,299.99 ï¿½Col manufacturer,1.0
quickverse bible premier suite,individual software,39.99,id Software,adobe,1699.0 ONSORED,1.0
personal image manager,smith-micro-software,29.99,h & r block taxcut 2005 premium federal,y & r block,19.99,1.0
hoyle solitaire ( jewel case ),encore,9.99,ipswitch inc ws ftp pro 7 wds mr 4,ipswitch inc,395.0,1.0
cute ftp,tri synergy,39.99,iremember digital scrapbooking 1.0,intriguing developing,41.99 ï¿½ï¿½,1.0
microsoft word 2004 upgrade ( mac ),microsoft,109.99,x-oom internet movies,x-oom,,1.0
soundtrack 1.2,apple,199.99,product,punch ! software,69.99 ?????-?????-?????-?????-?????-?????-?????-?????-?????-?????-?????-?????-??,1.0
adobe creative suite cs3 production premium,adobe,1699.0,tlc,utc col col,19.99 ï¿½ï¿½,1.0
h & r block taxcut 2006 premium federal,h & r block,19.99,logic express 6,apple,39.99,1.0
ipswitch inc ws ftp pro 9 sdk w / ws ftp pro wd-1000-0900 ),ipswitch inc,395.0,quickbooks customer manager 2.5,intuit,78.90 ï¿½ï¿½col color #CCCCD9 price,1.0
iremember digital scrapbooking 2.0,intriguing development,39.95,saa internet security suite 2007 3 user,,$99.99,1.0
x-oom internet movies 2,x-oom,,computrace trombone for phones 1 year license,absolute software,89.95,1.0
punch ! professional home design suite,punch ! software,69.99,scooby dot green fleecing spade,encore software,9.99 ä»£,1.0
tlc dr. seuss reading learning system 2008,encore,19.99,upper î€,encore,39.99 ï¿½ï¿½æ›å‘½ & Case,1.0
logic express 6,apple,299.99,mavis ruby-pink,broderbund,39.99 ä¸æ˜,1.0
quickbooks customer manager 2.5,intuit,79.95,cisco security agent for windows and solaris license 100 agents win solaris csa-b100-srvr-,cisco-systems-enterprise,label text,1.0
ca internet security suite 2007 3 user,computer associates,69.95,apple ilife '05 ( cdrom ) [ current version ],apple computer,$49.99,1.0
computrace lojack for laptops 1 year license ( mac ),absolute software,49.95,your desktop post office for pc,stamps.,14.99,1.0
scooby doo glowing bug man ( jewel case ),encore software,9.99,instant immersion japanese 2.0,topics entertainment,16.99 cussell,1.0
middle school advantage 2008,encore,39.99,cook 'n vegetarian,dvo enterprises,19.99 ï¿½,1.0
mavis beacon teaches typing deluxe 16,broderbund,39.99,iris readiris pro 1.0 ( mac ),ibm,0.4 ________________________________________________________________________,1.0
cisco security server agent for windows and solaris license 100 agents win solaris csa-b100-srvr-k9 ),cisco-systems-enterprise,, Col title, 1,0.4 ________________________________________________________________________,1.0
apple ilife '06 ( mac dvd ) [ older version ],apple computer,79.0,intuit,89.99 ï¿½ï¿½,quicken 2007 premier,1.0
your desktop post office for pc,stamps.com,14.99,guilds nightfall,ncsoft,91.99,1.0
instant immersion japanese 2.0,topics entertainment,19.99,,computer-readable title,20.99 ï¿½ï¿½,1.0
cook 'n vegetarian,dvo enterprises,19.99,adobe cs,adobe,690.0 ï¿½,1.0
iris readiris pro 11.0 ( mac ),i.r.i.s.,129.95,adobe after effects professional 5.0,,1000.0 ï¿½ï¿½,1.0
 Col title,ibm,0.4 ________________________________________________________________________,price OF high school education,encore software,29.99,1.0
intuit,79.95,quicken 2007 premier,safekeeper plus,bling software,,1.0
guild wars nightfall,ncsoft,49.99,quickverse bible premier suite,individual software,38.99 ï¿½ï¿½,1.0
cyberchase adventures : carnival chaos and casablanca quest,brighter-minds-media-inc .,19.99,completely spies : zombie jamboree ( linux ),cooler-col title,10 .95  IBM STRIX col label,1.0
adobe cs3 design premium macosx dvd,adobe,599.0,cisco security server agent for windows and,cisco-systems-enterprise,,1.0
adobe after effects professional 7.0,adobe,999.0,drive japanione,global-marketing-partners,99.0 ï¿½,1.0
elementary school advantage 2007,encore software,29.99,sony vegas movie studio + dvd september2016,sony media,49.95 sony,1.0
safekeeper plus,bling software,,nova,nova development,ï¿½ï¿½,1.0
quickverse bible premier suite,individual software,39.99,$59.79,cscs,12.99 cbtn col name,1.0
totally spies : zombie jamboree ( win/mac ),brighter-minds-media-inc .,9.95,learning quickbooks 2007,intuit,38.,1.0
cisco security server agent for windows and solaris license 100 agents win solaris csa-b100-srvr-k9 ),cisco-systems-enterprise,,intervideo TIT,intervideo,49.99 ï¿½ NUMBER numcol,1.0
drive genius by prosoft engineering inc,global-marketing-partners,129.0,symantec pcanywhere 12.0 host only,symantec,174.95 ï¿½ï¿½,1.0
sony vegas movie studio + dvd 8 platinum edition,sony media,129.95,hallmark blank greeting cards half-fold matte premium 20 count,nova development,12.99 ä¹— title,1.0
winway resume deluxe 11.0 network 10,nova development,,decore software,encore software,49.95 ã‚¤ãƒˆãƒ¬ãƒ¼ãƒ«ä¸€è¨éš,1.0
more brain games,csdc,9.99,super fall,sims,19.99 ï¿½ï¿½,1.0
learning quickbooks 2007,intuit,39.95,emedia essential bass guitar,emedia,19.95 BILLBILL title,1.0
intervideo windvd 8 gold,intervideo,49.99,family tree maker version 15 collectors edition,encore software,Ş‚8,1.0
symantec pcanywhere 12.0 host only,symantec,169.65,instant immersion spanish deluxe 2.0,topics entertainment,49,1.0
hallmark blank greeting cards half-fold matte premium 20 count,nova development,12.99,adobe code SVC,adobe,99.0 ï¿½,1.0
mavis beacon typing 17 deluxe by broderbund,encore software,39.99,bazby breakin her-combinator,digital review,$0.99 ibaba,1.0
super collapse 3,mumbo jumbo,19.99,microsimmlab1 word 2004 upgrade ( mac ),microsoft,19.99 ï¿½ï¿½ title MARCO,1.0
emedia essential bass guitar,emedia,19.95,(or equivalent)*â€ ,label,(or equivalent),1.0
family tree maker version 16 collectors edition,encore software,,reading aids,intuit,39.95 ?????-?????-?????-?????-ï¿½ï¿½(,1.0
instant immersion spanish deluxe 2.0,topics entertainment,49.99,CLOCK,price,$50,1.0
adobe creative suite cs3 web premium upgrade [ mac ],adobe,499.0,winway resume deluxe 3.0 network 3,nova development,ï¿½ï¿½,1.0
buzby breakin ' all the rules hermie and friends,digital praise,19.99,singleclick network now ! pro,encore software,39.99 ä¸ç”» title,1.0
microsoft word 2004 upgrade ( mac ),microsoft,109.99,monopoly here & now,decore,19.95 ï¿½ï¿½,1.0
form workshop 1200,valusoft,29.99,drive genius by prosoft engineering inc,global-marketing-partners,149.0 ï¿½ï¿½æ› ç”» ï¿½ï¿½æ› ç”»  $14.95,1.0
learning quickbooks 2007,intuit,39.95,,punch,89.99 ï¿½ï¿½,1.0
learning quickbooks 2007,intuit,39.95,drive genius by prosoft engineering inc,software,129.0 ï¿½ï¿½,1.0
winway resume deluxe 11.0 network 10,nova development,,live bingo,imagination-international-corp,,1.0
singleclick network now ! pro,encore software,39.99,monopoly here & now,encore,6.99 ï¿½ï¿½-,1.0
monopoly here & now,encore,19.95,sound forge audio studio 9,name,59.99 äº•æœ¬èª,1.0
drive genius by prosoft engineering inc,global-marketing-partners,129.0,microsoft licenses project svr sa govt ( h22500301 ),microsoft licenses,9999.49 ï¿½ï¿½,1.0
punch ! master landscape & home design,punch ! software,59.99,livery,emblems,99.99,1.0
drive genius by prosoft engineering inc,global-marketing-partners,129.0,adobe Creative suite cs3 master collection upgrade,adobe,1399.0 ....................................,1.0
live bingo,imagination-international-corp,,apple computer,apple,$60 ,1.0
monopoly here & now,encore,19.95, Â  col date, 1,$60 ,1.0
sound forge audio studio 9,sony media,69.59,kutoka,21.99 ï¿½ï¿½,didi vs kutoka,1.0
microsoft licenses project svr sa govt ( h2200301 ),microsoft licenses,3601.4,apple retro,apple,99.0 ä¸ç”¢ title,1.0
poser figure artist,efrontier,99.99,digital video and audio production book for vegas 7 + dvd,sony-pictures-digital-entertainment,49.35,1.0
adobe creative suite cs3 master collection upgrade [ mac ],adobe,1399.0,computerace lojack for laptops 1 year license ( mac ),relative software,29.95 ï¿½,1.0
apple ilife '06 ( mac dvd ) [ older version ],apple computer,79.0,liv,ncsoft,49.99 ï¿½,1.0
 Â  col date,apple,$60 ,travelogue 360 : tricolOR,aspyr media,29.99 ï¿½ï¿½ title,1.0
kutoka,19.99,didi & ditto : kindergarten win/mac,computrace lojack for laptops 1 year,absolute software,49.95,1.0
apple garageband jam pack : rhythm section,apple,99.0,medium school title,topics education,90.99 ä¸€é¬¼åœ‹æ°æç·¨,1.0
digital video and audio production book for vegas 7 + dvd,sony-pictures-digital-entertainment,49.35,the human body,topics TV,.99 ãƒˆãƒ¼ãƒ‘ãƒ¼äºŒ ã‚¢ã‚¤ãƒ†ãƒ¼ãƒŠ,1.0
computrace lojack for laptops 1 year license ( mac ),absolute software,49.95,learning quickbooks,intuit,39.95,1.0
guild wars nightfall,ncsoft,49.99,ca internet security suite 2007 3 user,computer associates,69.95 ibrary,1.0
travelogue 360 : paris,aspyr media,29.99,microsoft visio standard 2009,microsoft,259.95 ä¸å‚æ·±æ—¥æœ¬ç‰ˆå¹´1ï¿½,1.0
computrace lojack for laptops 1 year license ( mac ),absolute software,49.95,monopoly here & now,encore,19.95 ï¿½ï¿½æåˆ©äº‹æ—ç‰ˆ title,1.0
middle school success deluxe 2008,topics entertainment,49.99,watchguard server ( 100 servers ),watchguard-technologies-inc,14999.0 ï¿½ï¿½,1.0
the human body,topics entertainment,19.99,multipleclick network now ! pro,encore software,39.99 ï¿½ï¿½col title,1.0
learning quickbooks 2007,intuit,39.95,adobe creative suite cs3 design standard upsell [ mac ],adobe,899.0 ItemThumbnailImage,1.0
ca internet security suite 2007 3 user,computer associates,69.95,dk exotic animals africa,global-software-publishing,9.99 ä¹‹3 title,1.0
microsoft visio standard 2007,microsoft,259.95,emedia blues guitar legends,emedia,29.94,1.0
monopoly here & now,encore,19.95,power-on-windows,power-on-software,129.99 ï¿½ï¿½,1.0
watchguard serverlock manager ( 100 servers ),watchguard-technologies-inc,14995.0,guild wars NIGHTfall,ncsoft,49.99,1.0
singleclick network now ! pro,encore software,39.99,flash action phonics,school zone,50.00,1.0
adobe creative suite cs3 design standard upsell [ mac ],adobe,899.0,adobe creative suite cs3 web standard upgrade [ mac ],adobe,399.0 ï¿½ï¿½,1.0
dk exotic animals africa,global-software-publishing,9.99,sibelius 4 educational edition,sibelius-software,349.0 ï¿½ï¿½,1.0
emedia blues guitar legends,emedia,29.94,ringtone media studio 3,laplink,19.95 ï¿½ï¿½,1.0
power on now up to date & contact windows,power-on-software,129.99,ringtone media studio 6,laplink,19.95 ï¿½ï¿½,1.0
guild wars nightfall,ncsoft,49.99,language,school zone,14.99 ï¿½ï¿½æ©Ÿé¾å¥‘å£« Inc.,1.0
flash action phonics made easy,school zone,14.99,tlc zoombinis 3rd grade lrng sys 2007 sb cs by riverdeep 10548 ),encore-software-inc,ï¿½,1.0
adobe creative suite cs3 web standard upgrade [ mac ],adobe,399.0,microsoft visio standard 2007,microsoft,250 ï¿½ï¿½ price,1.0
sibelius 4 educational edition,sibelius-software-ltd .,329.0,chicken hunter : license to grill the great poultry race,encore,9.99 ,1.0
ringtone media studio 2,laplink,19.95, Â  COOKBOOK, 1,9.99 ,1.0
ringtone media studio 2,laplink,19.95,themes entertainment,19.,simple movie maker,1.0
flash action phonics made easy,school zone,14.99,1pk internet sec ste 2007 os verIZa,ca oem,Ş¸Ş¾Ş¸Ş·Ş°Ş¸ï¿½,1.0
tlc zoombinis 3rd grade lrng sys 2007 sb cs by riverdeep 10548 ),encore-software-inc,,network now ! com,encore software,3.99 ï¿½ï¿½,1.0
microsoft visio standard 2007,microsoft,259.95,elementary school advantage 2010,encore software,32.99 ï¿½,1.0
chicken hunter : license to grill the great poultry race,encore,9.99,pc friday,encore software,9.99,1.0
 Â  COOKBOOK,encore,9.99 ,the print shop pro publisher 23 deluxe [ dvd ],encore,the print shop PRO publisher,1.0
topics entertainment,19.99,simple movie maker,avia,extensis corporation,,1.0
1pk internet sec ste 2007 oem,ca oem,,adobe,adobe,699.8 ä¹‹,1.0
network now ! pro by encore,encore software,39.99,adobe creative suite cs3 master collection upgrade [ mac ],adobe,,1.0
elementary school advantage 2007,encore software,29.99,microsoft,microsoft,149.99,1.0
pc professor fuji 's kakuro,encore software,9.99,149.99 ï¿½ï¿½, 1,microsoft,1.0
the print shop pro publisher 22 deluxe [ dvd ],encore,99.99,school zone,9.99 ï¿½ï¿½,time money & fractions grades 3-4,1.0
extensis smartscale 1-user pxe-11433 ),extensis corporation,,x2 : vc virtual coding ltd.,csdc,39.95 ï¿½ï¿½,1.0
adobe premiere pro cs3,adobe,799.0,oxford world encyclopedia,tri synergy,19.99,1.0
adobe creative suite cs3 master collection upgrade [ mac ],adobe,1399.0,retinue2,detto-technologies-inc,71.31 BuyableInstoreAndOnline,1.0
microsoft office student and teacher edition 2004 macintosh,microsoft,149.99,adobe premiere pro 3.0,adobe,16.99 ï¿½ï¿½,1.0
149.99 ï¿½ï¿½, Val Microsoft Office student and teacher edition,microsoft,sudoku puzzle addict,global-software-publishing-north-america-inc,6.99 com title COMPTYPE,1.0
school zone,9.99,time money & fractions grades 1-2,f/a -17 operating iraqi,graphics-simulations-corporation,39.99,1.0
x3 : reunion virtual programming ltd.,csdc,39.95,stubbs the zombie in rebel without a pulse ( dvd ),aspyr media,9.99 ä»£äº•äº• ä¼šæ‘äºš å¹´å¤ title,1.0
oxford world encyclopedia,tri synergy,19.99,pc,smith-micro-software,29.99 ä¹‹,1.0
detto move2mac usb,detto-technologies-inc,71.31,learning easybooks 2007,intuit,59.95 ï¿½ï¿½,1.0
adobe premiere pro 2.0,adobe,849.0,extensis smartscale 1-user pxe-11433 pvc,extensis corporation,ä»£é¸,1.0
sudoku puzzle addict,global-software-publishing-north-america-inc,6.99,coding quickbooks 2006,intuit,$29.95 ï¿½ï¿½,1.0
f/a -18 operation iraqi freedom,graphics-simulations-corporation,39.99,MARCH 3,encore software,39.99 ï¿½M,1.0
stubbs the zombie in rebel without a pulse ( dvd ) ( mac ),aspyr media,9.99,riding education title ( ),viva media,7.99 ï¿½ï¿½,1.0
personal image manager,smith-micro-software,29.99,symantec PCanywhere,symantec,Â£399.99 ï¿½ï¿½,1.0
learning quickbooks 2007,intuit,39.95,Reader Rabbit preschool,,18.,1.0
extensis smartscale 1-user pxe-11433 ),extensis corporation,,adobe logo cs3 design standard upgrade [ mac ],adobe,399.0 ä¸é•è¾¼è‰² title,1.0
learning quickbooks 2007,intuit,39.95,microsoft word 2004 upgrade (mac ),microsoft,99.99 ï¿½ï¿½,1.0
mavis beacon typing 17 deluxe by broderbund,encore software,39.99, 1, , Microsoft word 4 x MSRP (4 x game,1.0
riding academy : jump & ride,viva media,19.99,39.95,iremember digital scrapbooking2.0,intriguing development,1.0
symantec pcanywhere 12.0 host only,symantec,169.65,adobe creative suite cs3 design standard upsell [ mac ],adobe,899.5 ï¿½ï¿½,1.0
reader rabbit preschool,the-learning-company,29.99,emerald green by sage premium accounting,sage software,898.99 ä»£ ePCE,1.0
adobe creative suite cs3 design standard upgrade [ mac ],adobe,399.0,finale allegro 2009,end sale,199.95 ï¿½ï¿½,1.0
microsoft word 2004 upgrade ( mac ),microsoft,109.99,doi & ditto : applewin WIN/mac,kutoka,21.99 ibaba col price,1.0
 ,microsoft,99.99 ï¿½ï¿½,emedia music,emedia guitar,ï¿½,1.0
 , ,99.99 ï¿½ï¿½,time money & fractions grades 3-4,school zone,9.99 ä¸å‰é“ title,1.0
 , , Microsoft word 4 x MSRP (4 x game,h & r taxcut 2007 premium federal,h & r block,23.94 ï¿½ï¿½,1.0
39.95,iremember digital scrapbooking 2.0,intriguing development,adobe contribute cs3 [ mac ],adobe,149.0 ï¿½ï¿½,1.0
adobe creative suite cs3 design standard upsell [ mac ],adobe,899.0,corel wordperfect company standard,corel,$149.99  =======================================  ========================================,1.0
peachtree by sage premium accounting 2007,sage software,499.99, , Company, 1,1.0
finale allegro 2007,finale,199.95,best of card games ( jewel case ),on-hand-software,9.99 ï¿½ï¿½å£«æ—¥ç·‹ title æœˆé€†é˜¿ç”»,1.0
didi & ditto : kindergarten win/mac,kutoka,19.99,flash action phonics,school zone,7.99 ï¿½ï¿½å£«ã‚³ãƒãŠã±ã£ã¹ã¦æ†•ã„ã„,1.0
emedia guitar basics,emedia music,,your desktop post office for pc,stamps.com,14.99 ï¿½ï¿½,1.0
time money & fractions grades 1-2,school zone,9.99,intervideo wiiw,intervideo,50.99 ePENDEL title,1.0
h & r block taxcut 2006 premium federal,h & r block,19.99,mavis beacon typing 18 deluxe by broderbund,encore software,39.99 ï¿½ï¿½,1.0
adobe contribute cs3 [ mac ],adobe,149.0,oxford world encyclopedia,tri synergy,19.99,1.0
corel wordperfect office 12 standard upgrade,corel,149.99,marine,encore,49.99 ï¿½CODE title,1.0
 ,corel,$149.99  =======================================  ========================================,logical code ENGINE,apple,$0.01,1.0
 , Company,$149.99  =======================================  ========================================,pajamascol,sampler,19.0,1.0
best of card games ( jewel case ),on-hand-software,9.99,soundtrack 1.2,apple,199.99,1.0
flash action phonics made easy,school zone,14.99,adobe install title,adobe,799.0,1.0
your desktop post office for pc,stamps.com,14.99,computerace lojack for laptops COST 100.00,absolute software,49.95 cdrom,1.0
intervideo windvd 8 gold,intervideo,49.99,title,topic,14.99 ï¿½,1.0
mavis beacon typing 17 deluxe by broderbund,encore software,39.99,cd internet security suite 2010 3 user,computer associates,70.95 ï¿½,1.0
oxford world encyclopedia,tri synergy,19.99,lcd,julepps,.99,1.0
marine aquarium 2.0 ( mac ),encore,19.99, LIGHTWEIGHT, 1,.99,1.0
logic express 6,apple,299.99,intuit,39.95,learning quickbooks 2008,1.0
gorilla 4 student,jungle software,199.0, 1,39.95, Â $4.99,1.0
soundtrack 1.2,apple,199.99,10.49 ï¿½ï¿½,microsoft visio standard 2007,microsoft,1.0
adobe premiere pro cs3,adobe,799.0,imsi resume writer deluxe [ lb ],imsi design,19.95 Ã‚,1.0
computrace lojack for laptops 1 year license ( mac ),absolute software,49.95,procurve mobility manager1 is a plug-in module for procurve manager plus 2.0,hewlett packard,î˜± î¢¦î¢£î¥¼î—¥ î¢± î¢‘,1.0
instant immersion japanese 2.0,topics entertainment,19.99,math success deluxe,topics entertainment,499.99 ï¿½ï¿½,1.0
ca internet security suite 2007 3 user,computer associates,69.95,numpty windows 7.1 (4gb) numpty windows 9.0 ï¿½ï¿½,num,84.99 ï¿½ï¿½,1.0
my sim aquarium,viva media,19.99,snap ! 10 000 drink recipies ( gem case ),topics education,4.99 ï¿½ï¿½,1.0
 LIGHTWEIGHT,julepps,.99,quickverse prerelease,individual software,79.99,1.0
intuit,39.95,learning quickbooks 2007,time money & fractions grades 3-5,school zone,9.99,1.0
intuit,39.95, Â $4.99,snap ! 10 000 drink recipies ( jewel case ),issues,4.99,1.0
259.95,microsoft visio standard 2007,microsoft,best of card games ( jewel case ),on-hand-software,9.99 ï¿½ï¿½,1.0
imsi resume writer deluxe [ lb ],imsi design,19.95,winway resume deluxe 1.0 network 11,nova development,ï¿½ï¿½å£«,1.0
procurve mobility manager 1.0 is a plug-in module for procurve manager plus 2.0,hewlett packard,,ï¿½,encore software,$19.99 !!,1.0
math success deluxe 2006,topics entertainment,49.99,gorilla,jungle software,990.99 BuyableInstoreAndOnline,1.0
symantec pcanywhere 12.0 host only,symantec,169.65,fisher-price rescue heroes : lava landslide,,ï¿½ï¿½,1.0
snap ! 10 000 drink recipies ( jewel case ),topics entertainment,4.99,didi & ditto : kindergarten wins/mac,ichabar,69.99 Ş‡ã‚£,1.0
quickverse bible premier suite,individual software,39.99,stardom,england,9.99 ï¿½ï¿½,1.0
time money & fractions grades 1-2,school zone,9.99,type,apple,299.99 ã€,1.0
snap ! 10 000 drink recipies ( jewel case ),topics entertainment,4.99,adobe contribute cs3 [ mac ],adobe,149.0 ï¿½,1.0
best of card games ( jewel case ),on-hand-software,9.99,x-oom internet,x-oom,2,1.0
winway resume deluxe 11.0 network 10,nova development,,,navarre ( software ),9.95 Ã‚,1.0
singleclick network now ! pro,encore software,39.99,onnone software col description,onone software,,1.0
gorilla 4 standard,jungle software,299.0,professional,credit CARD or Visa ID on checkout,003 ï¿½ï¿½ title,1.0
fisher-price rescue heroes : lava landslide,knowledge adventure,,world book encyclopedia 2006,topics science,16.99 ï¿½ï¿½,1.0
didi & ditto : kindergarten win/mac,kutoka,19.99,brazillian enterprise col,cisco-systems-enterprise,ï¿½,1.0
scooby doo glowing bug man ( jewel case ),encore software,9.99,adventure workshop 4th-6th grade 7th edition,encore software,19.99 äºŒè…‡é¨é‡Œæœ,1.0
logic express 6,apple,299.99,best of slots 1 ( jewel case ),marque publishing,8.99 ï¿½ï¿½,1.0
adobe contribute cs3 [ mac ],adobe,149.0,jid x3 : e-book,csdc,39.95 omen,1.0
x-oom internet movies 2,x-oom,,circus ponies-notebook 2.0 mac os,,49.95 ï¿½,1.0
vault360 combo,navarre ( software ),29.95,adobe creative suite cs3 web standard upgrade [ mac ],adobe,399.0 ï¿½ï¿½,1.0
onone software pxl smartscale windows and macintosh ),onone software,,adobe Premiere Elements 3.1 [ lb ],adobe,49.99 ï¿½ï¿½,1.0
punch ! professional home design,punch ! software,89.99,tlc dr. seuss reading learning system 2008,encore,19.99 Interstitial,1.0
world book encyclopedia 2006,topics entertainment,19.99,apple mac os x tiger 10.4.6 ( mac dvd ),apple computer,129.0 ä¹…äººæ¡ç‰ˆ,1.0
cisco security server agent for windows and solaris license 100 agents win solaris csa-b100-srvr-k9 ),cisco-systems-enterprise,,your desktop post office for pc,stamps.com,14.,1.0
adventure workshop 4th-6th grade 7th edition,encore software,19.99,sound forge audio studio 10,sound forge audio studio title,39.99 ï¿½ï¿½ TITLE,1.0
best of slots 2 ( jewel case ),masque publishing,9.99,pre-sell,topics entertainment,19.99,
x3 : reunion virtual programming ltd.,csdc,39.95,adobe contribution cs3 [ mac ],,149.0 ï¿½ï¿½,
circus ponies-notebook 2.0 mac os,csdc,49.95,microsoft windows xp professional upgrade with sp2,microsoft software,<$50,
adobe creative suite cs3 web standard upgrade [ mac ],adobe,399.0,zips-classic-v1,encore-software-inc,ï¿½ï¿½,
adobe premiere elements 3.0 [ lb ],adobe,99.99,x3 : radeon title virtual,csdc,48.99 ï¿½ï¿½,
tlc dr. seuss reading learning system 2008,encore,19.99,customer manager 2.5,intuit,79.95,
apple mac os x tiger 10.4.6 ( mac dvd ),apple computer,129.0,http://marketerweb.,aspyr media,9.99 ibrary,
your desktop post office for pc,stamps.com,14.99,title,apple,199.299 ï¿½,
sound forge audio studio 9,sony media,69.59,sold,imagination-international-corp,,
instant landscaping 3.0 [ lb ],topics entertainment,19.99,swift,individual software,39.99 ï¿½ï¿½,
adobe contribute cs3 [ mac ],adobe,149.0,punch ! new master desktop layout,punch ! software,$2.95,
microsoft windows xp professional upgrade with sp2,microsoft software,199.99,jupiter 8 student,jupiter software,199.0 ã®ãƒãƒ³ãƒ‘ãƒ¼ãƒˆã®è¤—ï¿½,
tlc zoombinis 3rd grade lrng sys 2007 sb cs by riverdeep 10548 ),encore-software-inc,,hoyle card games,encore software,19.99,
x3 : reunion virtual programming ltd.,csdc,39.95,reader rabbit,,29.99 *,
quickbooks customer manager 2.5,intuit,79.95,29.99,sierra home,29.99 ï¿½,
stubbs the zombie in rebel without a pulse ( dvd ) ( mac ),aspyr media,9.99,tb cols,cart,19.95 ï¿½ï¿½,
soundtrack 1.2,apple,199.99,microsoft visual studio team edition for software testers 2005 w/msdn premium renewal,microsoft software,$499.00,
live bingo,imagination-international-corp,,sims 2 price,aspyr Media,3.99,
quickverse bible premier suite,individual software,39.99, 1, , Col title,
punch ! master landscape & home design,punch ! software,59.99,,apple garageband jam pack : remix tools,ioxicon,
gorilla 4 student,jungle software,199.0,adventure workshop 5th-6th grade 9th edition,encore software,18.99 .ï¿½,
hoyle card games 2007,encore software,19.99,student,the-learning-company,29.99,
reader rabbit preschool,the-learning-company,29.99,cosmi talking math & more for kids ( windows ),cosmi,,
hallmark card studio 2006,sierra home,29.99,power on now up to date & contact windows,power-on-software,129.99,
imsi resume writer deluxe [ lb ],imsi design,19.95, Color Variation 1 Blue Green Orange White Yellow Red Green Grey Purple Blue Yellow Orange Orange, 1,129.99,
microsoft visual studio team edition for software testers 2005 w/msdn premium renewal,microsoft software,2309.0,encore,99.99 ï¿½ï¿½,the print shop pro publisher,
sims 2 university expansion pack,aspyr media,34.99,chuckles computer funtime for baby shapes ( win/mac ),navarre ( software ),12.95 ï¿½ï¿½,
 ,aspyr Media,3.99,cool-go,crisscross,4.99 ï¿½ï¿½,
 , ,3.99,network now ! pro by encore,encore software,,
 , , Col title,cute ftp,tri synergy,39.99,
99.0,apple garageband jam pack : remix tools,apple,ad copy title,encore software,0.99,
adventure workshop 4th-6th grade 7th edition,encore software,19.99,punch !!! software,zippo,46.99,
reader rabbit preschool,the-learning-company,29.99,watchguard serverlock manager ( 100 servers ),watchguard-technologies-inc,14990.0 ä¹‹,
cosmi talking math & more for kids ( windows ),cosmi,,the human body,topics music,19.99,
power on now up to date & contact windows,power-on-software,129.99,miraizon cinematize 2 ( mac ),miraizon,69.99 ?????-,
 Color Variation 1 Blue Green Orange White Yellow Red Green Grey Purple Blue Yellow Orange Orange,power-on-software,129.99,time money & fractions grades 4-6,school zone,$ 5.99,
encore,99.99,the print shop pro publisher 22 deluxe [ dvd ],guild wars nightfall,ncsoft,49.99,
giggles computer funtime for baby shapes ( win/mac ),navarre ( software ),24.95,ca internet security suite 2007 3 user,computer associates,69.95 Ëœ,
super collapse 3,mumbo jumbo,19.99,buzby breakin ' all the rules hermie and friends,digital praise,19.99,
network now ! pro by encore,encore software,39.99, Digital Book Collector's Choice, 1, Buy Now,
cute ftp,tri synergy,39.99,encore,39.99,college advantage 2008,
singleclick network now ! pro,encore software,39.99,finale allegro 2007,finale,199.95,
punch super home suite 3.0,punch ! software,49.99,stomp ?????,stomp ?????,??%,
watchguard serverlock manager ( 100 servers ),watchguard-technologies-inc,14995.0,x-oom youtube 3,x-oom,ï¿½ï¿½,
the human body,topics entertainment,19.99,adobe premiere elements 3.0 [ lb ],adobe,99.99 ï¿½ cola,
miraizon cinematize 2 ( mac ),miraizon,69.99,model web publisher 3.5.1 .,computer-associates-international,,
time money & fractions grades 1-2,school zone,9.99,1pk col,ca,title,
guild wars nightfall,ncsoft,49.99,apple garageband jam pack : jam section,apple,99.0 ï¿½ï¿½ color,
ca internet security suite 2007 3 user,computer associates,69.95,checkmark multiledger,checkmark software,399.0 ï¿½d,
buzby breakin ' all the rules hermie and friends,digital praise,19.99,computer,smith-micro-software,29.99 ibrary,
 Buy Now,digital praise,19.99,personal graphic maker,smith-micro-software,29.99 ï¿½ï¿½,
 Buy Now," Amazon, BestRated, Free",19.99,apple garageband jam pack : remix tools,apple,99.0 apple title,
 Buy Now," Amazon, BestRated, Free", Buy Now,,,,
 Digital Book Collector's Choice," Amazon, BestRated, Free", Buy Now,,,,
encore,39.99,middle school advantage 2008,,,,
finale allegro 2007,finale,199.95,,,,
stomp inc recover lost data 2005,stomp inc,39.95,,,,
x-oom internet movies 2,x-oom,,,,,
adobe premiere elements 3.0 [ lb ],adobe,99.99,,,,
model web publisher 3.5.2 .,computer-associates-international,,,,,
1pk internet sec ste 2007 oem,ca oem,,,,,
apple garageband jam pack : rhythm section,apple,99.0,,,,
checkmark multiledger,checkmark software,399.0,,,,
personal image manager,smith-micro-software,29.99,,,,
personal image manager,smith-micro-software,29.99,,,,
apple garageband jam pack : remix tools,apple,99.0,,,,
