,ltable_title,ltable_manufacturer,ltable_price,rtable_title,rtable_manufacturer,rtable_price,Truth
0,peachtree by sage pro accounting 2007,sage software,169.99,peachtree by sage pro accounting 2007,sage software,169.99 ï¿½ï¿½,1.0
1,microsoft visio standard 2007,microsoft,259.95,microsoft visio standard 2007,microsoft,"259.95 2nd gen MSX, MSXV, VXR, and MS",1.0
2,corel wordperfect office 12 standard upgrade,corel,149.99,top100,corel,149.99 ï¿½ï¿½,1.0
3,punch ! professional home design suite,punch ! software,69.99,punch ! professional home design suite,punch ! software,69.99 ğ’—–ï¿½ğ’©†ï¿½,1.0
4, ,punch ! software,69.99 ğ’—–ï¿½ğ’©†ï¿½, , P., 1,1.0
5, , P.,69.99 ğ’—–ï¿½ğ’©†ï¿½,more brain games,csdc,8.99 umerous,1.0
6,more brain games,csdc,9.99,imsi resume writer deluxe [ lb ],imsi design,19,1.0
7,imsi resume writer deluxe [ lb ],imsi design,19.95,freddi fish 2 : the haunted schoolhouse,humongous entertainment,30.95 ï¿½ï¿½,1.0
8,freddi fish 2 : the haunted schoolhouse,humongous entertainment,29.95,adobe photoshop cs3 extended [ mac ],icho adobe,999.0 ï¿½ï¿½,1.0
9,adobe photoshop cs3 extended [ mac ],adobe,999.0,checkmark multiledger,checkmark system,399.0 ï¿½ï¿½,1.0
10,checkmark multiledger,checkmark software,399.0,form workshop 1200,USoft,29.99 ï¿½ï¿½col title,1.0
11,form workshop 1200,valusoft,29.99,hallmark blank greeting cards half-fold matte premium 20 count,nova development,12.99 ï¿½ï¿½col title,1.0
12,hallmark blank greeting cards half-fold matte premium 20 count,nova development,12.99,Microsoft office student and teacher edition 2004 macintosh,microsoft,149.99 ogyos,1.0
13,microsoft office student and teacher edition 2004 macintosh,microsoft,149.99,punch super home suite 3.0,! software,49.49 ï¿½ï¿½,1.0
14,punch super home suite 3.0,punch ! software,49.99,imsi resume writer deluxe [ lb ],im,19.95 luster,1.0
15,imsi resume writer deluxe [ lb ],imsi design,19.95,adobe SEWORLD DECADE 2.0 [ lb,adobe,99.99 ï¿½ï¿½,1.0
16,adobe premiere elements 3.0 [ lb ],adobe,99.99,adobe contribute cs3 [ mac ],,144.8 ï¿½ï¿½,1.0
17,adobe contribute cs3 [ mac ],adobe,149.0,punch ! professional home design suite,punch ! software,69.99 ğ—¸ˆï¿½,1.0
18,punch ! professional home design suite,punch ! software,69.99,peachtree by sage pro accounting 2012,sage software,169.99 ï¿½ï¿½,1.0
19,peachtree by sage pro accounting 2007,sage software,169.99, , The current year is 2018 and the 2014 year is next., 1,1.0
20, ,sage software,169.99 ï¿½ï¿½,adobe donate cs3 [ mac ],adobe,149.0 ONSORED,1.0
21, , The current year is 2018 and the 2014 year is next.,169.99 ï¿½ï¿½,adobe contribute cs1 [ mac ],,149.0 ï¿½ï¿½,1.0
22,adobe contribute cs3 [ mac ],adobe,149.0,peachtree by sage pro accounting 2005,sage software,peachtree by,1.0
23,adobe contribute cs3 [ mac ],adobe,149.0,adobe Creative suite cs3 master collection upgrade [ mac ],adobe,1399.0 ğ „è²¥æœˆåœ°å®å­—æ ¡,1.0
24,peachtree by sage pro accounting 2007,sage software,169.99,form workshop 1200,usoft,29.99 iphate,1.0
25,adobe creative suite cs3 master collection upgrade [ mac ],adobe,1399.0,punch ! professional home design suite,punch ! software,68.99 chwitz,1.0
26,form workshop 1200,valusoft,29.99,microsoft visio standard 2007,microsoft,263.45 ï¿½ï¿½,1.0
27,punch ! professional home design suite,punch ! software,69.99,checkmark multi-count,checkmark software,399.1 ğ””œï¿½CED title PRIMO INDIVIDUAL,1.0
28,microsoft visio standard 2007,microsoft,259.95,3X,usoft,29.99 ï¿½ï¿½,1.0
29,checkmark multiledger,checkmark software,399.0,quality professional 6.5 upgraded from standard to quality,quality professional 6.5 premium from standard to premium,500.00,1.0
30,form workshop 1200,valusoft,29.99,form workshop 1300,43.99 ï¿½ï¿½,33.99 ï¿½ï¿½,1.0
31,adobe after effects professional 6.5 upgrade from standard to professional,adobe,499.99,adobe photoshop cs3 extended [ mac ],adobe,1000.0 ğ“¶°ä¸€å¤,1.0
32,form workshop 1200,valusoft,29.99, This property, 1, ,1.0
33,adobe photoshop cs3 extended [ mac ],adobe,999.0,humongous entertainment,29.95 ï¿½ï¿½,freddi fish 2 : the haunted schoolhouse,1.0
34, ,adobe,1000.0 ğ“¶°ä¸€å¤,microsoft office student and teacher edition 2004 macintosh,microsoft,499.99 loneliecol title LOLLIE,1.0
35, , Adobe Fonts,1000.0 ğ“¶°ä¸€å¤,pam tutor learn windows vista & office 2006,nova development,29.99 _.,1.0
36, , Adobe Fonts, ,adobe creative suite cs3 web premium [ mac ],adobe,"150.0 Regarding your offer, please inform us in detail.",1.0
37, This property, Adobe Fonts, ,adobe creative suite cs3 master collection upgrade [ mac ],adobe,1399.0 _.,1.0
38,humongous entertainment,29.95,freddi fish 2 : the haunted schoolhouse,adobe creative suite cs3 web premium [ mac ],adobe,1599.0 BuyableInstoreAndOnline,1.0
39,microsoft office student and teacher edition 2004 macintosh,microsoft,149.99,checkmark multiledger,checkmark software,400.0 ä¸æ­³è‚¢,1.0
40,pc tutor learn windows vista & office 2007,nova development,29.99,punch super HOME home suite 3.0,punch super ! software,45,1.0
41,adobe creative suite cs3 web premium [ mac ],adobe,1599.0,peachtree by sage pro accounting 2007,sage software,169.99 ï¿½ï¿½,1.0
42,adobe creative suite cs3 master collection upgrade [ mac ],adobe,1399.0,imsi resume writer deluxe [ lb ],imsi design,19.95 ï¿½ï¿½,1.0
43,adobe creative suite cs3 web premium [ mac ],adobe,1599.0,adobe after effects professional 6.5 upgrade from standard to professional,adobe,499.99 ***************************** adobe after effects professional 9.5 upgrade from standard to professional CAL manufacturer,1.0
44,checkmark multiledger,checkmark software,399.0,adobe premiere elements 3.0 [ lb ],adobe,99.99 ï¿½ï¿½,1.0
45,punch super home suite 3.0,punch ! software,49.99,peachtree by sage pro accounting 2007,sage software,169.99 ğ–¹å¤©é¡å…ˆæ–—å¸¦ by,1.0
46,peachtree by sage pro accounting 2007,sage software,169.99,math success deluxe 2008,topics entertainment,41.99 ğ¦´ï¿½ï¿½ğ¦´ï¿½ï¿½ val topics,1.0
47,imsi resume writer deluxe [ lb ],imsi design,19.95,freddi fish 4 : the haunted,humongous entertainment,29.95 ibrary,1.0
48,adobe after effects professional 6.5 upgrade from standard to professional,adobe,499.99,micromasters visio standard 2007,micromasters,241.95 ï¿½ï¿½,1.0
49,adobe premiere elements 3.0 [ lb ],adobe,99.99,adobe Creative suite cs3 master collection upgrade [ mac ],adobe,1299.0 Ëœcols of master collections [ mac ],1.0
50,peachtree by sage pro accounting 2007,sage software,169.99,webroot spy sweeper with antivirus family edition 3 pcs,webroot software,50.95 ï¿½ï¿½,1.0
51,math success deluxe 2007,topics entertainment,39.99,7-10 pcs,webroot pcs,49.95 ï¿½ï¿½,1.0
52,freddi fish 2 : the haunted schoolhouse,humongous entertainment,29.95,microsoft visio standard 2007,microsoft,260.95 ï¿½ï¿½_,1.0
53,microsoft visio standard 2007,microsoft,259.95,title form workshop 1300,USoft,29.99 ï¿½ï¿½,1.0
54,adobe creative suite cs3 master collection upgrade [ mac ],adobe,1399.0,adobe Creative suite cs3 master collection upgrade [ mac ],,3.0 ï¿½ï¿½,1.0
55,webroot spy sweeper with antivirus family edition 3 pcs,webroot software,49.95,Microsoft,microsoft,149.99 chwitz,1.0
56,webroot spy sweeper with antivirus family edition 3 pcs,webroot software,49.95,webroot spy sweeper with antivirus family edition 3 pcs,vendor,48.95 ibrary,1.0
57,microsoft visio standard 2007,microsoft,259.95,microsoft visio model 2011,microsoft,259.95,1.0
58,form workshop 1200,valusoft,29.99,adobe after effects professional 6.5 upgrade from standard to professional,adobe,"499.99 *NOTE: Your use of the following products (i.e., any accessories, packaging products",1.0
59,adobe creative suite cs3 master collection upgrade [ mac ],adobe,1399.0,punch! design suite,Punch ! code,39.79 ğ”Œ¹ğ’Œ®ğ’Œ®ï¿½,1.0
60,microsoft office student and teacher edition 2004 macintosh,microsoft,149.99,freddi fish 1 : the haunted schoolhouse,rbx humongous entertainment,31.,1.0
61,webroot spy sweeper with antivirus family edition 3 pcs,webroot software,49.95,adobe after effects professional 6.5 upgrade from standard to professional,adobe,149.50 ibrary,1.0
62,microsoft visio standard 2007,microsoft,259.95,microsoft office student and teacher edition 2005 macintosh,,149.99 iola,1.0
63,adobe after effects professional 6.5 upgrade from standard to professional,adobe,499.99,more brain games,csdc MAILING POOL,more,1.0
64,punch ! professional home design suite,punch ! software,69.99,professional home design suite,punch ! software,79.95 ğŒ ğŠ±ğ”£âŒ¨ğ”¦,1.0
65,freddi fish 2 : the haunted schoolhouse,humongous entertainment,29.95,adobe after effects professional 7.5 upgrade from standard to professional,adobe,500.95 olithic,1.0
66,adobe after effects professional 6.5 upgrade from standard to professional,adobe,499.99,corel wordperfect office 9 standard upgrade,corel,149.99 ğ¬Œ‰ï¿½ï¿½ï¿½ ï¿½ï¿½ï¿½ï¿½ï¿½ï¿½ï¿½,1.0
67,microsoft office student and teacher edition 2004 macintosh,microsoft,149.99,adobe Premiere elements 3.0 [ lb ],adobe,99.99 ï¿½ï¿½,1.0
68,more brain games,csdc,9.99,adobe after effects professional 6.5 upgrade from standard to professional,adobe,549.99,1.0
69,punch ! professional home design suite,punch ! software,69.99,punch ! professional home design suite,punch ! software,69.99 ğŒ‡ï¿½áµ‰ï¿½áµ‡ï¿½,1.0
70,adobe after effects professional 6.5 upgrade from standard to professional,adobe,499.99,camo csv3 csv3 [ csv3 ],adobe,1.0 csv3,1.0
71,corel wordperfect office 12 standard upgrade,corel,149.99,advertising adobe photoshop cs3 extended [ mac ],adobe,999.0 ä¸å½“äº†åä¸‹æˆ˜äº†äº‰ï¿½,1.0
72,adobe premiere elements 3.0 [ lb ],adobe,99.99,adobe after effects professional 5.5 upgrade from standard to professional,adobe,475.00 ************************* PROBIOUS *************************,1.0
73,adobe after effects professional 6.5 upgrade from standard to professional,adobe,499.99,pc tutor learn windows vistas & office 2007,nova development,29.99 ï¿½ï¿½,1.0
74,punch ! professional home design suite,punch ! software,69.99,microsoft office student and teacher edition 2004 macintosh,microsoft,149.99 ğ–¹¿ ğ–¹· ğ–¥¿ ï¿½,1.0
75,adobe photoshop cs3 extended [ mac ],adobe,999.0,checkmark v.12 VELONE,checkmark vial,800.0 ğ¢…¦é™° ï¿½,1.0
76,adobe photoshop cs3 extended [ mac ],adobe,999.0,microsoft office student and teacher edition 2001 macintosh,microsoft,149.99 ğ ‹ï¿½ï¿½ä¸€ä¸‰æ©Ÿå£« col col col col col col col,1.0
77,adobe after effects professional 6.5 upgrade from standard to professional,adobe,499.99,more brain games,csdc,9.99 ï¿½ï¿½,1.0
78,pc tutor learn windows vista & office 2007,nova development,29.99,microsoft office student and teacher edition 2004 macintosh,microsoft,"99.99 ibaba.com microsoft e-commerce, sales and information technology, and tech,",1.0
79,microsoft office student and teacher edition 2004 macintosh,microsoft,149.99,webroot spacy with antivirus family edition 2 pcs,webroot spacy with,49.95 osphere,1.0
80,checkmark multiledger,checkmark software,399.0,adobe creative suite cs3 web premium [ mac ],adobe,1499.2 ï¿½ï¿½.0 ï¿½ï¿½.0 ï¿½ï¿½.0,1.0
81,microsoft office student and teacher edition 2004 macintosh,microsoft,149.99, , All information given in, 1,1.0
82,more brain games,csdc,9.99,adobe Creative suite cs3 master collection upgrade [ mac ],adobe,1399.0 ï¿½ï¿½,1.0
83,microsoft office student and teacher edition 2004 macintosh,microsoft,149.99,adobe photoshop cs3 extended [ mac ],adobe,9999.0 chwitz,1.0
84,webroot spy sweeper with antivirus family edition 3 pcs,webroot software,49.95,form workshop 300,IACE,29.99 ï¿½ï¿½col title FUTURE title,1.0
85,adobe creative suite cs3 web premium [ mac ],adobe,1599.0,adobe creative suite cs3 web premium [ mac ],adobe,1599.0 ï¿½ï¿½ï¿½ï¿½í™”ë˜åœ‹é•¿ ï¿½,1.0
86, ,adobe,1499.2 ï¿½ï¿½.0 ï¿½ï¿½.0 ï¿½ï¿½.0,corel wordperfect office 13 standard upgrade,,149.99 ï¿½ï¿½col title,1.0
87, , All information given in,1499.2 ï¿½ï¿½.0 ï¿½ï¿½.0 ï¿½ï¿½.0,adobe Premiere elements 3.0 [ lb ],adobe,99.99 ï¿½ï¿½,1.0
88,adobe creative suite cs3 master collection upgrade [ mac ],adobe,1399.0,3.0 [ lb ],adobe,97.99 ï¿½ï¿½,1.0
89,adobe photoshop cs3 extended [ mac ],adobe,999.0,webroot spy sweeper with antivirus family edition 4 pcs,webroot software,50.95 ï¿½ï¿½,1.0
90,form workshop 1200,valusoft,29.99,corel wordperfect retail CROON RI,S 19 standard upgrade,149.99 ï¿½ï¿½,1.0
91,adobe creative suite cs3 web premium [ mac ],adobe,1599.0,britannica deluxe,avanquest code,29.95,1.0
92,corel wordperfect office 12 standard upgrade,corel,149.99,hit art,hit art,,1.0
93,adobe premiere elements 3.0 [ lb ],adobe,99.99,corel wordperfect house 12 generic upgrade,corel,150,1.0
94,adobe premiere elements 3.0 [ lb ],adobe,99.99, ," ""In the end, each of these products had a significant impact on our financial", 1,1.0
95,webroot spy sweeper with antivirus family edition 3 pcs,webroot software,49.95,microsoft office student and teacher edition 2004 macintosh,microsoft,149.99 ğ¦Š±,1.0
96,corel wordperfect office 12 standard upgrade,corel,149.99, , CADEL catalog, 1,1.0
97,britannica deluxe,avanquest software,29.95,peachtree by sage pro accounting 2009,sage software,169.99,1.0
98,punch ! professional home design suite,punch ! software,69.99, , This page has been updated at 12:59:30 yesterday to include, 1,1.0
99,corel wordperfect office 12 standard upgrade,corel,149.99,professional before effects professional 6.5 upgrade from standard to professional,adobe,499.99 idas Nomenclature Collection adobe ADASN (U.S.) label ADAS,1.0
100, ,corel,150,corel wordperfect office 12 standard upgrade,corel,149.99 à¼½ãƒ RIOT FOR THE RESIDENTIAL ãƒ½à¼¼ï¿½,1.0
101, ," ""In the end, each of these products had a significant impact on our financial",150,sony vegas movie studio + dvd 9 platinum edition,sony magazine,129.95 _.,1.0
102,microsoft office student and teacher edition 2004 macintosh,microsoft,149.99,peachtree by sage pro accounting 2013,"sage software CORONA, LLC BY",$,1.0
103, ,microsoft,149.99 ğ¦Š±,checkmark multiledger,checkmark software,399.0 ï¿½ï¿½,1.0
104, , CADEL catalog,149.99 ğ¦Š±,adobe creative suite cs3 master collection upgrade [ mac ],adobe,ico_p4 $1.99 edo_p4 $1.99 $1.99 https,1.0
105,peachtree by sage pro accounting 2007,sage software,169.99,checkmark multiledger,checkingmark software,399.0 ibrary,1.0
106, ,sage software,169.99,form workshop 1200,USoft,29.99 ğ ¸¶ğ ¸„ğ ƒ€ï¿½ï¿½,1.0
107, , This page has been updated at 12:59:30 yesterday to include,169.99,checkmark multiledger,checkmark software,399.0 assic,1.0
108,adobe after effects professional 6.5 upgrade from standard to professional,adobe,499.99,pc tutor learn windows vista & office 2007,nova development,29.99 ï¿½ï¿½ TITLE,1.0
109,corel wordperfect office 12 standard upgrade,corel,149.99,britannica deluxe,avanquest software,29.95,1.0
110,sony vegas movie studio + dvd 8 platinum edition,sony media,129.95, , For technical reasons the item description is not correct. See also the gloss, 1,1.0
111,peachtree by sage pro accounting 2007,sage software,169.99,oi ai freddi fish 3 : one of the haunted schoolhouse,humongous entertainment,29.95 ï¿½ï¿½,1.0
112,checkmark multiledger,checkmark software,399.0,punch super home suite 3.0,punch ! software,49.99 chwitz,1.0
113,adobe creative suite cs3 master collection upgrade [ mac ],adobe,1399.0,punch super home suite 15.0,punch ! software,49.99 ï¿½ï¿½,1.0
114,checkmark multiledger,checkmark software,399.0,microsoft visio standard 2007,microsoft,259.95 inemiemy,1.0
115,form workshop 1200,valusoft,29.99,after effects professional 6.3 upgrade from standard to professional,adobe,499.99,1.0
116,checkmark multiledger,checkmark software,399.0, 5.7â€³ x 7.7â€³ (25â€³ x, 1, ,1.0
117,pc tutor learn windows vista & office 2007,nova development,29.99,adobe,249.0 ï¿½ï¿½,adobe,1.0
118,britannica deluxe,avanquest software,29.95,adobe after effects professional 6.5 upgrade from standard to professional,adobe,494.99 umerable,1.0
119, ,avanquest software,29.95,nameval KEY,corel,149.99 ğˆ†ç¬´åœ° title è¨¼å¤œï¿½,1.0
120, , For technical reasons the item description is not correct. See also the gloss,29.95,microsoft office student and teacher edition 2005 macintosh,microsoft,149.99 ğŠ€ä¸­æ¡¥æ—¶åƒ,1.0
121,freddi fish 2 : the haunted schoolhouse,humongous entertainment,29.95, , åœ°ï¿½, 1,1.0
122,punch super home suite 3.0,punch ! software,49.99,math success deluxe 2009,topics entertainment,69.99 ğ¸ ï¿½ğŒˆğŒï¿½,1.0
123,punch super home suite 3.0,punch ! software,49.99,microsoft visio standard 2008,microsoft,273.95 ï¿½ï¿½,1.0
124,microsoft visio standard 2007,microsoft,259.95,adobe review elements 2.1 [ lb ],adobe,99.99 adobe.london,1.0
125,adobe after effects professional 6.5 upgrade from standard to professional,adobe,499.99,britannica deluxe,avanquest software,29.95 ğ© ‚ğŒ¸-ğ…¼-ï¿½,1.0
126, ,adobe,499.99,nickel standard 2007,nickel,259.95 ï¿½ï¿½,1.0
127, , LIMIT 17,499.99,numsoft visio brand 2000,microsoft,389.95 ï¿½ï¿½,1.0
128, , LIMIT 17, ,,adobe,2245.00 ï¿½ï¿½,1.0
129, 5.7â€³ x 7.7â€³ (25â€³ x, LIMIT 17, ,corel wordperfect company 10 standard upgrade,,149.99 ï¿½ï¿½,1.0
130,adobe,149.0,adobe contribute cs3 [ mac ],freddi fish 1 : the haunted schoolhouse,,29.95 izational,1.0
131,adobe after effects professional 6.5 upgrade from standard to professional,adobe,499.99,sony vegas movie studio + dvd 9 platinum edition,sony media,127.95 assicCol title,1.0
132,corel wordperfect office 12 standard upgrade,corel,149.99,corel wordperfect office 12 standard upgrade,corel,79.99 ï¿½ï¿½,1.0
133,microsoft office student and teacher edition 2004 macintosh,microsoft,149.99,imsi resume writer deluxe [ lb ],im,6.93 ï¿½ï¿½,1.0
134, ,microsoft,149.99 ğŠ€ä¸­æ¡¥æ—¶åƒ,more brain games,csdc,7.99,1.0
135, , åœ°ï¿½,149.99 ğŠ€ä¸­æ¡¥æ—¶åƒ,adobe photoshop cs3 Extended [ mac ],,9000.0 BuyableInstoreAndOnline,1.0
136,math success deluxe 2007,topics entertainment,39.99,Microsoft office student and teacher edition 2004 macintosh,microsoft,148.99 ğ¦¹ï¿½ä¸–ç•Œ colossus colos colos colos,1.0
137,microsoft visio standard 2007,microsoft,259.95,hallmark blank greeting cards half-fold matte premium 20 count,nova development,12.99 ï¿½ï¿½,1.0
138,adobe premiere elements 3.0 [ lb ],adobe,99.99,sony vegas movie studio + dvd 9 platinum edition,sony media,129.95 _.3L,1.0
139,britannica deluxe,avanquest software,29.95,webroot spy sweeper $35.97,webroot cncol $20.00,50.00 ï¿½ï¿½,1.0
140,microsoft visio standard 2007,microsoft,259.95,after effect professional 06.5 upgrade from standard to professional,adobe,499.99 ğ·«ä¹‹ä¹‹è‡³ title SEBRAM in the US of America 1.,1.0
141,microsoft visio standard 2007,microsoft,259.95,punch SUPER home suite 3.0,punch ! software,27.99 ï¿½ï¿½,1.0
142,adobe photoshop cs3 extended [ mac ],adobe,999.0,adobe creative suite cs3 web premium [ mac ],adobe,1699.0 ï¿½ï¿½CREDIT title,1.0
143,corel wordperfect office 12 standard upgrade,corel,149.99,more brain games,csdc,9.99 ____________________,1.0
144,freddi fish 2 : the haunted schoolhouse,humongous entertainment,29.95,more brain games,csdc,9.99 luster,1.0
145,sony vegas movie studio + dvd 8 platinum edition,sony media,129.95,checkmark multiledger,checkmark software,399.0 Ü«Ü¬Ü•Ü• Ü«Ü­Ü•,1.0
146,corel wordperfect office 12 standard upgrade,corel,149.99,pc tutor learn windows vista & office 2011,nova development,2.98 ONSORED,1.0
147,imsi resume writer deluxe [ lb ],imsi design,19.95,adobe + effects professional 6.5 upgrade from standard to professional,adobe,499.99 ï¿½ï¿½,1.0
148,more brain games,csdc,9.99,checkmark multiledger,checkmark software,399.0 osphereVal col,1.0
149,adobe photoshop cs3 extended [ mac ],adobe,999.0, Evaluations are an, 1, ,1.0
150,microsoft office student and teacher edition 2004 macintosh,microsoft,149.99,antique,499.99 izational,adobe after effects professional 6.5 upgrade from standard to professional,1.0
151,hallmark blank greeting cards half-fold matte premium 20 count,nova development,12.99,adobe premier elements 1.8 [ lb ],,99.99 ï¿½ï¿½,1.0
152,sony vegas movie studio + dvd 8 platinum edition,sony media,129.95,punch SUPER home suite 3.0,punch ! software,89.99 VIDIA GENERAL STACK 4.0,1.0
153,webroot spy sweeper with antivirus family edition 3 pcs,webroot software,49.95,punch ! professional home design suite,punch ! software,69.99 ï¿½ï¿½,1.0
154,adobe after effects professional 6.5 upgrade from standard to professional,adobe,499.99,punch super suite 3.0,punch ! software,49.99 ğˆ­å“‰ title,1.0
155,punch super home suite 3.0,punch ! software,49.99,microsoft visio standard 2007,microsoft,$249.99Col title,1.0
156,adobe creative suite cs3 web premium [ mac ],adobe,1599.0,math success deluxe 2008,topics education,39.,1.0
157,more brain games,csdc,9.99,adobe Creative suite cs3 master collection upgrade [ mac ],adobe,1399.0 ï¿½ï¿½.0,1.0
158,more brain games,csdc,9.99,adobe after effects professional 4.5 upgrade from standard to professional,adobe,499.99 vironmental control units are compatible with this new color scheme. They operate like OEM control units,1.0
159,checkmark multiledger,checkmark software,399.0,peachtree and its components by Sage pro accounting,sage software,168.99 ï¿½ï¿½_,1.0
160,pc tutor learn windows vista & office 2007,nova development,29.99,adobe photoshop cs3 extended [ mac ],adobe,9999.0 ï¿½ï¿½,1.0
161,adobe after effects professional 6.5 upgrade from standard to professional,adobe,499.99,pc tutor learn windows vista & office 2007,nova development,29.99 ibrary,1.0
162,checkmark multiledger,checkmark software,399.0,nova marketing,nova engineering,12.99 ï¿½ï¿½,1.0
163, ,checkmark software,399.0 osphereVal col,adobe Premiere Elements 3.0 [ lb ],,99.99 ï¿½ï¿½,1.0
164, , Evaluations,399.0 osphereVal col,checkmark multiledger,COMPOUNDS checkmark multilevel,507.4 ğ ¹ï¿½ğ ¹,1.0
165, , Evaluations, ,adobe,adobe,99.99 ï¿½ï¿½,1.0
166, Evaluations are an, Evaluations, ,corel wordperfect office 17 standard update,,149.99 _.,1.0
167,adobe,499.99,adobe after effects professional 6.5 upgrade from standard to professional,webroot spy sweeper with antivirus family edition 3 pcs,50.95 ï¿½ï¿½,49.95 ï¿½ï¿½,1.0
168,adobe premiere elements 3.0 [ lb ],adobe,99.99,pc tutor learn windows vista & office 2007,29.99 FTWARE,29.99,1.0
169,punch super home suite 3.0,punch ! software,49.99,hallmark silver greeting cards half-fold matte premium 20 count,nova development,12.99 ï¿½ï¿½,1.0
170,punch ! professional home design suite,punch ! software,69.99,adobe creative suite cs3 master collection upgrade [ mac ],adobe,1399.0 [ mac ],1.0
171,punch super home suite 3.0,punch ! software,49.99,adobe aftereffects professional 6.5 upgrade from standard to professional,adobe,509.99 ï¿½ï¿½,1.0
172,microsoft visio standard 2007,microsoft,259.95,checkmark multiledger,checkmark software,399,1.0
173,math success deluxe 2007,topics entertainment,39.99,microsoft office student and teacher edition 2004 macintosh,microsoft,149.99 ğ¦¸½ï¿½ä¸»å¸Œæœ­ (2017æ¸¸ï¿½,1.0
174,adobe creative suite cs3 master collection upgrade [ mac ],adobe,1399.0,adobe after effects professional 6.5 upgrade from standard to professional,adobe,499.99 ï¿½ï¿½,1.0
175,adobe after effects professional 6.5 upgrade from standard to professional,adobe,499.99,form workshop 1200,USoft,form workshop 1220,1.0
176,peachtree by sage pro accounting 2007,sage software,169.99,sony vegas movie studio + dvd 9 platinum edition,sony media,129.95,1.0
177,adobe photoshop cs3 extended [ mac ],adobe,999.0, 1, ," Ticket prices for these movies have ranged from $14,800 to $29,",1.0
178,pc tutor learn windows vista & office 2007,nova development,29.99,29.95 ï¿½ï¿½,britannica deluxe,avanquest software,1.0
179,hallmark blank greeting cards half-fold matte premium 20 count,nova development,12.99,corel wordperfected office 12 standard upgrade,corel,149.99 ğ¬°° title ğï¿½ title ì‚¬,1.0
180,adobe premiere elements 3.0 [ lb ],adobe,99.99,sony vegas movie studio + dvd,sony media,129.95 _.,1.0
181,checkmark multiledger,checkmark software,399.0,punch SUPER home suite 3.0,punch,49.99 ï¿½ï¿½,1.0
182,adobe premiere elements 3.0 [ lb ],adobe,99.99,pc tutor learn windows vista & office 2007,nova development,29.99 ï¿½ï¿½,1.0
183,corel wordperfect office 12 standard upgrade,corel,149.99,microsoft office student and teacher edition 2005 macintosh,microsoft,149.99 ğ ¤¤ï¿½ï¿½ä¸­æ–‡ cola cola-cola col,1.0
184,webroot spy sweeper with antivirus family edition 3 pcs,webroot software,49.95,cola premium,corel cola,149.99,1.0
185,pc tutor learn windows vista & office 2007,nova development,29.99,more brain games,csdc,9.99 ï¿½ï¿½,1.0
186,hallmark blank greeting cards half-fold matte premium 20 count,nova development,12.99,more brain games,csdc,9.99,1.0
187,adobe creative suite cs3 master collection upgrade [ mac ],adobe,1399.0,adobe photoshop cs3 extended [ mac ],adobe,01.00 | 01.50 | 01.50 | 01.50 | 01.50 | 01,1.0
188,adobe after effects professional 6.5 upgrade from standard to professional,adobe,499.99,adobe after effects professional 6.5 upgrade from standard to professional,adobe,"650 + $2,799.99 + $12,000.00 + $21,750.00",1.0
189,checkmark multiledger,checkmark software,399.0,corel wordperfect workstation 26 standard upgrade,corel,49.99 ï¿½ï¿½,1.0
190,microsoft office student and teacher edition 2004 macintosh,microsoft,149.99,math success deluxe 2007,topics entertainment,39.99 ğ¦—¥ä¸ªä¸Šæ¹–é©¦ï¿½,1.0
191,adobe after effects professional 6.5 upgrade from standard to professional,adobe,499.99,sony vegas movie studio + dvd 9 platinum edition,sony media,129.99 ä¸å¾•å®Œæˆå¹´å®›æœ‰é‡Œè²,1.0
192,form workshop 1200,valusoft,29.99,checkmark multilinedger,checkmark software,300.0 ï¿½ï¿½,1.0
193,sony vegas movie studio + dvd 8 platinum edition,sony media,129.95,sony vegas movie studio + dvd 9 platinum edition,sony media,129.95 _.SONY PRODUCTION,1.0
194, ,sony media,129.95,microsoft visio standard 2007,microsoft,258.59 ï¿½ï¿½EARLS.COM title,1.0
195, , ,129.95,pc tutor learn x86 & windows vista & office 2007,nova development,29.99 ï¿½ï¿½,1.0
196, , ," Ticket prices for these movies have ranged from $14,800 to $29,",c:\windows\system32\win32.dll,adobe,100.0 ï¿½ï¿½,1.0
197,29.95,britannica deluxe,avanquest software,britannica deluxe,avanquest software,30.95 ccolprice,1.0
198,corel wordperfect office 12 standard upgrade,corel,149.99,form workshop 1200,USoft,29.99 ï¿½ï¿½,1.0
199,sony vegas movie studio + dvd 8 platinum edition,sony media,129.95,2,nova development,6.99 ï¿½ï¿½,1.0
200,punch super home suite 3.0,punch ! software,49.99,adobe Creative suite cs3 web [ 2 ],adobe CRM name,5099.0 ï¿½ï¿½,1.0
201,pc tutor learn windows vista & office 2007,nova development,29.99,freddi fish 3 : the haunted schoolhouse,humongous entertainment,29.95 iomis,1.0
202,microsoft office student and teacher edition 2004 macintosh,microsoft,149.99,webroot spy sweeper with antivirus family edition 3 pcs,webroot software,39.95 ilyop,1.0
203,corel wordperfect office 12 standard upgrade,corel,149.99,adobe before effects professional 6.5 upgrade from standard to professional,adobe,499.99 ibrary,1.0
204,more brain games,csdc,9.99,math success deluxe 2008,topics entertainment,40.99 ONSORED,1.0
205,more brain games,csdc,9.99,imsi resume writer deluxe [ lb ],imsi design,29.95 ï¿½ï¿½,1.0
206,adobe photoshop cs3 extended [ mac ],adobe,999.0,adobe after effects professional 6.5 upgrade from standard and professional,adobe,499.99 ibrary,1.0
207,adobe after effects professional 6.5 upgrade from standard to professional,adobe,499.99,webroot Library with antivirus family edition 7 pcs,webroot SOFTWARE,49.95 ibrary,1.0
208,corel wordperfect office 12 standard upgrade,corel,149.99,microsoft visio standard 2009,microsoft,"1,955.00",1.0
209,math success deluxe 2007,topics entertainment,39.99, ," 16"" LED TIGHER HINTED IN D", 1,1.0
210,sony vegas movie studio + dvd 8 platinum edition,sony media,129.95,corel wordperfect office 14 standard upgrade,corel,149.99 ï¿½ï¿½,1.0
211,checkmark multiledger,checkmark software,399.0,adobe RANK OF THE WORLD [ lb ],adobe,99.99 ï¿½ï¿½,1.0
212,sony vegas movie studio + dvd 8 platinum edition,sony media,129.95,sony vegas movie studio + dvd 8 platinum edition,sony media,133.35 ItemThumbnailImage http://imgur.com/a/8HrJz Copyright Â© 1987-,1.0
213,microsoft visio standard 2007,microsoft,259.95,math success deluxe 2007,topics entertainment,19.99 ï¿½ï¿½,1.0
214,pc tutor learn windows vista & office 2007,nova development,29.99,math success deluxe 2009,topics technology,41.99 ï¿½ï¿½,1.0
215,adobe contribute cs3 [ mac ],adobe,149.0,more brain games,csdc,9.99,1.0
216,britannica deluxe,avanquest software,29.95, , The same results are also visible in the same order. Since, 1,1.0
217,form workshop 1200,valusoft,29.99,corel wordperfect business 12 standard upgrade,corel,149.99 FTWARE name,1.0
218,hallmark blank greeting cards half-fold matte premium 20 count,nova development,12.99,checkmark multiledger,checkmark software,400.0 ğ¨¸¿,1.0
219,adobe creative suite cs3 web premium [ mac ],adobe,1599.0,adobe Creative Suite cs3 cs3 master collection upgrade [ mac ],adobe,1499.0 ï¿½ï¿½,1.0
220,freddi fish 2 : the haunted schoolhouse,humongous entertainment,29.95,adobe after Effects professional 6.5 upgrade from standard to professional,,499.99 izational,1.0
221,webroot spy sweeper with antivirus family edition 3 pcs,webroot software,49.95,checkedmark multiledger,checkedmark software,399.0 galitarian,1.0
222,adobe after effects professional 6.5 upgrade from standard to professional,adobe,499.99,microsoft visio standard 2008,microsoft,259.95 ï¿½ï¿½SEER price,1.0
223,math success deluxe 2007,topics entertainment,39.99,peachtree by sage pro accounting 2007,sage software,269.99 ibrary,1.0
224,imsi resume writer deluxe [ lb ],imsi design,19.95, , The $, 1,1.0
225,adobe after effects professional 6.5 upgrade from standard to professional,adobe,499.99,microsoft visio standard 2009,microsoft,269.95 ï¿½ï¿½,1.0
226,webroot spy sweeper with antivirus family edition 3 pcs,webroot software,49.95,3 britannica deluxe,,29.95 ï¿½ï¿½,1.0
227,microsoft visio standard 2007,microsoft,259.95,freddi fish 2 : the haunted schoolhouse,humongous entertainment,29,1.0
228, ,microsoft,"1,955.00",corel wordperfect office 12 standard replacement,corel,149.99 ï¿½ï¿½,1.0
229, ," 16"" LED TIGHER HINTED IN D","1,955.00",punch ! professional home design suite,punch ! software,59.99 ğ ±…ğ£ brand,1.0
230,corel wordperfect office 12 standard upgrade,corel,149.99,imsi resume writer deluxe,"imsi designer DEBRISSON, PA.",18.45 6.3.5.19,1.0
231,adobe premiere elements 3.0 [ lb ],adobe,99.99,punch ! professional home design suite,punching ! software,69.99 ğ †—ï¿½ï¿½ brand,1.0
232,sony vegas movie studio + dvd 8 platinum edition,sony media,129.95,punch ! pro home design suite,punch ! software,69.00 ã… ìŠ¤ì ì„œì„ ,1.0
233,math success deluxe 2007,topics entertainment,39.99,intl_display,topics entertainment,39.99 ï¿½ï¿½,1.0
234,math success deluxe 2007,topics entertainment,39.99,corel wordperfect office 12,corel,149.99 ï¿½ï¿½,1.0
235,more brain games,csdc,9.99,adobe contribute cs3 [ mac ],adobe,139.8 ï¿½ï¿½,1.0
236, ,csdc,9.99,corel termperfect office 18 standard upgrade,corel,249.99 VIDIA TITAN G60 GeForce GTX TITAN Black 8 GeForce GTX TITAN,1.0
237, , The same results are also visible in the same order. Since,9.99,microsoft office student and teacher edition 2004 macintosh,microsoft,149.99 ï¿½ï¿½,1.0
238,corel wordperfect office 12 standard upgrade,corel,149.99,checkmark multiledger,checkmark version,399.0 ï¿½ï¿½,1.0
239,checkmark multiledger,checkmark software,399.0,imsi resume writer deluxe [ lb ],imsi design,19.95 ğ§†¿ğ§…’ğ§…¤ğ¦¨¨ï¿½,1.0
240,adobe creative suite cs3 master collection upgrade [ mac ],adobe,1399.0,form workshop 450,uite,30.99 ï¿½ï¿½,1.0
241,adobe after effects professional 6.5 upgrade from standard to professional,adobe,499.99,pc tutor learn windows vista & office 2007,no,29.99 ï¿½ï¿½,1.0
242,checkmark multiledger,checkmark software,399.0,form workshop 1000,u,29.99,1.0
243,microsoft visio standard 2007,microsoft,259.95,britannica deluxe,avanquest software,25.99 ï¿½ï¿½,1.0
244,peachtree by sage pro accounting 2007,sage software,169.99,punch ! pro-shop suite,punch ! software,69.99 ibrary,1.0
245, ,sage software,269.99 ibrary,checkmark multiledger,checkmark software,399.2 ï¿½ï¿½,1.0
246, , Description,269.99 ibrary,adobe Premiere elements 3.0 [ lb ],adobe,98.95 ï¿½ï¿½,1.0
247, , Description, ,microsoft visio standard 2007,,290.80 vironmentalized S-CAMÂ® V20 standard 2012,1.0
248, Lite, Description, ,advertising suite cs3 prime collection upgrade [ mac ],adobe,1399.0 ï¿½ï¿½,1.0
249, Lite, , ,corel wordperfect office 12 standard upgrade,corel,149.99 ğ—¤¤ğ—¤¡ğ—¤“ï¿½ï¿½ï¿½,1.0
250, Lite, , Available,peachtree by sage pro accounting 2007,sage software,159.80 ï¿½ï¿½,1.0
251, , , Available,macrosoft office student and teacher edition 2005 macintosh,macrosoft,149.99 ï¿½ï¿½ï¿½ï¿½æ¢… minimal designer edition 2005 macintosh,1.0
252, , The $, Available,adobe contributor cs3 [ mac ],adobe,14.0 ï¿½ï¿½,1.0
253,microsoft visio standard 2007,microsoft,259.95,adobe Premiere elements 3.0 [ lb ],,90.99 ï¿½ï¿½,1.0
254,britannica deluxe,avanquest software,29.95,corel wordperfect business 12 standard upgrade,corel,150.99 ibrary,1.0
255,freddi fish 2 : the haunted schoolhouse,humongous entertainment,29.95,adobe after effects professional 6.5 upgrade from standard to professional,adobe,499.99 VIDIA GeForce GTX 560 Ti TITAN X GeForce GTX 660 Ti TITAN X TITAN V,1.0
256,corel wordperfect office 12 standard upgrade,corel,149.99,microsoft visio standard 2008,microsoft,249.99 ItemThumbnailImage photo #5-719.jpg pic.twitter.com/,1.0
257,punch ! professional home design suite,punch ! software,69.99,punch super home suite 3.0,punch ! software,39.99 ibrary #,1.0
258,imsi resume writer deluxe [ lb ],imsi design,19.95,2 form workshop 23,USoft,31.00 ï¿½ï¿½,1.0
259,punch ! professional home design suite,punch ! software,69.99,adobe contributor cs3 [ mac ],adobe,149.0 ï¿½ï¿½,1.0
260,punch ! professional home design suite,punch ! software,69.99,form workshop 1201,ue-USA,,1.0
261,math success deluxe 2007,topics entertainment,39.99,peachtree by sage pro accounting 2007,sage software,169.99 =============================================================================== [02:13:08:401]ADV:0,1.0
262,corel wordperfect office 12 standard upgrade,corel,149.99,math success deluxe 2007,topics entertainment,39.99 ï¿½ï¿½,1.0
263,adobe contribute cs3 [ mac ],adobe,149.0,adobe creative suite cs3 master collection upgrade [ mac ],adobe,1399.1 ï¿½ï¿½,1.0
264,corel wordperfect office 12 standard upgrade,corel,149.99,more brain games,csdc,9.99 ï¿½ï¿½,1.0
265,microsoft office student and teacher edition 2004 macintosh,microsoft,149.99,more brain games,csdc,9.99 _.,1.0
266,checkmark multiledger,checkmark software,399.0,punch super home suite 5.0,punch ! software,49.99 ğ°¥ğ´¯ğŒ¼ï¿½,1.0
267,imsi resume writer deluxe [ lb ],imsi design,19.95,adobe photoshop cs3 extended [ mac ],adobe,999.0 col_tagline col_tagline,1.0
268,form workshop 1200,valusoft,29.99,checkmark multiledger,checkmark software,399.0 izational,1.0
269,pc tutor learn windows vista & office 2007,nova development,29.99,more fun games,csdc,more fun games,1.0
270,form workshop 1200,valusoft,29.99,webroot spy sweeper with antivirus family edition 4 pcs,webroot software,49.95 ã€AUTO COMPUTERã€‘,1.0
271,britannica deluxe,avanquest software,29.95,peachtree by sage pro accounting 2007,sage software,169.99 ğ”¤ï¿½å¸¸ title,1.0
272,punch ! professional home design suite,punch ! software,69.99,adobe premier elements 3.0 [ lb ],adobe,100.0 (1.6) [ lb ],1.0
273,checkmark multiledger,checkmark software,399.0,adobe Premiere elements 3.0 [ lb ],adobe,98.99 ï¿½ï¿½COMMUTE REWARD,1.0
274,adobe premiere elements 3.0 [ lb ],adobe,99.99,uni resume writer deluxe [ lb ],uni design,16.95 ï¿½ï¿½,1.0
275,microsoft visio standard 2007,microsoft,259.95,branding logo 10 count,nova development,nova development,1.0
276,adobe creative suite cs3 master collection upgrade [ mac ],adobe,1399.0,britannica deluxe,avanquest software,31.95 ibrary,1.0
277,corel wordperfect office 12 standard upgrade,corel,149.99,checkmark multiledger,checkmark software,399.0 ï¿½ï¿½,1.0
278,peachtree by sage pro accounting 2007,sage software,169.99,imsi resume writer deluxe [ lb ],imsi design,19.95 ï¿½ï¿½,1.0
279,microsoft office student and teacher edition 2004 macintosh,microsoft,149.99,peachtree by sage pro accounting 2006,sage software,170.99 _.,1.0
280,adobe contribute cs3 [ mac ],adobe,149.0, , If, 1,1.0
281,adobe premiere elements 3.0 [ lb ],adobe,99.99,checkmark multiledger,checkmark software,399.0 galitarian,1.0
282,corel wordperfect office 12 standard upgrade,corel,149.99,adobe Creative suite cs3 master collection upgrade [ mac ],adobe,1399.0 ä¸æ˜¯é•·çŸ¥åº­èªŒçŸ³ç‰ˆ,1.0
283,adobe after effects professional 6.5 upgrade from standard to professional,adobe,499.99,corel wordperfected office 12 standard upgrade,corel,149.99 ğ’š¥ç—†æ®Šä»æ–™,1.0
284,microsoft visio standard 2007,microsoft,259.95,webroot spy sweeper with antivirus family edition 2 pcs,webroot computer,49.95 ï¿½ï¿½,1.0
285,punch super home suite 3.0,punch ! software,49.99,brand wordperfect 2nd degree professional store 12 standard upgrade,corel,149.99 ï¿½ï¿½,1.0
286,form workshop 1200,valusoft,29.99,britannica deluxe,avan,29.95 ï¿½ï¿½,1.0
287,adobe contribute cs3 [ mac ],adobe,149.0,value checkmark multiledger,value checkmark software,399.0 ievalcol title,1.0
288,form workshop 1200,valusoft,29.99,math success deluxe 2007,topics entertainment,39.99 ï¿½ï¿½,1.0
289,peachtree by sage pro accounting 2007,sage software,169.99,checkmark multiledger,checkmark software,399.0 .,1.0
290,math success deluxe 2007,topics entertainment,39.99,checkmark multiledger,checkmark software,399.0 ï¿½ï¿½,1.0
291,adobe creative suite cs3 master collection upgrade [ mac ],adobe,1399.0,hallmark plain WHITE half-fold matte premium 20 count,nova development,12.99 ï¿½ï¿½,1.0
292,more brain games,csdc,9.99,microsoft visio standard 2011,micro,259.95 galitarian,1.0
293,more brain games,csdc,9.99,less brains games LT-PCSL,csdc,8.99 LODOS,1.0
294,punch super home suite 3.0,punch ! software,49.99,hallmark unprinted 25 count,nova development,12.99 ï¿½ï¿½,1.0
295,adobe photoshop cs3 extended [ mac ],adobe,999.0,adobe photoshop cs3 extended [ mac ],adobe,1499.0 ï¿½ï¿½Col title,1.0
296,checkmark multiledger,checkmark software,399.0,pc tutoring & skills in windows vista & office 2007,nova development,29.99 iomostell,1.0
297,more brain games,csdc,9.99, , The following is not a list of the available, 1,1.0
298,webroot spy sweeper with antivirus family edition 3 pcs,webroot software,49.95,jb,jb,49.95 ï¿½ï¿½,1.0
299,peachtree by sage pro accounting 2007,sage software,169.99,imsi resume writer deluxe [ lb ],imsi design,16.25,1.0
300,adobe premiere elements 3.0 [ lb ],adobe,99.99, , Price points are used to determine the price for a particular product and are used to, 1,1.0
301,adobe premiere elements 3.0 [ lb ],adobe,99.99,adobe precast elements 3.0 [ lb ],adobe,99.99 ï¿½ï¿½,1.0
302,imsi resume writer deluxe [ lb ],imsi design,19.95,pc tutor learn windows vista & office 2007,nova development,29.99 galitarian,1.0
303,hallmark blank greeting cards half-fold matte premium 20 count,nova development,12.99,math success deluxe 2005,topics entertainment,39.99 galitarian,1.0
304,britannica deluxe,avanquest software,29.95,adobe creative suite cs3 web premium [ mac ],adobe,1799.0 ï¿½ï¿½.0,1.0
305,checkmark multiledger,checkmark software,399.0, Quotes are not sourced from all, 1, ,1.0
306,imsi resume writer deluxe [ lb ],imsi design,19.95,,169.99 ï¿½ï¿½,peachtree by sage pro accounting 2009,1.0
307,peachtree by sage pro accounting 2007,sage software,169.99,peachtree by sage pro Accounting 2007,sage software,169.99 _.calprg.com val sage calprg by mollie,1.0
308, ,sage software,170.99 _.,peachtree by sage pro accounting 2007,sage software,170.99 FTWARE ID id:9a2ad0e-5e38-,1.0
309, , [...],170.99 _.,adobe after effects professional 6.5 upgrade from standard to professional,adobe,adobe after effects,1.0
310, , [...], ,form workshop 1200,USoft,29.99 ï¿½ï¿½,1.0
311, [...], [...], ,adobe creative suite cs3 web premium [ mac ],adobe,1599.0 ï¿½ï¿½,1.0
312, [...], , ,adobe cs3 extended [ mac ],adobe,999.0 ï¿½ï¿½[3],1.0
313, [...], , *,monotype 2007,monotype,265.95 edInata,1.0
314, , , *,peachtree by sage pro accounting 2008,sage software,169.99 ï¿½ï¿½,1.0
315, , If, *,adobe Premiere elements 3.0 [ lb ],adobe,99.99 ğ ‹ï¿½,1.0
316,checkmark multiledger,checkmark software,399.0, , Adobe Reader and Google Reader in the Windows Store, 1,1.0
317,adobe creative suite cs3 master collection upgrade [ mac ],adobe,1399.0,corel wordperfect office 12 standard upgrade,corel,149.99 ï¿½ï¿½,1.0
318,corel wordperfect office 12 standard upgrade,corel,149.99,adobe PREMIERE content [ lb ],adobe,ä¸ç”¨æˆ– title,1.0
319,webroot spy sweeper with antivirus family edition 3 pcs,webroot software,49.95,britannica deluxe,avanquest software,29.95 ï¿½ï¿½2102_00 color,1.0
320,corel wordperfect office 12 standard upgrade,corel,149.99,form workshop 1200,usoft,29.99 ï¿½ï¿½,1.0
321,britannica deluxe,avanquest software,29.95,medium 2007,$339.95 Val $339.95,210.05 $339.,1.0
322,checkmark multiledger,checkmark software,399.0,sony vegas movie studio + dvd 8 platinum edition,sony media,129.95 _.,1.0
323,math success deluxe 2007,topics entertainment,39.99,adobe creative suite cs3 web premium [ mac ],adobe,1599.0 ï¿½ï¿½,1.0
324,checkmark multiledger,checkmark software,399.0,microsoft visio standard 2008,microsoft,"261.99 Interstitial_interactions_interact_with,2,22,",1.0
325,checkmark multiledger,checkmark software,399.0,microsoft visio standard 2007,microsoft,258.95 ğŒ›ğ§Š° â„–é‚²ï¿½,1.0
326,hallmark blank greeting cards half-fold matte premium 20 count,nova development,12.99,adobe creative suite cs3 iliove [ mac ],adobe,1599.1 ä¸é£éŒ¡ç»ç‰ˆCol title,1.0
327,microsoft visio standard 2007,microsoft,259.95,corel wordperfect office 11 standard upgrade,corel,149.99 ibaba,1.0
328,more brain games,csdc,9.99,peachtree by sage pro accounting 2007,sage software,169.99 ï¿½ï¿½,1.0
329,hallmark blank greeting cards half-fold matte premium 20 count,nova development,12.99, , Source: nbcrush.com; CITOR, 1,1.0
330,adobe photoshop cs3 extended [ mac ],adobe,999.0,form workshop 1200,USoft,29.99 ï¿½ï¿½col Title,1.0
331,pc tutor learn windows vista & office 2007,nova development,29.99,adobe after effects professional 6.5 upgrade from standard to professional,adobe,499.99 izational,1.0
332, ,nova development,29.99 iomostell,punch ! professional home design suite,punch ! software,73.99 ï¿½,1.0
333, , The following is not a list of the available,29.99 iomostell,adobe contribute cs1 [ mac ],,14.3 ï¿½ï¿½,1.0
334,webroot spy sweeper with antivirus family edition 3 pcs,webroot software,49.95,imsi resume writer deluxe [ lb ],imsi design,19.95 ï¿½ï¿½,1.0
335,imsi resume writer deluxe [ lb ],imsi design,19.95,microsoft visio standard 2007,microsoft,259.95 ï¿½ï¿½,1.0
336, ,imsi design,16.25,checkmark multiledger,checkmark software,399.0 ğŒºé³µ ğŒºé³¸,1.0
337, , Price points are used to determine the price for a particular product and are used to,16.25,ADBO store [ adobe ],adobe,1399.0 ï¿½ï¿½,1.0
338,adobe premiere elements 3.0 [ lb ],adobe,99.99,corel wordperfect office 18 standard upgrade,,149.999 ï¿½ï¿½,1.0
339,pc tutor learn windows vista & office 2007,nova development,29.99,freddi fish 2 : the haunted schoolhouse,,29.95 ï¿½ï¿½,1.0
340,math success deluxe 2007,topics entertainment,39.99,peachtree by sage pro accounting 2007,sage software,167.99 ï¿½ï¿½,1.0
341,adobe creative suite cs3 web premium [ mac ],adobe,1599.0,math success deluxe 2011,topics marketing,39.99 ï¿½ï¿½,1.0
342, ,adobe,1799.0 ï¿½ï¿½.0,peachtree by sage pro accounting 2007,sage,17.99 ï¿½ï¿½LIGHT redhead by ralph pro accounting 2007,1.0
343, , Loading... Loading...,1799.0 ï¿½ï¿½.0,signature card half-fold matte premium 20 count,nonevas/,12.99 ï¿½ï¿½,1.0
344, , Loading... Loading..., ,imsi resume writer deluxe [ lb ],imsi design,19.95 20.95 21 | 23 .5 20.95 | $ 30 | $ 25 |,1.0
345, Quotes are not sourced from all, Loading... Loading..., ,pc tutor learn Windows vista & office 2007,nova development,29.99,1.0
346,sage software,169.99,peachtree by sage pro accounting 2007, , The code and associated documentation contain an error message (no warranty) when attempting to, 1,1.0
347,peachtree by sage pro accounting 2007,sage software,169.99,microsoft office student and teacher edition 2005 macintosh,microsoft,149.99,1.0
348,peachtree by sage pro accounting 2007,sage software,169.99, 1, , The original,1.0
349,adobe after effects professional 6.5 upgrade from standard to professional,adobe,499.99,148.99 ï¿½ï¿½,microsoft office student and teacher edition 2003 macintosh,microsoft,1.0
350,form workshop 1200,valusoft,29.99,IM si resume writer deluxe [ lb ],imsi design,19.95 ï¿½ï¿½,1.0
351,adobe creative suite cs3 web premium [ mac ],adobe,1599.0, ," ""For the money,"" said L. A. in a voice that", 1,1.0
352,adobe photoshop cs3 extended [ mac ],adobe,999.0,imsi resume writer deluxe [ lb ],imsi designs,18.95 InterstitialCol title,1.0
353,microsoft visio standard 2007,microsoft,259.95,checkmark multiledger,checkmark software,431.0 ğ’’ƒè¿™ä¹—å®¡æœ‰æœ‰,1.0
354,peachtree by sage pro accounting 2007,sage software,169.99,adobe photoshop cs3 extensions [ mac ],,1000.0 ï¿½ï¿½,1.0
355,adobe premiere elements 3.0 [ lb ],adobe,99.99,punch super home suite 4.0,punch !,49.99 ï¿½ï¿½,1.0
356, ,adobe,99.99 ğ ‹ï¿½,form workshop 1200,USoft,29.99 umerous,1.0
357, , Adobe Reader and Google Reader in the Windows Store,99.99 ğ ‹ï¿½,peachtree by sage pro accounting 2009,,169.99 ï¿½ï¿½,1.0
358,corel wordperfect office 12 standard upgrade,corel,149.99,topalite office 12 standard upgrade,topaliancel,14.99 15.99 17.99 18.99 19.99 20.99 21,1.0
359,adobe premiere elements 3.0 [ lb ],adobe,99.99,microsoft office student and teacher edition 2005 macintosh,microsoft,149.99 _.microsoft,1.0
360,britannica deluxe,avanquest software,29.95,hallmark blank greeting cards half-fold matte premium 20 count,nova development,12.99 ï¿½ï¿½,1.0
361,form workshop 1200,valusoft,29.99,adobe premiere elements 3.0 [ lb ],,99.99 ï¿½ï¿½,1.0
362,microsoft visio standard 2007,microsoft,259.95,microsoft business student and teacher edition 2004 macintosh,microsoft,155.99 ğ¤¬¦ï¿½äº¡æ¬¡ microsoft business office student AND school,1.0
363,sony vegas movie studio + dvd 8 platinum edition,sony media,129.95,adobe creative suite cs3 master collection upgrade [ mac ],adobe,1399.0 ï¿½ï¿½,1.0
364,adobe creative suite cs3 web premium [ mac ],adobe,1599.0,smash home suite 2.5,punch ! software,40.99 izational,1.0
365,microsoft visio standard 2007,microsoft,259.95,peachtree by sage pro accounting 2005,sage software,169.99 ï¿½ï¿½,1.0
366,microsoft visio standard 2007,microsoft,259.95,pc tutor learn new markets vista & office 2007,nova development,29.99 _.vistaTOPICS:,1.0
367,adobe creative suite cs3 web premium [ mac ],adobe,1599.0, , Top Contributors to site map, 1,1.0
368,corel wordperfect office 12 standard upgrade,corel,149.99,form workshop 1300,USoft,29.99 ilycol title,1.0
369,peachtree by sage pro accounting 2007,sage software,169.99,microsoft visio standard 2007,microsoft,609.65 ä¸ç”ªç´«é¢‘è§å¹³,1.0
370, ,sage software,169.99 ï¿½ï¿½,pc tutre get in vista & office 2007,,29.99 ï¿½ï¿½,1.0
371, , Source: nbcrush.com; CITOR,169.99 ï¿½ï¿½,adobe com [ mac ],adobe PRICE,149.0 ï¿½ï¿½,1.0
372,form workshop 1200,valusoft,29.99,microsoft visio standard 2007,microsoft,259.95,1.0
373,adobe after effects professional 6.5 upgrade from standard to professional,adobe,499.99, , Columbeza: BJJ vs The USA in MMA: Best, 1,1.0
374,punch ! professional home design suite,punch ! software,69.99,form workshop 1290,usoft,,1.0
375,adobe contribute cs3 [ mac ],adobe,149.0,webroot seccomp,webroot spd,44.95 ï¿½ï¿½,1.0
376,imsi resume writer deluxe [ lb ],imsi design,19.95,math success deluxe 2009,topics entertainment,$59.99 ï¿½ï¿½,1.0
377,microsoft visio standard 2007,microsoft,259.95,adobe after effects professional 6.5 upgrade from standard to professional,adobe,649.99 ï¿½ï¿½Col title CONTRAINDER adobe before effects professional 6.5 upgrade from,1.0
378,checkmark multiledger,checkmark software,399.0,punch super home suite 3.0,punch ! software,49.99 ï¿½ï¿½,1.0
379,adobe creative suite cs3 master collection upgrade [ mac ],adobe,1399.0,adobe Creative suite cs3 standard collection upgrade [ mac ],adobe,1399.0 ğ¶»ğ·‘è¿æˆ¿é»è§’,1.0
380,corel wordperfect office 12 standard upgrade,corel,149.99,more philly,dcsdc,9.99 _.,1.0
381,freddi fish 2 : the haunted schoolhouse,humongous entertainment,29.95,pc tutor read x86 & x86_64 2007,nova development,29.99 ï¿½ï¿½,1.0
382,peachtree by sage pro accounting 2007,sage software,169.99,adobe photoshop cs3 Extended [ mac ],adobe,00999.0 ï¿½ï¿½,1.0
383,math success deluxe 2007,topics entertainment,39.99,adobe launch elements 3.0 ï¿½ï¿½,adobe,98.99 ï¿½ï¿½,1.0
384,peachtree by sage pro accounting 2007,sage software,169.99,microsoft visio standard 2007,microsoft,250.00 ğ’¥‡ğ’¥‡ï¿½ ï¿½,1.0
385,hallmark blank greeting cards half-fold matte premium 20 count,nova development,12.99,professional 6.5 upgrade from standard to professional,adobe,500.99 ï¿½ï¿½,1.0
386,imsi resume writer deluxe [ lb ],imsi design,19.95,more brain games,csdc,9.99 _.,1.0
387,pc tutor learn windows vista & office 2007,nova development,29.99,adobe photoshop cs1 extended [-1$],adobe,499.4 ï¿½ï¿½,1.0
388, ,nova development,29.99,imsi resume writer deluxe [ lb ],im,19.95 ï¿½ï¿½,1.0
389, , The code and associated documentation contain an error message (no warranty) when attempting to,29.99,more brain games,csdc,9.99,1.0
390,microsoft office student and teacher edition 2004 macintosh,microsoft,149.99,freddi fish 4 : the haunted schoolhouse,freddi fish 4 : the haunted schoolhouse,29.95 fredDi cinefish freddi !!! F,1.0
391, ,microsoft,149.99,pc tutor learn windows vista & office 2007,nova development,29.99 VIDIA nova-series cola TECH GmbH,1.0
392, , Title Title Description,149.99,math success deluxe 2007,topics entertainment,39.99 ï¿½ï¿½.99,1.0
393, , Title Title Description, ,adobe creative suite cs3 master collection upgrade,adobe,1399.0 ï¿½ï¿½,1.0
394, SUMMARY OF THE GAME, Title Title Description, ,form workshop 1200,usoft,30.99 ï¿½ï¿½-,1.0
395, SUMMARY OF THE GAME, , ,adobe after effects professional 6.5 upgrade from standard to professional,adobe,499.99 2,1.0
396, SUMMARY OF THE GAME, , The original,punch SUPER PRO home suite 3.0,punch ! software,49.99 ï¿½ï¿½,1.0
397,149.99,microsoft office student and teacher edition 2004 macintosh,microsoft,adobe creative suite cs3 web premium [ mac ],adobe,1599.0 uania,1.0
398,imsi resume writer deluxe [ lb ],imsi design,19.95,imsi resume writer deluxe [ lb ],im,20.95 ï¿½ï¿½,1.0
399, ,imsi design,19.95 ï¿½ï¿½,microsoft visio standard 2007,micro,259.95 galitarian,1.0
400, ," ""For the money,"" said L. A. in a voice that",19.95 ï¿½ï¿½,checkmark multiledger,$199.0,,1.0
401,imsi resume writer deluxe [ lb ],imsi design,19.95,form workshop 1200,usoft,29.99 ï¿½ï¿½,1.0
402,checkmark multiledger,checkmark software,399.0,product SKU PRIME 4SMAV (sold separately ) [ mac ],4SMAV (sold separately ) [ mac ],1399.0 ï¿½ï¿½,1.0
403,adobe photoshop cs3 extended [ mac ],adobe,999.0,adobe photoshop cs3 extended [ mac ],adobe,$999.00 [ mac ],1.0
404,punch super home suite 3.0,punch ! software,49.99,adobe contribute cs3 [ mac ],adobe,149.0 à¼¼ Back To Top â–²,1.0
405,form workshop 1200,valusoft,29.99,freddi fish 4 : the haunted schoolhouse,,29.95 ï¿½ï¿½,1.0
406,peachtree by sage pro accounting 2007,sage software,169.99,form workshop 1350,USoft,29.99 errilla,1.0
407,corel wordperfect office 12 standard upgrade,corel,149.99,Microsoft office student and teacher edition 2004 macintosh,microsoft,$249.49 librat,1.0
408,microsoft office student and teacher edition 2004 macintosh,microsoft,149.99,pc tutor learn windows vista & office 2007,nova development,29.99 ï¿½ï¿½ BOOKTALKING TOP TALKING BOOKTALKING INDIA 7 BOOK,1.0
409,hallmark blank greeting cards half-fold matte premium 20 count,nova development,12.99,adobe contribute ad3 [ mac ],adobe,149.0 ï¿½ï¿½,1.0
410,adobe premiere elements 3.0 [ lb ],adobe,99.99,punch super home suite 5.0,punch,49.99 galitarian,1.0
411,microsoft office student and teacher edition 2004 macintosh,microsoft,149.99,punch super home suite 3,punch !! software,49.99 *,1.0
412,adobe creative suite cs3 master collection upgrade [ mac ],adobe,1399.0,adobe creative suite cs3 web premium [ mac ],adobe ILM cols3 cols3 cols3 cols3,19.99,1.0
413,punch super home suite 3.0,punch ! software,49.99,imsi resume writer deluxe [ lb ],imsi design,19.95 ï¿½ï¿½,1.0
414,peachtree by sage pro accounting 2007,sage software,169.99,webroot spy sweeper with agnostic family EDITION 1 pcs,webroot software,49.95,1.0
415,pc tutor learn windows vista & office 2007,nova development,29.99, , For more, 1,1.0
416, ,nova development,29.99 _.vistaTOPICS:,britannica deluxe,avanquest software,29.95 ï¿½ï¿½,1.0
417, , Top Contributors to site map,29.99 _.vistaTOPICS:,Punch ! Professional home design suite,punch ! software,67.99 _.,1.0
418,form workshop 1200,valusoft,29.99, 1, ," Please note that you must include your own payment method, such",1.0
419,microsoft visio standard 2007,microsoft,259.95,139.0 ï¿½ï¿½,adobe contribute cs3 [ mac ],,1.0
420,pc tutor learn windows vista & office 2007,nova development,29.99,checkmark multiledger,checkmark software,399.0 ğ§‡¸ï¿½è¢æ–­ color,1.0
421,adobe contribute cs3 [ mac ],adobe,149.0,adobe Creative suite cs3 standard collection upgrade [ mac ],adobe,1490.0 ğ”“·æœ¬ title å¤†å¯Œè¿›äº†ä»˜ï¿½,1.0
422,microsoft visio standard 2007,microsoft,259.95,adobe photoshop CS3 extended [ mac ],adobe,999.0,1.0
423, ,microsoft,259.95,microsoft office student and teacher edition 2004 macintosh,microsoft,"149.99 8"" Macintosh",1.0
424, , Columbeza: BJJ vs The USA in MMA: Best,259.95,form workshop 1200,USoft,29.,1.0
425,form workshop 1200,valusoft,29.99,freddi fish 2 : the haunted schoolhouse,humongous entertainment,3.95 ğ”²ì¡° ğ”³í‹  ï¿½,1.0
426,webroot spy sweeper with antivirus family edition 3 pcs,webroot software,49.95,adobe Creative Suite css version 7.8,adobe,1499.0 ï¿½ï¿½,1.0
427,math success deluxe 2007,topics entertainment,39.99,imsi resume writer deluxe [ lb ],imsi design,19.95 ï¿½ï¿½,1.0
428,adobe after effects professional 6.5 upgrade from standard to professional,adobe,499.99,price [ mac ],preproduction,499.0 ONSORED,1.0
429,punch super home suite 3.0,punch ! software,49.99,less brain games,csdc,9.99 ï¿½ï¿½,1.0
430,adobe creative suite cs3 master collection upgrade [ mac ],adobe,1399.0,webroot SPACEMATH 3 pcs,webroot download,49.95 umerous,1.0
431,more brain games,csdc,9.99,oresoft visio standard 2007,polysoft visio standard 2007,263.95 ğŒªå·é¸ ï¿½,1.0
432,pc tutor learn windows vista & office 2007,nova development,29.99,corel,149.99 ã€TOP OF BOXã€‘,149.99 ã€TOP OF BOXã€‘,1.0
433,adobe photoshop cs3 extended [ mac ],adobe,999.0,punch ! professional home design suite,punch ! software,69.99 VIDIA TITAN X TITAN COMICS,1.0
434,adobe premiere elements 3.0 [ lb ],adobe,99.99,adobe contribute cs3 [ mac ],adobe,154.0 ï¿½ï¿½,1.0
435,microsoft visio standard 2007,microsoft,259.95,adobe contribute cs3 [ mac ],,149.0 ï¿½ï¿½,1.0
436,adobe after effects professional 6.5 upgrade from standard to professional,adobe,499.99,form workshop 3132,UET,13.98 ï¿½ï¿½,1.0
437,more brain games,csdc,9.99,peachtree by sage pro operating in 2011,sage software,163.99 _.1012(6.10a0): $2.95,1.0
438,adobe photoshop cs3 extended [ mac ],adobe,999.0,adobe prices ï¿½ï¿½,adobe,99.99 ï¿½ï¿½,1.0
439,imsi resume writer deluxe [ lb ],imsi design,19.95,form workshop 120,usoft,29.99 ï¿½ï¿½-,1.0
440,more brain games,csdc,9.99,britannica deluxe,avan,30.95 ï¿½ï¿½,1.0
441,freddi fish 2 : the haunted schoolhouse,humongous entertainment,29.95,adobe Premiere elements 2.0 [ lb ],adobe,99.99 ï¿½ï¿½,1.0
442,pc tutor learn windows vista & office 2007,nova development,29.99,adobe premiere elements 3.0 [ lb ],,99.99 ï¿½ï¿½,1.0
443,math success deluxe 2007,topics entertainment,39.99,webroot spy sweeper with antivirus family edition 4 pcs,webroot software,49.95 ï¿½ï¿½,1.0
444,adobe creative suite cs3 master collection upgrade [ mac ],adobe,1399.0,nova development plus a 20 count,nova development,12.99 ï¿½ï¿½,1.0
445,form workshop 1200,valusoft,29.99,freddi fish 2 : the haunted schoolhouse,,29.99 ï¿½ï¿½,1.0
446,adobe after effects professional 6.5 upgrade from standard to professional,adobe,499.99,more brain games,7.99 BuyableInstoreAndOnline,12.99 BuyableInstoreAndOnline,1.0
447,punch super home suite 3.0,punch ! software,49.99,adobe creative suite cs3 master collection upgrade [ mac ],adobe,1410.0 ï¿½ï¿½,1.0
448,adobe creative suite cs3 web premium [ mac ],adobe,1599.0,britannica deluxe,avan,29.95 ï¿½ï¿½,1.0
449,imsi resume writer deluxe [ lb ],imsi design,19.95,pc tutor learn windows vista & office 2007,nova development,29.99 ï¿½ï¿½,1.0
450,microsoft visio standard 2007,microsoft,259.95,britannica deluxe,avan,29.95 ï¿½ï¿½TITLE,1.0
451,checkmark multiledger,checkmark software,399.0,pc tutor learn windows vista & office 2007,nova development,29.99 uania,1.0
452,form workshop 1200,valusoft,29.99,adobe donate cs3 [ mac ],adobe,150.0 ï¿½ï¿½,1.0
453,adobe creative suite cs3 master collection upgrade [ mac ],adobe,1399.0,macrosoft visio standard 2011,microsoft,389.99 ï¿½ï¿½,1.0
454,adobe photoshop cs3 extended [ mac ],adobe,999.0,pc tutor learn windows vista & office 2007,nova development,29.99 galitarian,1.0
455,adobe contribute cs3 [ mac ],adobe,149.0, # The VSA was invented by the company that provided, 1, ,1.0
456,freddi fish 2 : the haunted schoolhouse,humongous entertainment,29.95,adobe,1399.2 uania,adobe Creative Suite [ mac ],1.0
457,form workshop 1200,valusoft,29.99,jquery,webroot spy with security family edition 3 pcs,99.45 ibabacol,1.0
458,microsoft office student and teacher edition 2004 macintosh,microsoft,149.99,checkmark multiledger col_price,checkmark software,399.0 Ire,1.0
459,pc tutor learn windows vista & office 2007,nova development,29.99,PC tutor learn windows vista & office 2007,nova development,29.99 ï¿½ï¿½,1.0
460,adobe contribute cs3 [ mac ],adobe,149.0,microsoft office student and teacher edition 2004 macintosh,microsoft,149.99 ğŒ‰ğŒï¿½è¼»ç’’ title SUN,1.0
461,punch super home suite 3.0,punch ! software,49.99,adobe after effects professional 6.5 upgrade from standard to professional,adobe,499.99,1.0
462,punch super home suite 3.0,punch ! software,49.99, The following items are currently sold out and may become available later in, 1, ,1.0
463,adobe creative suite cs3 web premium [ mac ],adobe,1599.0,humongous entertainment,30.95 ï¿½ï¿½,freddi fish 4 : the haunted school house,1.0
464,imsi resume writer deluxe [ lb ],imsi design,19.95,1199.0 ï¿½ï¿½,adobe,1199.0 ï¿½ï¿½,1.0
465,webroot spy sweeper with antivirus family edition 3 pcs,webroot software,49.95,microsoft visio standard 2008,microsoft,261 .95 igham,1.0
466, ,webroot software,49.95,britannica deluxe,avanquest software,29.95,1.0
467, , For more,49.95," ""Brigade"" [ edit", 1, ,1.0
468,britannica deluxe,avanquest software,29.95,adobe,99.99 ğ¸…äº† color FRONT label FRONT label SFRONT label,adobe Premiere elements 3.0 [ 1 ],1.0
469,punch ! professional home design suite,punch ! software,69.99,britannica del,avanquest software,29.95 ä¸ç·ç”¨é“,1.0
470, ,punch ! software,67.99 _.,webroot spy sweeper with antiv,webroot software,9.50 VERTISEMENT,1.0
471, , ,67.99 _.,punch ! professional home design suite,punch ! software,68.99 umerous,1.0
472, , ," Please note that you must include your own payment method, such",math success deluxe 2008,topics entertainment,39.99  MeierLINK catalog cola category,1.0
473,149.0,adobe contribute cs3 [ mac ],adobe,freddi fish 2 : the haunted schoolhouse,humongous entertainment,29.95 ï¿½ï¿½ colt-says colt-says 3 : the haunted schoolhouse,1.0
474,checkmark multiledger,checkmark software,399.0,"brand blank greeting cards ""All of your messages, our brand and",nova develop,12.99 ï¿½ï¿½,1.0
475,adobe creative suite cs3 master collection upgrade [ mac ],adobe,1399.0,adobe Creative suite cs3 master collection upgrade [ mac ],adobe,1401,1.0
476,adobe photoshop cs3 extended [ mac ],adobe,999.0,adobe show primetime elements 2 [ lb ],adobe,99.99 ï¿½ï¿½,1.0
477,microsoft office student and teacher edition 2004 macintosh,microsoft,149.99,adobe after effects professional 6.5 upgrade from standard to professional,adobe,499.99 galitarian,1.0
478,form workshop 1200,valusoft,29.99,microsoft visio standard 2008,microsoft,259.95 ï¿½ï¿½,1.0
479,freddi fish 2 : the haunted schoolhouse,humongous entertainment,29.95,adobe creativity suite cs3 master collection upgrade [ mac ],adobe,138.0 ï¿½ï¿½,1.0
480,adobe creative suite cs3 master collection upgrade [ mac ],adobe,1399.0,sonyvengas movie studio + dvd 10 platinum edition,sony media,129.95 assic,1.0
481,imsi resume writer deluxe [ lb ],imsi design,19.95,pc tutor learn windows vista & office 2007,nova development,29.99 ï¿½ï¿½,1.0
482,adobe photoshop cs3 extended [ mac ],adobe,999.0,britannica deluxe,avanquest software,29.95,1.0
483,more brain games,csdc,9.99,microsoft visio standard 2007,microsoft,260.95 ğŒƒè‰¦éœ€é” ï¿½,1.0
484,webroot spy sweeper with antivirus family edition 3 pcs,webroot software,49.95,microsoft office student and teacher edition 2004 linux,microsoft,159.99 ğ ˆ•ï¿½ ğ ˆ· ğ ˆ— ï¿½,1.0
485,microsoft visio standard 2007,microsoft,259.95,adobe after effects professional 6.5 upgrade from standard to professional,adobe,449.99 ğ¦Œ·ğ¦Œ¿ ï¿½ï¿½ ä¸€äºº äº,1.0
486,corel wordperfect office 12 standard upgrade,corel,149.99,adobe Creative suite cs3 master collection upgrade [ mac ],adobe,1300.0 ï¿½ï¿½,1.0
487,punch ! professional home design suite,punch ! software,69.99,hallmark blank greeting cards half-fold matte premium 20 count,nova development,12.99 ï¿½ï¿½,1.0
488,adobe contribute cs3 [ mac ],adobe,149.0,sony vegas movie studio + dvd 9 platinum edition + dvd,sony media,139.95 + dvd,1.0
489,adobe contribute cs3 [ mac ],adobe,149.0,adobe donation cs3 [ mac ],,299.6  Meier,1.0
490,form workshop 1200,valusoft,29.99,microsoft office student and teacher edition 2006 macintosh,microsoft,168.50 ï¿½ï¿½ MicroSoft.com INC,1.0
491,peachtree by sage pro accounting 2007,sage software,169.99,peachtree by sage pro accounting 2.05,sage software,168.99 cedented$10.00 ************************** 3 years of use,1.0
492,adobe premiere elements 3.0 [ lb ],adobe,99.99,freddi fish 4 : the haunted schoolhouse,humongous entertainment,29.95 ï¿½ï¿½,1.0
493,form workshop 1200,valusoft,29.99,freddi fish 2 : haunted schoolhouse,humongous entertainment,29.99 ï¿½ï¿½,1.0
494,britannica deluxe,avanquest software,29.95,punch super home suite 5.0,punch ! software,49.99 ï¿½ï¿½,1.0
495,adobe premiere elements 3.0 [ lb ],adobe,99.99,microsoft office student and teacher edition 2008 macintosh,microsoft,149.99 ğ Œºğ ‚†ğ ‘‘é¢ï¿½,1.0
496,adobe premiere elements 3.0 [ lb ],adobe,99.99,freddi fish 2 : the haunted schoolhouse,humongous entertainment,29.95 ï¿½ï¿½,1.0
497,webroot spy sweeper with antivirus family edition 3 pcs,webroot software,49.95,checkmark multiledger,checkmark software,399.0 ğ’Š¿é• title val checkmark multiledger,1.0
498,hallmark blank greeting cards half-fold matte premium 20 count,nova development,12.99,more brain games,csdc,9.99 ï¿½ï¿½,1.0
499,freddi fish 2 : the haunted schoolhouse,humongous entertainment,29.95,punch $9.99 !! software,punch ! software,34.99 ï¿½ï¿½,1.0
500,more brain games,csdc,9.99,adobe creative suite cs3 master collection upgrade [ mac ],adobe,1499.0 ğ–¸ƒä¸‡è¿”ä¸ä»²å¤© (C1QY,1.0
501,adobe creative suite cs3 master collection upgrade [ mac ],adobe,1399.0,microsoft office student and teacher edition 2004 macintosh,microsoft,149.99 ğ¢“¥éŒå•° title å°˜å­¤ï¿½,1.0
502,britannica deluxe,avanquest software,29.95,britannica deluxe,avanquest software,29.95 ï¿½ï¿½,1.0
503,pc tutor learn windows vista & office 2007,nova development,29.99,math success Deluxe 2007,topics entertainment,39.99 ï¿½ï¿½,1.0
504,britannica deluxe,avanquest software,29.95,webroot spy sweeper with anti-virus family edition 1 pcs,webroot software,49.95 izational,1.0
505,pc tutor learn windows vista & office 2007,nova development,29.99,ADobe after effects professional 12.5 upgrade from standard to professional,adobe,499.99 ï¿½ï¿½,1.0
506,adobe contribute cs3 [ mac ],adobe,149.0,checkmark multiledger,checkmark software,399.0 olithic,1.0
507,microsoft visio standard 2007,microsoft,259.95,adobe,adobe,1449.0 ï¿½ï¿½,1.0
508,pc tutor learn windows vista & office 2007,nova development,29.99,adobe contribute cs3 [ mac ],adobe,149.0,1.0
509, ,nova development,29.99 galitarian,adobe premiere elements 3.0 [ lb ],,99.99 ï¿½ï¿½,1.0
510, , #,29.99 galitarian,adobe creative suite cs3 web premium [ mac],adobe,1599.1 ï¿½ï¿½,1.0
511, , #, ,corel wordperfect office 12 standard upgrade,corel col1,99.99 ğ©Š¤ ğ©Š¤ ï¿½,1.0
512, # The VSA was invented by the company that provided, #, ,punch super home suite 3.3,punch promo !!! software,49.99 ï¿½ï¿½,1.0
513,adobe,1399.0,adobe creative suite cs3 master collection upgrade [ mac ],webroot spy with antivirus family edition 3 pcs,webroot software,49.95 ËœËœËœËœËœËœËœËœËœËœËœËœËœËœËœËœËœËœËœËœËœ,1.0
514,webroot spy sweeper with antivirus family edition 3 pcs,webroot software,49.95,pc tutor get windows vista & office 2007,nova development,29.99 ï¿½ï¿½,1.0
515,checkmark multiledger,checkmark software,399.0, , The only place we have to write a simple test can help us to, 1,1.0
516,pc tutor learn windows vista & office 2007,nova development,29.99,adobe photoshop cs3 Extended [ mac ],adobe,999.8 ä¸å®‰å®˜åè¯´æ¸¯æ¥å°˜,1.0
517,microsoft office student and teacher edition 2004 macintosh,microsoft,149.99,aquidiana,humongous entertainment,29.95 ä¹å®œæ´»ç”±é‡ä¸º,1.0
518,adobe after effects professional 6.5 upgrade from standard to professional,adobe,499.99,adobe review 1.8 [ lb ],adobe,,1.0
519, ,adobe,499.99,adobe photoshop cs3 extended [ mac ],adobe,1000.0 ï¿½ï¿½,1.0
520, , Product Details,499.99,sony vegas movie studio + dvd 8 platinum edition,sony media,,1.0
521, , Product Details, ,adobe add cs3 [ mac ],,149.0 ï¿½ï¿½,1.0
522, The following items are currently sold out and may become available later in, Product Details, ,corel wordperfect office 12 standard upgrade,corel,149.99 izationalSTATUS l 2.00 1.30 3.55 izational,1.0
523,humongous entertainment,29.95,freddi fish 2 : the haunted schoolhouse,hallmark blank greeting cards half-fold matte premium 20 count,nova development,12.,1.0
524,adobe creative suite cs3 web premium [ mac ],adobe,1599.0,hallmark blank greeting cards half-fold matte premium 20 count,nova development,13.,1.0
525,microsoft visio standard 2007,microsoft,259.95,punch super home suite 4.0,punch,49.99 ï¿½ï¿½col title,1.0
526,britannica deluxe,avanquest software,29.95,hallmark blank greeting cards half-fold matte premium 21 count,nova development,12.99 ï¿½ï¿½,1.0
527, ,avanquest software,29.95,britannica deluxe,avanquest software,29.95 ï¿½ï¿½,1.0
528, ," ""Brigade""",29.95,punch ! premium home design suite,punch ! software,69.99 ğ§—ï¿½è¥¿ col title,1.0
529, ," ""Brigade""", ,checkmark multiledger,checkmark software,399.0 ï¿½ï¿½ï¿½ï¿½ä¹‹ï¿½ title,1.0
530," ""Brigade"" [ edit"," ""Brigade""", ,pc tutor learn windows vista & office 2011,nova development,29.99 ï¿½ï¿½,1.0
531,adobe,99.99,adobe premiere elements 3.0 [ lb ],britannica deluxe,avan,29.99 ï¿½ï¿½,1.0
532,britannica deluxe,avanquest software,29.95,adobe after effects professional 6.5 upgrade from standard to professional,adobe,950.99 aciously,1.0
533,webroot spy sweeper with antivirus family edition 3 pcs,webroot software,49.95,adobe Premiere Elements 3.0 [ lb ],adobe,89.99 ã„”ã„”ã„”ã„”ã„”ï¿½,1.0
534,punch ! professional home design suite,punch ! software,69.99,adobe Premiere elements 3.0 [ lb ],adobe,99.99 [ lb ],1.0
535,math success deluxe 2007,topics entertainment,39.99,checkmark multiledger,checkmark software,399.99 ğ”Šº col,1.0
536,freddi fish 2 : the haunted schoolhouse,humongous entertainment,29.95,britannica deluxe,avan,15.95 ï¿½ï¿½,1.0
537,hallmark blank greeting cards half-fold matte premium 20 count,nova development,12.99,hallmark blank greeting cards half-fold matte premium 20 count,nova production,12.99 ï¿½ï¿½,1.0
538,adobe creative suite cs3 master collection upgrade [ mac ],adobe,1399.0,freddi Fish 2 : the haunted schoolhouse,,29.95 izational,1.0
539,adobe premiere elements 3.0 [ lb ],adobe,99.99,adobe creative suite cs3 web premium [ mac ],adobe,1699.0 ormon,1.0
540,adobe after effects professional 6.5 upgrade from standard to professional,adobe,499.99,webroot spy sweeper with antivirus family edition 3 pcs,webroot software,9.99,1.0
541,microsoft visio standard 2007,microsoft,259.95,adobe contribute cs3 [ mac ],adobe,149.0 ã…‹ã…‹ã…‹ã…‹â€»â€»â€»â€»â€»â€»ï¿½,1.0
542,adobe creative suite cs3 master collection upgrade [ mac ],adobe,1399.0,form workshop 1200,usoft,29.99 ï¿½ï¿½,1.0
543,sony vegas movie studio + dvd 8 platinum edition,sony media,129.95,peachtree by sage pro accounting 2007,sage software,169.99 _.calibur.com description,1.0
544,pc tutor learn windows vista & office 2007,nova development,29.99,adobe Creative suite cs3 web premium [ mac ],adobe,1599.0 ï¿½ï¿½,1.0
545,britannica deluxe,avanquest software,29.95,math success deluxe 2008,topics education,39.99 ÜÜÜ™ÜšÜ˜ ENGINE -,1.0
546,microsoft visio standard 2007,microsoft,259.95,peachtree by sage pro accounting 2007,,170.99 BuyableInstoreAndOnline,1.0
547,microsoft office student and teacher edition 2004 macintosh,microsoft,149.99,visio standard 2008,microsoft,239.95 Regarding price of the visio system,1.0
548,adobe after effects professional 6.5 upgrade from standard to professional,adobe,499.99,punch super home suite 3.0,punch,49.99 ï¿½ï¿½,1.0
549,adobe creative suite cs3 master collection upgrade [ mac ],adobe,1399.0,adobe premiere elements 3.0 [ lb ],adobe,99.99 [ lb ] [,1.0
550,hallmark blank greeting cards half-fold matte premium 20 count,nova development,12.99,adobe,adobe,99.99,1.0
551,sony vegas movie studio + dvd 8 platinum edition,sony media,129.95,99.99 ï¿½ï¿½, 1,adobe,1.0
552,adobe contribute cs3 [ mac ],adobe,149.0,csdc,9.91 _.,more brain games,1.0
553,microsoft office student and teacher edition 2004 macintosh,microsoft,149.99,adobe Creative suite cs3 web premium [ mac ],adobe,1599.0 ï¿½ï¿½,1.0
554,peachtree by sage pro accounting 2007,sage software,169.99,more brain games,csdc,12.99 _.,1.0
555,freddi fish 2 : the haunted schoolhouse,humongous entertainment,29.95,adobe,adobe,999.0 BuyableInstoreAndOnline,1.0
556,freddi fish 2 : the haunted schoolhouse,humongous entertainment,29.95,webroot spy wheezy with ATU/ATU firmware version 3 pcs,webroot software,49.95 comparand,1.0
557,punch super home suite 3.0,punch ! software,49.99,adobe addcs3 [ mac ],,149.0 ï¿½ï¿½col title,1.0
558,microsoft office student and teacher edition 2004 macintosh,microsoft,149.99,punch! professional home design suite,Punch ! software,69.99 ğ ´¤ï¿½ï¿½.,1.0
559,freddi fish 2 : the haunted schoolhouse,humongous entertainment,29.95, , â¤ï¸â˜‚ï¿½, 1,1.0
560,checkmark multiledger,checkmark software,399.0,adobe photoshop cs3 Extended [ mac ],adobe,999.0 ğ–œ°å‡±æˆªç¦» title,1.0
561,more brain games,csdc,9.99,punch ! professional home design suite,punch ! software,69.99 ï¿½ï¿½,1.0
562,punch super home suite 3.0,punch ! software,49.99,microsoft office student and teacher edition 2004 macintosh,microsoft,149.99,1.0
563,adobe creative suite cs3 master collection upgrade [ mac ],adobe,1399.0, ," The full-size version came with ""MISC-V Edition""", 1,1.0
564,microsoft office student and teacher edition 2004 macintosh,microsoft,149.99,britannica deluxe,zetec,29.95 ï¿½ï¿½,1.0
565,britannica deluxe,avanquest software,29.95,math failure deluxe 2007,topics entertainment,39.99 idedom,1.0
566,math success deluxe 2007,topics entertainment,39.99,adobe after effects Professional 4.5 update from standard to professional,adobe,49.99 umerable,1.0
567,webroot spy sweeper with antivirus family edition 3 pcs,webroot software,49.95,corel wordperfect office 12 standard upgrade,corel,148.99 ï¿½ï¿½ï¿½ï¿½é¦¬ä¸ƒé¦¬æ›€,1.0
568,adobe after effects professional 6.5 upgrade from standard to professional,adobe,499.99,freddi fish 2 : the haunted schoolhouse,humongous entertainment,29.95 ï¿½ï¿½,1.0
569,checkmark multiledger,checkmark software,399.0,adobe CS3 extended [ mac ],adobe CS3 extended [ mac ],999.0 chwitz,1.0
570,adobe creative suite cs3 master collection upgrade [ mac ],adobe,1399.0,form workshop 1200,usoft,29.99 http://www.colspacer.com/products/colspacement,1.0
571,adobe contribute cs3 [ mac ],adobe,149.0,scanmark multiledger,scanmark software,399.0 ievalCOMS title COMP version VAROCAL-RANK-C,1.0
572,adobe premiere elements 3.0 [ lb ],adobe,99.99,punch ! home design suite,punch ! software,69.99 ğ“ï¿½ ğ§ä¸» ï¿½,1.0
573,adobe creative suite cs3 web premium [ mac ],adobe,1599.0,checkmark multiledger,checkmark software,399.0 ğ”±„è¿°ä¸œä¸»:æœªï¿½,1.0
574,corel wordperfect office 12 standard upgrade,corel,149.99,checkmark multiledger,checkmark software,399.0 omen,1.0
575,punch super home suite 3.0,punch ! software,49.99,pc tutor learn windows vista & office 2007,no,29.99 ï¿½ï¿½,1.0
576,webroot spy sweeper with antivirus family edition 3 pcs,webroot software,49.95,webroot spy sweeper with antivirus family edition 3 pcs,webroot software,49.95 ä¸è…¾ç”£é¦– title,1.0
577,pc tutor learn windows vista & office 2007,nova development,29.99,microsoft office student and teacher edition 2004 microsoft,microsoft,199.99 ğ—¤ï¿½ï¿½ ğ—¤ï¿½ï¿½ âï¿½,1.0
578, ,nova development,29.99 ï¿½ï¿½,microsoft office student and teacher edition 2004 macintosh,microsoft,149.99 View Cart Description,1.0
579, , The only place we have to write a simple test can help us to,29.99 ï¿½ï¿½, , In, 1,1.0
580,adobe photoshop cs3 extended [ mac ],adobe,999.0,Microsoft,microsoft,149.99 ã…ˆã…ˆã…ˆã…ˆ,1.0
581,freddi fish 2 : the haunted schoolhouse,humongous entertainment,29.95,hallmark blank greeting cards half-fold matte premium 20 count,nova,12.99 $45.95,1.0
582,adobe premiere elements 3.0 [ lb ],adobe,99.99,math success deluxe 2007,topics entertainment,39.99 galitarian,1.0
583,adobe photoshop cs3 extended [ mac ],adobe,999.0,adobe Creative suite cs3 web premium [ MAC ],adobe,1599.0 _.,1.0
584,sony vegas movie studio + dvd 8 platinum edition,sony media,129.95,webroot spy sweeper with antivirus family edition 3 pcs,webroot software,49.95 COMPATIBILITY DESCRIPTION DESCRIPTION SPECIFICATIONS ATTRIBUTED REFERENCE,1.0
585,adobe contribute cs3 [ mac ],adobe,149.0,math success deluxe 2007,Topics entertainment,39.99 ibrary.gcc.org,1.0
586,corel wordperfect office 12 standard upgrade,corel,149.99,form workshop 1200,USoft,29.99,
587,hallmark blank greeting cards half-fold matte premium 20 count,nova development,12.99, , A more recent version of the guide is available online to all customers, 1,
588,hallmark blank greeting cards half-fold matte premium 20 count,nova development,12.99,form workshop 1200,USoft,29.99 izational,
589,punch super home suite 3.0,punch ! software,49.99,more brain games,csdc,9.99 imediacol,
590,hallmark blank greeting cards half-fold matte premium 20 count,nova development,12.99,PC tutor learn windows vista & office 2009,nova development,29.99 galitarian,
591,britannica deluxe,avanquest software,29.95,branding logo full pack,nova development,12.99 ï¿½ï¿½,
592,punch ! professional home design suite,punch ! software,69.99,webroot webroot webroot nr.pcm,49.95 ï¿½ï¿½,49.95 ï¿½ï¿½,
593,checkmark multiledger,checkmark software,399.0,webroot spy sweeper with security family edition 2 pcs,webroot software,49.95 izational,
594,pc tutor learn windows vista & office 2007,nova development,29.99,checkmark multiledger,checkmark software,399.0 ğ˜ˆŠä¸‡Ø§ã‚°ï¿½ä¸‹ã«æ™®,
595,britannica deluxe,avanquest software,29.95,punch super home suite 3.0,punch ! software,49.99 ï¿½ï¿½Col model,
596,adobe after effects professional 6.5 upgrade from standard to professional,adobe,499.99,punch super home suite 3.0,punch ! software,49.99 ï¿½ï¿½,
597,adobe premiere elements 3.0 [ lb ],adobe,99.99,professional home design suite,punch ! software,,
598,adobe premiere elements 3.0 [ lb ],adobe,99.99,visio standard 2009,microsoft,259.95 ï¿½ï¿½,
599,checkmark multiledger,checkmark software,399.0,hallmark blank greeting cards half-fold matte premium 20 count,nova development,12.99 ï¿½ï¿½,
600,britannica deluxe,avanquest software,29.95,more brain games,csdc,9.99 ï¿½ï¿½,
601,hallmark blank greeting cards half-fold matte premium 20 count,nova development,12.99,scanmark multiledger,scanmark software,399.0 galitarian,
602,freddi fish 2 : the haunted schoolhouse,humongous entertainment,29.95,imsi resume writer deluxe [ lb ],imsi design,19.95 ï¿½ï¿½-,
603,adobe creative suite cs3 web premium [ mac ],adobe,1599.0,freddi aquatics,humongous entertainment,29.99 ï¿½ï¿½,
604,webroot spy sweeper with antivirus family edition 3 pcs,webroot software,49.95,pc tutor learn windows vista & office 2007,nova development,29.99 _.VMS_,
605,adobe contribute cs3 [ mac ],adobe,149.0,"""microsoft"" edition 2004 macintosh",microsoft,99.99 ã…‹ã…‹ã…‹ã…‹,
606,form workshop 1200,valusoft,29.99,trademark blank greeting cards half-fold matte premium 20 count,nova development,12.99 ï¿½ï¿½,
607,peachtree by sage pro accounting 2007,sage software,169.99,peachtree by sage pro accounting 2008,sageSoftware,169.99 ONSORED,
608,adobe creative suite cs3 web premium [ mac ],adobe,1599.0,adobe creative suite cs3 web premium [ mac ],adobe,1599.0 ï¿½ï¿½,
609,math success deluxe 2007,topics entertainment,39.99,microsoft office student and teacher edition 2005 macintosh,microsoft,149.99 ******************************,
610,peachtree by sage pro accounting 2007,sage software,169.99, 1, , * NEW,
611,microsoft visio standard 2007,microsoft,259.95,49.99 ï¿½ï¿½,punch super home suite 3.1,punch ! software,
612,punch super home suite 3.0,punch ! software,49.99,webroot PCT pcs,webroot system,49.95 ä¸æœæ ¡éšåˆç´¯æ–™å­£èª¿é¿åˆç´¯ï¿½,
613,adobe premiere elements 3.0 [ lb ],adobe,99.99,microsoft visio single cap 2011,microsoft,542.95 *******************************,
614,adobe premiere elements 3.0 [ lb ],adobe,99.99, , All trademarks and copyrights of microsoft, 1,
615,adobe, ,99.99,microsoft visio standard 2015,,259.95 2014,
616,adobe, , RAW Paste Data,math failure deluxe 2007,topics entertainment,39.99,
617, , , RAW Paste Data,sony vegas movie studio + dvd 8 platinum edition,sony media,sony media,
618,99.99 ï¿½ï¿½, [ c0 ],adobe,peachtree by sage pro accounting 2015,sage software,16.99 ï¿½ï¿½,
619,csdc,9.99,more brain games,math accuracy DELuxe 2007,topics entertainment,10.00 ONSORED BY,
620,adobe creative suite cs3 web premium [ mac ],adobe,1599.0, , Vermont Sen. Sheldon Whitehouse, 1,
621,more brain games,csdc,9.99,peachtree by sage pro accounting 2007,sage software,174.99 ï¿½ï¿½,
622,adobe photoshop cs3 extended [ mac ],adobe,999.0,britannica deluxe,avanquest software,"29.95 ï¿½ï¿½ Colors are provided through a free, royalty-free, public file sharing",
623,webroot spy sweeper with antivirus family edition 3 pcs,webroot software,49.95,peachtree by sage pro accounting 2016,sage software,168.99 __________________________,
624,adobe contribute cs3 [ mac ],adobe,149.0,microsoft office student and teacher edition 2004 macintosh,microsoft,"149.99 ğ¥½–ã®ä¸Ÿè‚³è¨˜,æœˆï¿½",
625,punch ! professional home design suite,punch ! software,69.99,adobe Creative Suite cs3 master collection upgrade [ mac ],val adobe,1399.1 ï¿½ï¿½,
626, ,Punch ! software,69.99 ğ ´¤ï¿½ï¿½.,adobe contribute cs3 [ mac ],adobe,149.0 ï¿½ï¿½,
627, , â¤ï¸â˜‚ï¿½,69.99 ğ ´¤ï¿½ï¿½.,britannica deluxe,avanquest software,29.95 ï¿½ï¿½/3.5V,
628,adobe photoshop cs3 extended [ mac ],adobe,999.0, ," You should run the ""AVAN", 1,
629,punch ! professional home design suite,punch ! software,69.99,microsoft office student and teacher edition 2004 macintosh,microsoft,149.99,
630,microsoft office student and teacher edition 2004 macintosh,microsoft,149.99,britannica deluxe,avanquest software,30.95 ï¿½ï¿½Col title,
631, ,microsoft,149.99,more brain games,csdc,9.99 ï¿½ï¿½,
632, ," The full-size version came with ""MISC-V Edition""",149.99,peachtree by sage pro accounting 2007,,169.99 ï¿½ï¿½,
633,britannica deluxe,avanquest software,29.95,corel wordperfect office 14 standard improvement,core,.99 ï¿½ï¿½,
634,math success deluxe 2007,topics entertainment,39.99,adobe contribute cs3 [ linux ],,149.0 ï¿½ï¿½,
635,adobe after effects professional 6.5 upgrade from standard to professional,adobe,499.99,hallmark blank greeting cards half-fold matte premium 20 count,nova development,12.99 ï¿½ï¿½,
636,corel wordperfect office 12 standard upgrade,corel,149.99,sonyvegas vintages + dvd 8 platinum edition,sony media,129.95 ibrary TITLE,
637,freddi fish 2 : the haunted schoolhouse,humongous entertainment,29.95,more brain games,csdc,9.99 ieval,
638,adobe photoshop cs3 extended [ mac ],adobe,999.0,adobe contributor cs3 [ mac ],adobe,149.0 ï¿½ï¿½,
639,form workshop 1200,valusoft,29.99,adobe donate com [ mac ],adobe donate com [ mac ],149.0 ï¿½ï¿½,
640,checkmark multiledger,checkmark software,399.0,corel product,corel,149.99 ï¿½ï¿½,
641,punch ! professional home design suite,punch ! software,69.99,Microsoft visio standard 2008,microsoft,259.95 ğ¦ï¿½ç¶Šé¡»æ¨ï¿½,
642,checkmark multiledger,checkmark software,399.0,adobe Premiere elements 3.0 [ pt ],adobe,99.99 3,
643,checkmark multiledger,checkmark software,399.0,britannica deluxe,avanquest software,29.95 ï¿½ï¿½ALERTS,
644,pc tutor learn windows vista & office 2007,nova development,29.99,corel wordperfect office 13 standard upgrade,corel,151.99 ï¿½ï¿½,
645,webroot spy sweeper with antivirus family edition 3 pcs,webroot software,49.95,adobe launch elements 3.0 [ lb ],adobe,99.99 ï¿½ï¿½,
646,microsoft office student and teacher edition 2004 macintosh,microsoft,149.99,visio standard 2007,visio,260.95 izational-1-3-R8V50,
647,microsoft office student and teacher edition 2004 macintosh,microsoft,149.99,math success deluxe 2007,subjects entertainment,41.09 ï¿½ï¿½,
648, ,microsoft,149.99 View Cart Description,adobe Creative suite cs3 web premium [ mac ],adobe,1599.0 edIncol title,
649, , Buy Here,149.99 View Cart Description,freddi fish 4 : the haunted schoolhouse,,30.95 ï¿½ï¿½,
650, , Buy Here, ,microsoft visio standard 2015,microsoft,259.95 ï¿½ï¿½,
651, In Stock, Buy Here, ,form workshop 1200,USoft,29.99,
652, In Stock, , ,microsoft office student and teacher edition 2005 macintosh,microsoft,149.99 _.Col title,
653, In Stock, , In Stock,checkmark multiledger,checkmark software,399.0 _.CODE_1_4_8 1.0,
654, , , In Stock, , This, 1,
655, , In, In Stock,price,webroot computer,49.95 paralleled view,
656,microsoft office student and teacher edition 2004 macintosh,microsoft,149.99,webroot sp2 sp2 lollipop,webroot software,49.95 ï¿½ï¿½,
657,hallmark blank greeting cards half-fold matte premium 20 count,nova development,12.99,webroot Spy sweeper with antivirus family edition 4 pcs,webroot software,49.95 izational,
658,math success deluxe 2007,topics entertainment,39.99,microsoft office student and teacher edition 2004 macintosh,microsoft,149.99 ğ’º©èª² ğ’º©èª² ï¿½,
659,adobe creative suite cs3 web premium [ mac ],adobe,1599.0,form workshop 1202,usoft,29.99 ï¿½ï¿½,
660,webroot spy sweeper with antivirus family edition 3 pcs,webroot software,49.95,sony vegas movie studio + dvd 11 platinum edition,sony media,135.95 _.,
661,math success deluxe 2007,topics entertainment,39.99,corel wordperfect 8 standard upgrade,corel,149.99 ................***,
662,form workshop 1200,valusoft,29.99, , We can use a variety of languages so you get the most out, 1,
663, ,USoft,29.99,form workshop 1300,usoft,29.99 ï¿½ï¿½,
664, , A more recent version of the guide is available online to all customers,29.99,pc tutor learn windows vista & office 2007,nova development,29.99 ï¿½ï¿½,
665,form workshop 1200,valusoft,29.99,adobe contributing cs2 [ mac ],adobe,159.3 ï¿½ï¿½,
666,more brain games,csdc,9.99,sony vegas movie studio +,sony media,129.95  Meier,
667,pc tutor learn windows vista & office 2007,nova development,29.99,adobe premiere elements 3.0 [ lb ],adobe,99.99 ğ“±†ç²é¸¿ç‚¹ title [ j ],
668,hallmark blank greeting cards half-fold matte premium 20 count,nova development,12.99,highpoint âœ“ software,punch ! software,49.99 reditary,
669,webroot spy sweeper with antivirus family edition 3 pcs,webroot software,49.95,testmark multiledger,testmark software,399.0 ievalCol description_col_text_text col_text_text col,
670,webroot spy sweeper with antivirus family edition 3 pcs,webroot software,49.95,adobe photoshop cs3 extended [ mac ],adobe,999.0 ğ–‘‰é’é™¸æ…¨å°å…¨,
671,checkmark multiledger,checkmark software,399.0,microsoft visio standard 2007,microsoft,263.95 izationals,
672,punch super home suite 3.0,punch ! software,49.99, , (4) Each of the following shall be construed as, 1,
673,punch super home suite 3.0,punch ! software,49.99,freddi fish 2 : the haunted schoolhouse,humongous entertainment,29.95 ï¿½ï¿½,
674,punch ! professional home design suite,punch ! software,69.99,,,,
675,microsoft visio standard 2007,microsoft,259.95,,,,
676,hallmark blank greeting cards half-fold matte premium 20 count,nova development,12.99,,,,
677,more brain games,csdc,9.99,,,,
678,checkmark multiledger,checkmark software,399.0,,,,
679,imsi resume writer deluxe [ lb ],imsi design,19.95,,,,
680,freddi fish 2 : the haunted schoolhouse,humongous entertainment,29.95,,,,
681,pc tutor learn windows vista & office 2007,nova development,29.99,,,,
682,microsoft office student and teacher edition 2004 macintosh,microsoft,149.99,,,,
683,hallmark blank greeting cards half-fold matte premium 20 count,nova development,12.99,,,,
684,peachtree by sage pro accounting 2007,sage software,169.99,,,,
685,adobe creative suite cs3 web premium [ mac ],adobe,1599.0,,,,
686,microsoft office student and teacher edition 2004 macintosh,microsoft,149.99,,,,
687, ,microsoft,149.99 ******************************,,,,
688, , ,149.99 ******************************,,,,
689, , , ******************************,,,,
690, , , ******************************,,,,
691, , , ******************************,,,,
692, , , *NEW*,,,,
693, , , *NEW*,,,,
694, , , *NEW*,,,,
695, , , * NEW,,,,
696,49.99,punch super home suite 3.0,punch ! software,,,,
697,webroot spy sweeper with antivirus family edition 3 pcs,webroot software,49.95,,,,
698,microsoft visio standard 2007,microsoft,259.95,,,,
699, ,microsoft,542.95 *******************************,,,,
700, , All trademarks and copyrights of microsoft,542.95 *******************************,,,,
701,microsoft visio standard 2007,microsoft,259.95,,,,
702,math success deluxe 2007,topics entertainment,39.99,,,,
703,sony vegas movie studio + dvd 8 platinum edition,sony media,129.95,,,,
704,peachtree by sage pro accounting 2007,sage software,169.99,,,,
705,math success deluxe 2007,topics entertainment,39.99,,,,
706, ,topics entertainment,10.00 ONSORED BY,,,,
707, , Vermont Sen. Sheldon Whitehouse,10.00 ONSORED BY,,,,
708,peachtree by sage pro accounting 2007,sage software,169.99,,,,
709,britannica deluxe,avanquest software,29.95,,,,
710,peachtree by sage pro accounting 2007,sage software,169.99,,,,
711,microsoft office student and teacher edition 2004 macintosh,microsoft,149.99,,,,
712,adobe creative suite cs3 master collection upgrade [ mac ],adobe,1399.0,,,,
713,adobe contribute cs3 [ mac ],adobe,149.0,,,,
714,britannica deluxe,avanquest software,29.95,,,,
715, ,avanquest software,29.95 ï¿½ï¿½/3.5V,,,,
716, ," You should run the ""AVAN",29.95 ï¿½ï¿½/3.5V,,,,
717,microsoft office student and teacher edition 2004 macintosh,microsoft,149.99,,,,
718,britannica deluxe,avanquest software,29.95,,,,
719,more brain games,csdc,9.99,,,,
720,peachtree by sage pro accounting 2007,sage software,169.99,,,,
721,corel wordperfect office 12 standard upgrade,corel,149.99,,,,
722,adobe contribute cs3 [ mac ],adobe,149.0,,,,
723,hallmark blank greeting cards half-fold matte premium 20 count,nova development,12.99,,,,
724,sony vegas movie studio + dvd 8 platinum edition,sony media,129.95,,,,
725,more brain games,csdc,9.99,,,,
726,adobe contribute cs3 [ mac ],adobe,149.0,,,,
727,adobe contribute cs3 [ mac ],adobe,149.0,,,,
728,corel wordperfect office 12 standard upgrade,corel,149.99,,,,
729,microsoft visio standard 2007,microsoft,259.95,,,,
730,adobe premiere elements 3.0 [ lb ],adobe,99.99,,,,
731,britannica deluxe,avanquest software,29.95,,,,
732,corel wordperfect office 12 standard upgrade,corel,149.99,,,,
733,adobe premiere elements 3.0 [ lb ],adobe,99.99,,,,
734,microsoft visio standard 2007,microsoft,259.95,,,,
735,math success deluxe 2007,topics entertainment,39.99,,,,
736,adobe creative suite cs3 web premium [ mac ],adobe,1599.0,,,,
737,freddi fish 2 : the haunted schoolhouse,humongous entertainment,29.95,,,,
738,microsoft visio standard 2007,microsoft,259.95,,,,
739,form workshop 1200,valusoft,29.99,,,,
740,microsoft office student and teacher edition 2004 macintosh,microsoft,149.99,,,,
741,checkmark multiledger,checkmark software,399.0,,,,
742, ,checkmark software,399.0 _.CODE_1_4_8 1.0,,,,
743, , This,399.0 _.CODE_1_4_8 1.0,,,,
744,webroot spy sweeper with antivirus family edition 3 pcs,webroot software,49.95,,,,
745,webroot spy sweeper with antivirus family edition 3 pcs,webroot software,49.95,,,,
746,webroot spy sweeper with antivirus family edition 3 pcs,webroot software,49.95,,,,
747,microsoft office student and teacher edition 2004 macintosh,microsoft,149.99,,,,
748,form workshop 1200,valusoft,29.99,,,,
749,sony vegas movie studio + dvd 8 platinum edition,sony media,129.95,,,,
750,corel wordperfect office 12 standard upgrade,corel,149.99,,,,
751, ,corel,149.99 ................***,,,,
752, , We can use a variety of languages so you get the most out,149.99 ................***,,,,
753,form workshop 1200,valusoft,29.99,,,,
754,pc tutor learn windows vista & office 2007,nova development,29.99,,,,
755,adobe contribute cs3 [ mac ],adobe,149.0,,,,
756,sony vegas movie studio + dvd 8 platinum edition,sony media,129.95,,,,
757,adobe premiere elements 3.0 [ lb ],adobe,99.99,,,,
758,punch super home suite 3.0,punch ! software,49.99,,,,
759,checkmark multiledger,checkmark software,399.0,,,,
760,adobe photoshop cs3 extended [ mac ],adobe,999.0,,,,
761,microsoft visio standard 2007,microsoft,259.95,,,,
762, ,microsoft,263.95 izationals,,,,
763, , (4) Each of the following shall be construed as,263.95 izationals,,,,
764,freddi fish 2 : the haunted schoolhouse,humongous entertainment,29.95,,,,
