ltable_title,ltable_category,ltable_brand,ltable_modelno,ltable_price,rtable_title,rtable_category,rtable_brand,rtable_modelno,rtable_price,Truth
razer pro click mobile notebook mouse pink,mice,razer,rp01-050106r1m1,40.84,razer pro click mobile tester mouse,mice,razer,rp01-050106r1m1,40.84,1
tp-link tl-sc3171g wireless day night surveillance camera garden - general tp link tl-sc3171g,,,,172.0,tp-link tl-sc3171g wireless day night surveillance camera garden - general tp link tl-sc3171g,,,,172.0,1
hp 45 black inkjet cartridge 51645a hp hp 51645a # 140 34.97,printers,,,,,bookmarks,,,,1
targus red tgk-fr300 digital camera starter kit photography - general targus,,,tgk-fr300,18.98,tsv-fr303 software camera,,,,18.98,1
sonnet carapace silicone keyboard cover electronics - general sonnet technologies inc 16.88,,,kp-mb,,sonnet computer case mechanical case electronics,,kp-mb1,,,1
optoma bl-fp200c replacement projector lamp for hd70 home theater projector,monitors,optoma,bl-fp200c,264.84,optoma bl-fp200c,xl-hdvb-100k,hd70,,675.85,1
sennheiser sh 230 monaural headset 84.0,electronics - general,sennheiser,sh230,,sennheiser sh 230 monaural headset 84.0,,sennheiser chromite,sh230,col category,1
roocase executive portfolio leather case stylus for asus eee pad transformer tf101 10.1-inch electronics - general 222057,,roocase,,55.99,roocase,,roocase,roocase,84.99,1
creative labs d100 speakers green creative labs,portable audio,,mf8090aa004,79.99,digital desk display,portable audio,mfi4col,mf90aa004,78.99,1
lorex lw1002 live wireless security cameras lorex,garden - general,,lw1002,119.0,lw1002,accessories,xlc camcorder-r5x,vb6011-f,0.,1
razer pro click mobile notebook mouse pink,mice,razer,rp01-050106r1m1,40.84,razerPro mouse,products,razer,,23.49,1
marware c.e.o. hybrid ipad 2 case black 39.99,mp3 accessories,marware,602956007722,,,mp3 accessories,modelno,50906400994,,1
tp-link tl-wa500g 54mbps extended range wireless access point networking tp link tl-wa500g 32.88,,,,,tp-link tl-wa500g52, 5K,,, 2 kb max,1
p3 international kill-a-watt graphic timer and electricity usage monitor portable audio p4480,,p3 international corporation,,69.95,p3 international kill-a-watt graphic timer and electricity usage monitor portable audio p4480,,jp44-100,,60,1
tops american pride writing pad jr. legal rule 5x8 white 12 50-sheet pads pack stationery & office machinery 75101 18.88,,tops business forms,,,top american pride writing pad jr. albert law firm 2x4 white,,,, ,1
storm 2306 case with foam olive drab storm,photography - general,,im2306-30001,97.88,storm 2306 case with foam olive drab,camera accessories col style,,im2306-30001,99.72,1
quartet showit three-panel display system fabric blue gray black pvc frame stationery & office machinery 222.29,,quartet,,,trello display platform,,pione d.o.,,,1
hp cb40 toner 7500 page-yield printers hp 249.23,,,cb400a,,hp cb40 toner 7500 page-yield printers hp 249.23,,,cb4002,44.631021021021,1
guardian ecoguard indoor rubber wiper mats 24 x 36 charcoal guardian 23.97,rugs,,eg020304,,guardian ecoguard indoor rubber wiper mats 24 x 36 charcoal rjk1,rugs,,,,1
avery write-on tabs 1.75 48-count stationery & office machinery 16143 3.54,,avery,,,avery write-on tabs 1.75 4-count stationery & office machinery 16283 2.58,,avery,,,1
jvc kd-r320 cd receiver jvc 70.0,car stereos,,kdr320,,jvc kd-r320 cola,bantamcola,cd,, ,1
tops classified colors notebook narrow rule 5-1 2 x 8-1 2 orchid 100 sheets tops business forms,stationery & office machinery,,99712,11.58,top listed colors notebook broad rule 5-1 4 x 7-1,business supplies,,486,10.48,1
manhattan 150705 superspeed usb to sata adapter electronics - general 47.84,,,150705,,manhattan 150705 superspeed usb to sata adapter electronics - general 47.84,,,,,1
jvc kd-r320 cd receiver jvc 70.0,car stereos,,kdr320,,jvc kd-r320 cd receiver jvc 70.0,car stereos,,jvc-r320,,1
targus red tg-6660tr tripod with 3-way panhead,photography - general,targus,tg-6660tr,29.98,targus red tg-6660tr,general,compact-cx miniviewc,ultra3200t,$629.98,1
da-lite radio frequency wireless remote for horizon electronics - general 629.99,,da-lite,85566,,85634,,,,,1
tenba mixx shoulder bag large 136902 85.99,mp3 accessories,tenba,,,10BA sampler bag compact disc player portable 8.65,sampler,sampler,,,1
wanderlei silva mouse pad mice 15042010,,wincraft,,18.99,,,,,17.19 ,1
kodak esp 3250 all-in-one printer value bundle,printers,,,58.0,kodak esp 3250 all-in-one printer value bundle,scanners,,,16.96,1
patriot memory 16gb lx series sd card high-capacity usb drives psf16gsdhc10,,patriot,,49.98,patriot memory 16gb 10gb sd card high-capacity USB drives psf16g1,,,,49.98,1
rubbermaid 3-hole punched plastic edge strip magazine holders for ring binders 12ct 5.94,stationery & office machinery,rubbermaid,,,rubbermaid 3-hole punched plastic edge strip magazine holders for mail label binders 9.92,stationery and office machinery,rubbermaison-co.,,,1
da-lite deluxe hinged screen joining clamp for fast fold screens electronics - general,,da-lite,89518,31.99,,,da-lite,89518,7.95 val cdromatic3,1
lexmark 1382920 toner 3000 page-yield black stationery & office machinery 1382920,,lexmark,,270.9,lexmark 1382920 toner 3000 page-yield black stationery & office machinery,,lexmark,,270.9,1
da-lite da-plex base rear projection screen - 57 3 4 x 77 video format da-lite 2608.99,electronics - general,,27528,,da-lite,electronics,,,10.99,1
sony nsz-gt1 internet tv and blu-ray disc player powered by google tv home theater sony,,,nsz-gt1,198.0,sony ipod-a90,,,,23.43894,1
fellowes goriser laptop elevator electronics - general fellowes 8030401,,,,21.88,the gander - chinese,,col modelno,,,1
hp c7973w ultrium 800 gb worm data cartridge c7973w 29.42,mp3 accessories,hp,,,,,hp3c1c,,,1
hp 82 cyan inkjet cartridge ch566a printers,,hp,hp ch566a,29.88,,,,price,,1
panasonic kx-tga6645b dect 6.0 plus expandable digital cordless answering system with 5 handsets electronics - general panasonic,,,kx-tg6645b,150.0,kx-td-6,,,,150.0 Ohio,1
targus red tgk-fr300 digital camera starter kit photography - general targus,,,tgk-fr300,18.98,targus,,,tgk-fr300,17.85,1
da-lite dual vision tensioned advantage deluxe electrol - hdtv format 92 diagonal electronics - general da-lite,,,88285,4242.99,da-lite dual vision tensioned advantage deluxe electrol - hdtv format 92 diagonal electronics - general,,,88285,4242.99  catalog eye,1
jvc lightweight folding headphones with bass boost black electronics - general jvc,,,has600b,49.95,jvc-3503,,,jvc-3502,49.99,1
sony hd output adapter cable photography - general vmc-mhc1 32.0,,sony,,,sony mhc1 sampler case - digital digital audio recorder,,sony,,trak,1
scosche increased dynamic range chameleon earphones idr355md scosche 24.34,mp3 accessories,,idr355md,,,,,,,1
trendnet tv-ip312w wireless day night internet camera server with 2-way audio garden - general 244.88,,trendnet,,,cablevision-net9-mi4-wii,shortdavco,cablevision-net7-mi6-wii-,,,1
tp-link tl-sc3171g wireless day night surveillance camera garden - general tp link tl-sc3171g,,,,172.0,tp-link tl-sc3171g wireless day night surveillance camera garden - general,,,,7.35,1
tops american pride writing pad jr. legal rule 5x8 white 12 50-sheet pads pack stationery & office machinery 75101 18.88,,tops business forms,,,,,bookscola,,,1
d-link dkvm-8e 8 - port kvm switch networking d-link 179.82,,,dkvm-8e,,d-link,,,iki-2160,,1
verbatim 1tb mediashare home network storage server 109.98,hard drives,verbatim,97159,,verbatim 2tb high performance 3500,xbmc accessories,,7745, price (0.15 dollar increment = 0.),1
startech.com cb2ec expresscard to pcmcia adapter card networking,,startech,cb2ec,52.82,cb1ec-nemapter1,,cb1ec,cb1ec,52.82,1
tp-link tl-sc3171g wireless day night surveillance camera garden - general tp link tl-sc3171g,,,,172.0,od-labrador-dynamic-fiib-v30col-4,,,od-labrador-dynamic-,172.0,1
lenovo performance back pack electronics - general,,lenovo,41u5254,31.51,lenovo performance back pack electronics - general,,,,,1
michigan wolverines iphone 3g silicone cover electronics - general,,tribeca,fva2158,19.99,michigan wolverines iphone w-12g wmi charging cable,,,392730,19.99,1
quantum mr-s2mqn-01 super dlttape ii cartridge mp3 accessories quantum mr-s2mqn-01,,,,94.88,,hi-fi,,,,1
kodak m552 dark pink 14mp digital camera bundle w 5x optical zoom 2.7 lcd display w 50 bonus prints kodak 109.0,digital cameras,,m552 pink bndl,,kodak m552 medium gray kodak 10-5X,digital cameras,,price,$139.99,1
digipower 4-section tripod dark blue 29.99,photography - general,digipower,tptr47dbl,,digipower 4-section tripod dark blue 29.99,highlighters RE ,,pld47dbl,62.99,1
razer pro click mobile notebook mouse pink,mice,razer,rp01-050106r1m1,40.84,razer ipad-1000 tablet,,,rp01-050106r1m1,41.84,1
panasonic lightweight headphones w xbs rp-ht21 panasonic rp-ht21,electronics - general,,,9.88,panasonic portable portable headphones w xhd-a11,electronics - general,pione z,,9.82,1
hp ce278a black laserjet print cartridge hp 69.84,printers,,hp ce278a,,,,gimpson xr-1000s cd recorder,,wav tape,1
x-acto school pro desktop electric pencil sharpener blue gray stationery & office machinery x-acto 44.88,,,1670,,x-acto school pencil sharpener blue gray olympus olympus,,,1670,,1
lorex lw1002 live wireless security cameras lorex,garden - general,,lw1002,119.0,,hobbycol sizeno,xfcev9,c01g3,100.0,1
da-lite video spectra 1.5 deluxe model b manual screen - 50 x 67 video format 73639 181.99,electronics - general,da-lite,,,binocularsd,video game instruments,sam-bio,,,1
xerox 108r00579 transfer roller printers,,xerox,108r00579,199.88,,,xerox104,108r00579,19.59 ,1
da-lite deluxe hinged screen joining clamp for fast fold screens electronics - general,,da-lite,89518,31.99,da-lite deluxe hinged screen joining clamp for fast fold screens electronics - general,,7076,7830,14.,1
quartet showit three-panel display system fabric blue gray black pvc frame stationery & office machinery 222.29,,quartet,,,quartet display system,compact desk,,,c19,1
elite screens 92 vmax92uwv2 electric projection screen vmax92uwv2,electronics - general,elite,,319.59,silver projector,electronics,,,319.95,1
manhattan 150705 superspeed usb to sata adapter electronics - general 47.84,,,150705,,menhattan 150705 sub-machine guns to sata adapter electronics,,,150705,,1
hp 29 black inkjet cartridge 51629a hp 51629a,printers,,,34.97,hp 29 black inkjet cartridge 51629a hp 51534a,desktop,,,44.65 NetMessage c1 dalcom i3-0,1
tp-link tl-wa500g 54mbps extended range wireless access point networking tp link tl-wa500g 32.88,,,,,tp-link tl-wa500g 54mbps extended range wireless access point networking $199.99,,,,1,1
los angeles dodgers pink iphone 4 hard case electronics - general tribeca fva4450 29.99,,,,,,,,,,1
x-acto school pro desktop electric pencil sharpener blue gray stationery & office machinery x-acto 44.88,,,1670,,x-acto school pro desktop electric pencil sharpener blue gray stationery & office machinery blue white,,,,,1
d-link dcs-1100 network camera garden - general,,d-link,dcs-1100,99.82,d-link dcs1200 network camera garden - general,,,sd-1000,99.82,1
hp cb40 toner 7500 page-yield printers hp 249.23,,,cb400a,,,,colby colbyx,,cb100,1
xantech 29110dbkit designer hidden link infrared kit black stereos/audio xantech,,,29110dbkit,56.88,xantech 29110,,,29110dbkit,55.82,1
verbatim 95355 ultralife 8x dvd-r media 95355,mp3 accessories,verbatim,,84.67,samplers dvd-r3,samplers,samplers1,samplers,14.89,1
toshiba 55 class lcd 1080p 120hz hdtv 55g310u television toshiba 55g310u 899.0,,,,,lcd 1050,movie,lcd,lsc3122wv,lcs2000col title,1
hp 56 black inkjet cartridge c6656an printers hp,,,c6656an,23.97,,,price,,42.99,1
panasonic kx-tga6645b dect 6.0 plus expandable digital cordless answering system with 5 handsets electronics - general panasonic,,,kx-tg6645b,150.0,panasonic kx-tga6645,,col-modelno,kx-galorex,100.0,1
quantum mr-s2mqn-01 super dlttape ii cartridge mp3 accessories quantum mr-s2mqn-01,,,,94.88,quantum mr-s2mqn-01 super dlttape,,,,94.88 ,1
startech.com cb2ec expresscard to pcmcia adapter card networking,,startech,cb2ec,52.82,startech.nei,,startech1 bm2e-corec,hdcs1000,$49.64,1
samsung 33-0525-05 samsung fasciante i500 oem multimedia dock electronics - general,,samsung,33-0525-05,29.88,sfasciante fasciante i500 portable monitor computer,fasciante,fasciante,32.89,8.28,1
los angeles dodgers pink iphone 4 hard case electronics - general tribeca fva4450 29.99,,,,,,,,,,1
zyxel es1100-16 16-port fe unmanaged switch zyxel es1100-16,networking,,,50.88,blur-8,cable-port cable-swimmer,,,-$14.99,1
cables unlimited 3 svga video cable hdb15 male to male with 3.5 mm audio electronics - general pcm-2240-03,,cables unlimited,,11.88,cables unlimited 4 mps video monitor w/ audio control rack - sam1160,,cables unlimited,,20.98,1
clover ccm636 ultra-mini color camera clover electronics ccm636,garden - general,,,87.84,red-green,,,,89.,1
panasonic kxfa132 film cartridge and film roll panasonic 49.84,camera and camcorder accessories,,kxfa132,,,camera and camcorder accessories,,,,1
canon powershot elph 100 hs blue 12.1 mp digital camera with 4x optical zoom 3.0 lcd 1080p hd video w 50 bonus prints digital cameras,,canon,4925b001aa,178.54,chromiumb01,,,704160111,39.99,1
evga nvidia geforce gt 430 graphics card with 1024mb ddr3 memory electronics - general evga 82.92,,,01g-p3-1430-lr,,evga nvidia geforce gt 430 graphics card with 1024mb ddr3 memory electronics - general samloff,,,01g0-g0130,.749,1
national brand texhide accounting book black burgundy 10 3 8 x 8 3 8 national products ltd.,stationery & office machinery,,56211,25.94,national brand texhide accounting book black burgundy 10 4 8 x 8 black,stationery and office machinery,,56211,,1
sabrent usb 2.0 to db25f parallel printer cable printers sabrent usb-db25f 9.88,,,,,,,,,,1
microsoft lifecam vx-800 black,electronics - general,microsoft,jsd-00007,18.88,microsoft vx-800 black,electronics - general,microsoft,jsd-00007,18.88,1
fellowes office suites monitor riser 8031101 electronics - general fellowes 38.88,,,8031101,,,,,ilibrary,,1
discgear 50-disc browser black gray discgear 4310-01 37.88,electronics - general,,,,,,,,38.5,1
edge 16gb sdhc hd video card class 6 usb drives 38.84,,edge tech,pe222604,,,,,pe222604,,1
avery write-on tabs 1.75 48-count stationery & office machinery 16143 3.54,,avery,,,avery write-on tabs 1.25,,,,,1
optoma bl-fp200c replacement projector lamp for hd70 home theater projector,monitors,optoma,bl-fp200c,264.84,trompson,monitors,trompson,bl-fp200c,2998.93,1
patriot memory 16gb lx series sd card high-capacity usb drives psf16gsdhc10,,patriot,,49.98,,,,,2.,1
panasonic kxfa132 film cartridge and film roll panasonic 49.84,camera and camcorder accessories,,kxfa132,,panasonic kxfa132 film cartridge and film roll panasonic 49.84,camera and camcorder accessories,,kxfa132,,1
bits limited 6-outlet opening price point smart strip 2 250 joules bits limited,tv accessories,,scg 2,31.95,bits limited 6-outlet opening price point smart strip 2,tv accessories,,scg2,13.99,1
zotac geforce gt 220 synergy edition pci express 1gb ddr2 graphics card zotac zt-20203-10l,electronics - general,,,68.33,,,,,9.76,1
pioneer ts-w2502d2 10 champion series pro subwoofer car stereos ts-w2502d2,,pioneer,,268.0,standard,,,,"8,500",1
d-link dir-412 mobile broadband wireless router dir412 119.99,networking,d-link,,,d-link,video,,,ctlma3,1
belkin 6 firewire cable 4-pin 6-pin belkin f3n401-06-ice,electronics - general,,,4.88,blackback 2.0 cdmi,electronics - general,,590p1-1-gigabyte,$16.00,1
xantech 282d designer emitter single 15.88,stereos/audio,xantech,282d,,xantech 282d,electronics,,xantech accessories, ,1
fellowes goriser laptop elevator electronics - general fellowes 8030401,,,,21.88,fellowes gorgon g-60 mn colorful,,,,21.9,1
marware microshell for ipad black 602956006664 39.99,mp3 accessories,,,,marware microshell for ipad black 602956006664,audio accessories,,,,1
dj tech ivisa 50 light portable pa system with ipod player controller 50 watts ivisa 50 light,portable audio,dj tech,,368.0,,tj compact compact-laptop-col,,,"5,749.92",1
gear head 1.3 mp quick webcam pro electronics - general gear head wc740i 13.88,,,,,"""",,,,,1
tops american pride writing pad jr. legal rule 5x8 white 12 50-sheet pads pack stationery & office machinery 75101 18.88,,tops business forms,,,tops american pride penpen pen stylus 75101 19.96,,col,,,1
hp 82 cyan inkjet cartridge ch566a printers,,hp,hp ch566a,29.88,chromium inkjet cartridge cart,,chromium inkjet cartridge,hp sta cola,27.38,1
motorola dect 6.0 cordless care phones k301 30.84,,motorola,,,motorola dect 6.0 cordless care phones k301,,motorola,,price price,1
peerless slimline universal ultra slim tilt mount for 22 to 40 ultra thin screens weighing up to 60 lb 143.99,furniture,peerless,,,,electronics,xcb01,COMPANIES,6.99,1
lexar media ljdff8gbasbna 4gb jumpdrive firefly usb 2.0 flash drive usb drives lexar media ljdff8gbasbna,,,,16.57,,,,,18.56,1
sharp el1192bl printing calculator 37.63,stationery & office machinery,sharp,el1192bl,,,stationery & office machinery,sharp,el1192bl,,1
kodak m552 dark pink 14mp digital camera bundle w 5x optical zoom 2.7 lcd display w 50 bonus prints kodak 109.0,digital cameras,,m552 pink bndl,,kodak m552 dark pink 14mp cable bundle w 5x optical zoom 2.7 lcd display w,hi-fi compact cleva minizura,,kodak m552 dark pink,38.50  ,1
hp 51644c hp 44 ink 1600 page-yield cyan printers hp 46.59,,,51644c,,hp 51644c hp 44 ink 1600 page-yield cyan printers hp 46.59,,,,,1
iogear 2-port usb 2.0 printer auto sharing switch black computers iogear gub211w6,,,,22.92,iogear 2-port ebay printer accessories,,,,23.99,1
microsoft lifecam vx-800 black,electronics - general,microsoft,jsd-00007,18.88,microsoft lifecam,electronics - general,microsoft,jsd-00007,18.88,1
sandisk 8gb microsdhc memory card sdsdq008ga11m,usb drives,sandisk,,24.88,,solidstate compact drives,gbqh3,,15.46,1
d-link dcs-1100 network camera garden - general,,d-link,dcs-1100,99.82,,,,d-link dcs-00001 network camera garden - general,99.80,1
xerox 108r00676 extended-capacity maintenance kit for phaser 8550 printer printers 108r00676 151.54,,xerox,,,xerox108r00676 extended-capacity maintenance kit for phaser 8550 printer printers 108r00676 151.54,category,,,36.49,1
i-tec ipad anti-glare screen protector mp3 accessories,,i-tec electronics,t6020,17.88,mp3 audio,,bmp3,74300,$27.78,1
tops classified colors notebook narrow rule 5-1 2 x 8-1 2 orchid 100 sheets tops business forms,stationery & office machinery,,99712,11.58,tops classified colors notebook narrow rule 5-1 2 x 8-1 2 orchid 110 sheets tops business forms,stationery & office machinery,,,11.58 comcast quartz w/1-3.5 LED LCD monitor,1
kingston ktd-dm8400a 1g 1gb ddr2 sdram memory module kingston ktd-dm8400a / 1g 22.92,memory,,,,graphic cards,graphics card,col modelno,,,1
lexmark 1382920 toner 3000 page-yield black stationery & office machinery 1382920,,lexmark,,270.9,lexmark 1393020 toner 3000 page-yield black stationery & office machinery 1393020,,,,350,1
logitech n315 lapdesk n315 24.88,computers,logitech,,,LOGWI n315 lapdesk n15,computers,,,t030220,1
penpower worldcard ultra sheetfed scanner electronics - general penpower,,,swocr0038,129.0,pensport,,,,2249.0,1
wilson jones visitor register book red hardcover 112 pages stationery & office machinery wilson jones 41.94,,,s490,,wilson jones visitor register book red hardcover 112 pages stationery & office machinery wilson jones 39.93,,,s490,,1
canon powershot sx130-is black 12.1 mp digital camera w 12x optical zoom 3.0 lcd display w 50 bonus prints canon,digital cameras,,sx130,191.99,,,,,190.99,1
canon powershot sx130-is black 12.1 mp digital camera w 12x optical zoom 3.0 lcd display w 50 bonus prints canon,digital cameras,,sx130,191.99,canon powershot sx130-is black 12.1 MP digital camera w 12x optical zoom 3.0 lcd display w,digital cameras,,sx130,194.99,1
x-acto school pro desktop electric pencil sharpener blue gray stationery & office machinery x-acto 44.88,,,1670,,modelno,,,1670,,1
roocase executive portfolio leather case stylus for asus eee pad transformer tf101 10.1-inch electronics - general 222057,,roocase,,55.99,roocase executive portfolio leather case stylus for asus eee pad transformer tf101,,roocase,,4.49,1
verbatim 95407 2gb secure digital card verbatim 11.88,usb drives,,95407,,verbatim 95407 2gb solid state drive,,,,,1
premiertek pl-2301a powerlink amplus wireless range extender premiertek,networking,,pl-2301a,45.88,standard,industry market,pl-2301a-proc,category,22.99,1
peerless paramount universal tilting lcd plasma wall mount 32 to 60 screens furniture peerless,,,,89.99,,,,,89.99,1
micronet mde1000 1tb fantom g-force megadisk usb 2.0 esata raid sub system 159.0,hard drives,micronet,mde1000,,micronet mde1000 1tb gigabyte hard drive mse,media micscol category,mcem2,,6149,1
asus us radeon 1gb gddr5 hd6870 pci express graphics card asus eah6870d2di2s1g 199.82,electronics - general,,,,evga vd6090-20xv1gb computer graphics card videodisc model0,graphics,,asus vd6090-20xv1gb video card video card asus evga-1200,II,1
peerless slimline universal ultra slim tilt mount for 22 to 40 ultra thin screens weighing up to 60 lb 143.99,furniture,peerless,,,,high-end,eyecareco,,,1
avery write-on tabs 1.75 48-count stationery & office machinery 16143 3.54,,avery,,,avery col col modelno,,avery,cam-0001-038col price,,1
microsoft arc touch mouse mice rvf-00001,,microsoft,,57.88,microsoft arc touch mouse mouse rvf-00002,,microsoft,,57.88 ,1
premiertek pl-2301a powerlink amplus wireless range extender premiertek,networking,,pl-2301a,45.88,premiertek pl-2301a powerlink ultra ultrabook,consumer electronics,TOP compact category,,45.86,1
clarion half-din graphic equalizer with built-in crossover clarion eqs746 99.99,car stereos,,,,clarion half-diner minifig lightbulb,,,,,1
avery write-on tabs 1.75 48-count stationery & office machinery 16143 3.54,,avery,,,avery 2,,,,,1
polaroid i1237 pink 12mp digital camera w 3x optical zoom 2.7 lcd display polaroid 68.0,digital cameras,,cia-1237pc,,nympkix-polar,digital cameras,,,,1
samsung c3050 gsm cell phone gray unlocked electronics - general samsung 74.99,,,c3050,,,,,samsung 74.99,xs2v9r-0092g,1
quartet showit three-panel display system fabric blue gray black pvc frame stationery & office machinery 222.29,,quartet,,,quartet showit three-panel display system fabric blue gray black pvc frame stationery & office machinery 221.99,,,,,1
da-lite deluxe hinged screen joining clamp for fast fold screens electronics - general,,da-lite,89518,31.99,cd-nagios,,cdviewstudio,89501,32.29,1
hp 51644c hp 44 ink 1600 page-yield cyan printers hp 46.59,,,51644c,,erykamid,,,45,,1
da-lite dual vision tensioned advantage deluxe electrol - hdtv format 92 diagonal electronics - general da-lite,,,88285,4242.99,elio,,641.99,2138,3241.99,1
sabrent usb 2.0 to db25f parallel printer cable printers sabrent usb-db25f 9.88,,,,,sabrent usb 2.0 to db25f parallel printer cable printers scattmark1 scattmark2 2.0,,,,,1
verbatim 1tb mediashare home network storage server 109.98,hard drives,verbatim,97159,,verbatim 1tb mediashare home network storage server 109.98,major,verbatim,9814421,   3-year ANNUAL,1
benq ms612st 3d-ready projector benq,electronics - general,,ms612st,699.0,benq s600-ready projector,electronics - general,,,$3.69,1
clarion half-din graphic equalizer with built-in crossover clarion eqs746 99.99,car stereos,,,,,car stereos,,,,1
peerless paramount universal tilting lcd plasma wall mount 32 to 60 screens furniture peerless,,,,89.99,peerless portable,gamecenter,,,?,1
jvc gumy headphones red electronics - general haf150r,,jvc,,9.0,jv90col price,,jvc,sam-gb1col brand,19.0,1
mace 95db window alarm mace security,garden - general,,80202,5.24,mace 95db title,general,,80202,6.28,1
vantec nexstar3 superspeed 2.5 sata to usb 3.0 external hard drive enclosure,electronics - general,vantec,nst-280s3-bk,26.62,nst-30b8s4,accessories,,,8.99,1
brother hl-4570cdw wireless laser color printer duplex printing printers,,brother,hl-4570cdw,481.86,,,,hl-45,509.78,1
storm 2306 case with foam olive drab storm,photography - general,,im2306-30001,97.88,storm 2302 case with foam olive drab,,,,20.60,1
kodak m552 dark pink 14mp digital camera bundle w 5x optical zoom 2.7 lcd display w 50 bonus prints kodak 109.0,digital cameras,,m552 pink bndl,,kodak m552 light pink camera bundle w 5x optical zoom 2.7 lcd display w 50 bonus prints,digital cameras,,,,1
razer pro click mobile notebook mouse pink,mice,razer,rp01-050106r1m1,40.84,bluebird-2,touchy,bluebird-2,cb-luv,$1.80,1
storm 2306 case with foam olive drab storm,photography - general,,im2306-30001,97.88,storm2306 case with foam olive drab,photography - general,,,,1
i-tec ipad anti-glare screen protector mp3 accessories,,i-tec electronics,t6020,17.88,,,iphone3,,9.99,1
premiertek pl-2301a powerlink amplus wireless range extender premiertek,networking,,pl-2301a,45.88,,,pl-2301a powerlink amplus,,35.88,1
sandisk 8gb microsdhc memory card sdsdq008ga11m,usb drives,sandisk,,24.88,,ultrabooks,odor,,15.09,1
rolodex business card binder with a-z tabs black,stationery & office machinery,rolodex,66451,27.94,rolodex business card badge,business,rolodex,67455,27.94,1
sony nsz-gt1 internet tv and blu-ray disc player powered by google tv home theater sony,,,nsz-gt1,198.0,sony,samplers,sampl,nsz-fujifilm,32.0,1
wilson jones basic vinyl round ring binder stationery & office machinery wilson jones 36834nbl,,,,6.79,,,,,6.79 pioneennia90,1
motorola atrix navigation dock with vpa electronics - general motorola 89456n,,,,59.98,,,,price,93.98,1
sabrent usb 2.0 to db25f parallel printer cable printers sabrent usb-db25f 9.88,,,,,sabrent usb 2.0 to db25f 1st generation portable digital printer cable printer (2.0),,,,,1
clover ccm636 ultra-mini color camera clover electronics ccm636,garden - general,,,87.84,ccm640 ultra-mini color camera ccm640,collectables,,,88.79,1
cyber acoustics computer stereo silver headset microphone electronics - general cyber acoustics ac401,,,,14.84,,,,,16.68,1
michigan wolverines iphone 3g silicone cover electronics - general,,tribeca,fva2158,19.99,,,iphone3g,fva2158,89.95 ,1
xerox 108r00676 extended-capacity maintenance kit for phaser 8550 printer printers 108r00676 151.54,,xerox,,,xerox 108r00676,,xerox CR100c1,,,1
pioneer adtva133 2-din installation kit car stereos,,pioneer,adt-va133,41.88,1,,adtn5w-b9-3-exi,,14.77,1
motorola dect 6.0 cordless care phones k301 30.84,,motorola,,,motorola dect 6.0 cordless care phones k301,,,,,1
d-link dkvm-8e 8 - port kvm switch networking d-link 179.82,,,dkvm-8e,,,,,,,1
jvc kd-r320 cd receiver jvc 70.0,car stereos,,kdr320,,,,bluestone,,tbd12.jpg,1
panasonic kxfa132 film cartridge and film roll panasonic 49.84,camera and camcorder accessories,,kxfa132,,kxfa132 media collectible film cassette holder,video cassette,,,,1
tomtoim via 1505t gps 1en501902 179.95,,tomtom,,,tomtoim via 15110a gps 1en501902 149.00,,tomtom,,,1
san diego chargers pro grip mouse mice team pro mark msnf25 26.99,,,,,san diego chargers pro grip mouse mice team pro mark msnf29,,,,2220,1
innovera d3010 black compatible high-yield toner print cartridge stationery & office machinery d3010,,innovera,,68.35,innovera d3010 black compatible high-yield toner print cartridge stationery & office machinery d3010,,innovera,,,1
da-lite leg saver back brace for standard fast-fold screens da-lite 72120,electronics - general,,,82.0,da-lite leg saver back brace for standard fast-fold screens da-lite 72120,medical-devices,,,84.0 ,1
midland xtc200 hd 720p extreme action camera midland,camcorders,,xtc200,155.88,midland xtc200,camcorders cinch,camcorders,,589.78,1
verbatim 1tb mediashare home network storage server 109.98,hard drives,verbatim,97159,,ebay,multisammon,verbatim,97159,4.19 per copy,1
garmin foretrex 401 portable gps system fish finder garmin 174.88,,,010-00777-00,,,,,2107,,1
razer pro click mobile notebook mouse pink,mice,razer,rp01-050106r1m1,40.84,,mouse,razer,,,1
guardian ecoguard indoor rubber wiper mats 24 x 36 charcoal guardian 23.97,rugs,,eg020304,,roger ecoguard,roger,rugs,,,1
midland xtc200 hd 720p extreme action camera midland,camcorders,,xtc200,155.88,midland xtc100 ultra camera,camcorders,gmb highspeed camera,xtc200-t8vl,54.97,1
tomtoim via 1505t gps 1en501902 179.95,,tomtom,,,tomtoim via 1505t gps 1en501902 179.50,,tomtoim,,,1
p3 international kill-a-watt graphic timer and electricity usage monitor portable audio p4480,,p3 international corporation,,69.95,p3 worldwide iplay pc-video player,,p,,46.79,1
hp c7973w ultrium 800 gb worm data cartridge c7973w 29.42,mp3 accessories,hp,,,hp c7973w n-2 compact fluorescent tablet display adapter,mp3 accessories,hpcol,digital high-definition monitors,,1
d-link dkvm-8e 8 - port kvm switch networking d-link 179.82,,,dkvm-8e,,d-link dkvm-8e 8-port dkvm switch networking d-link 179.82,,,,colbk,1
targus zierra case for blackberry playbook tablet black electronics - general targus 55.88,,,thz053us,,targus zmi case for blackberry playbook tablet BLACK electronics - general targus 50.85,,,,$39.95,1
hp 45 black inkjet cartridge 51645a hp hp 51645a # 140 34.97,printers,,,,hp 45 black inkjet cartridge 51645a hp 51645bhp # 150 34.99,,,,,1
vantec nexstar3 superspeed 2.5 sata to usb 3.0 external hard drive enclosure,electronics - general,vantec,nst-280s3-bk,26.62,vantec nexstar3 superspeed 2.5 sata to usb 3.0 external hard drive enclosure,electronics - general,vantec netgear,nst-303420w1,22.25 itle title,1
hp q1413a universal heavyweight coated paper hp 58.78,stationery & office machinery,,q1413a,,hp q1413g,stationery & office machinery,,wg7-20-0-c2,,1
pioneer adtva133 2-din installation kit car stereos,,pioneer,adt-va133,41.88,pioneer cdrom camcorder,,,adt,$4.97,1
d-link dcs-1100 network camera garden - general,,d-link,dcs-1100,99.82,,,,,89.99,1
digipower 4-section tripod dark blue 29.99,photography - general,digipower,tptr47dbl,,,photography - general,digipower,,182.9 ,1
canon powershot sx130-is black 12.1 mp digital camera w 12x optical zoom 3.0 lcd display w 50 bonus prints canon,digital cameras,,sx130,191.99,digital cameras,compact-mj,,,,1
motorola atrix navigation dock with vpa electronics - general motorola 89456n,,,,59.98,motorola atrix navigation dock with vpa electronics - general motorola 89456n,,,,59.98,1
siig wireless ultra-slim multimedia mini keyboard jk-wr0612-s1,electronics - general,siig,,30.88,jkl00d,furniture,,r1l110d,300.60,1
iomega ego 500gb helium portable hard drive hard drives 34945 78.98,,iomega,,,iomega iomega-5gb helium hard drive hard drives 34955 78.98,,iomega,,,1
scosche fptag anti-glare screen protectors for ipod touch 2pk fptag,mp3 accessories,scosche,,16.88,scosche fptag anti-glare screen protectors for ipod touch 2pk fptag,mp3 accessories,samstrom,,60.,1
discgear 50-disc browser black gray discgear 4310-01 37.88,electronics - general,,,,discgear 50-disc browser gray,,,,,1
tops american pride writing pad jr. legal rule 5x8 white 12 50-sheet pads pack stationery & office machinery 75101 18.88,,tops business forms,,,tops american pride writing pad jr. lawsuit,,,20,30,1
canon cli-221 magenta ink cartridge 2948b001 printers canon cli221mag 16.84,,,,,canon 3020-240 magenta ink cartridge 2948b001 printers canon compact pen 3020,,,,,1
d-link dap-1350 wireless-n pocket router and access point dap1350,networking,d-link,,99.99,davg-103,bluetooth,davg-103,,$119.99 csv-1090,1
garmin foretrex 401 portable gps system fish finder garmin 174.88,,,010-00777-00,,gps-finder401,,,00010-00101,,1
hp q1413a universal heavyweight coated paper hp 58.78,stationery & office machinery,,q1413a,,q1413a universazione dell'Ascensionione con il viva,mechanical parts,,r13c,,1
tomtoim via 1505t gps 1en501902 179.95,,tomtom,,,tomtoim via altracemport,,,,945,1
sandisk 8gb microsdhc memory card sdsdq008ga11m,usb drives,sandisk,,24.88,,cdromdrive32,,,$2899,1
sharp el1192bl printing calculator 37.63,stationery & office machinery,sharp,el1192bl,,sharp el1192bl,compacto computer,clearelucrum,,,1
zotac geforce gt 220 synergy edition pci express 1gb ddr2 graphics card zotac zt-20203-10l,electronics - general,,,68.33,gt220-2,graphics card,gt220-,t-20203-10l,44.87,1
iogear 2-port usb 2.0 printer auto sharing switch black computers iogear gub211w6,,,,22.92,iogear 2-port usb 2.0 printer auto sharing switch black computers,,,,22.92,1
sony hd output adapter cable photography - general vmc-mhc1 32.0,,sony,,,,,sony hdoutput1col color,,,1
netgear prosafe plus 8-port ethernet switch networking netgear gs108e100nas,,,,78.88,,,,,,1
avery write-on tabs 1.75 48-count stationery & office machinery 16143 3.54,,avery,,,avery write-on tabs 1.75 48-count stationery & office machinery 18000 1.95,,,STORE,,1
da-lite dual vision tensioned advantage deluxe electrol - hdtv format 92 diagonal electronics - general da-lite,,,88285,4242.99,,,cdradio,,10,1
tp-link tl-wa500g 54mbps extended range wireless access point networking tp link tl-wa500g 32.88,,,,,tp-link tl-wa500g 54mbps extended range wireless access point networking tp link tl-wa500g 32.88,,,trak-c2-201104 tp-link 8mm-x30.3cm folding bobby pinion tv tuner-portable,,1
three position powermat with powercube electronics - general pmm-3p-b1 79.54,,powermat,,,,,electric-mode-b-,,,1
scosche increased dynamic range chameleon earphones idr355md scosche 24.34,mp3 accessories,,idr355md,,chameleon earphones ilsipa inc,,,,,1
d-link dkvm-8e 8 - port kvm switch networking d-link 179.82,,,dkvm-8e,,dkvm-8e dkvm-c - port kvm switch networking,Condition description,,dkvm-8e,7.49,1
xerox 108r00676 extended-capacity maintenance kit for phaser 8550 printer printers 108r00676 151.54,,xerox,,,,,,,,1
edge 16gb sdhc hd video card class 6 usb drives 38.84,,edge tech,pe222604,,top,"brand ""tuxi-1 compact",,odyssey,,1
brother hl-4570cdw wireless laser color printer duplex printing printers,,brother,hl-4570cdw,481.86,ipsicol,,hl-4570cdw,hl-4570cw,4.20,1
kingston ktd-dm8400a 1g 1gb ddr2 sdram memory module kingston ktd-dm8400a / 1g 22.92,memory,,,,,,ebay micro,,july 2008,1
sony nsz-gt1 internet tv and blu-ray disc player powered by google tv home theater sony,,,nsz-gt1,198.0,,,,,80.0,1
wilson jones basic vinyl round ring binder stationery & office machinery wilson jones 36834nbl,,,,6.79,wilson jones x,,,,6.79 ----------,1
sennheiser sh 230 monaural headset 84.0,electronics - general,sennheiser,sh230,,sennheiser sh 230 monavera,accessories -general COMPANION name,gmx-m895,,,1
d-link dir-412 mobile broadband wireless router dir412 119.99,networking,d-link,,,d-link1,,d-link2,,,1
kodak esp 3250 all-in-one printer value bundle,printers,,,58.0,kodak esp 3250 all-in-one printer,printers,,,19.7k,1
lg 42 ultra - slim 42lv5500 42lv5500 879.0,electronics : flat panel tv,lg,,,5.2oz - slim,,,,,1
d-link dap-1350 wireless-n pocket router and access point dap1350,networking,d-link,,99.99,d-link5 wireless accessories,,d-link5col title,,,1
hp 51644c hp 44 ink 1600 page-yield cyan printers hp 46.59,,,51644c,,hp 51644c hp 44 ink 1600 page-yield cyan printers hp 46.59,,,51644c,62,1
siig wireless ultra-slim multimedia mini keyboard jk-wr0612-s1,electronics - general,siig,,30.88,cd01-1032c-sii,audio - power,,ssr2b1colmodelno,10.86,1
optoma bl-fp200c replacement projector lamp for hd70 home theater projector,monitors,optoma,bl-fp200c,264.84,c1BL-POP,cd01,colmodelno,cd101,$20.00,1
bits limited 6-outlet opening price point smart strip 2 250 joules bits limited,tv accessories,,scg 2,31.95,bits limited 6-outlet opening price point smart strip 2 250 joules nov,tv accessories,roman,bluemedia-tech,39.88,1
sennheiser sh 230 monaural headset 84.0,electronics - general,sennheiser,sh230,,sennheiser sh 230 monaural headset 84.0,electronics - general,stevco,sh230,  ,1
innovera m4640 compatible remanufactured high-yield ink 484 page-yield black printers innovera,,,m4640,24.99,innovera-3 col modelno,noVAT,,501020 col serialno,2.99,1
lg 42 ultra - slim 42lv5500 42lv5500 879.0,electronics : flat panel tv,lg,,,lg 44 ultrabooks,ultrabooks,,,,1
verbatim 1tb mediashare home network storage server 109.98,hard drives,verbatim,97159,,verbatim 1tb mediashare home network storage server 109.98,hard drives,verbatim col modelno,81615,,1
hp cb40 toner 7500 page-yield printers hp 249.23,,,cb400a,,hp cb40 toner 7500 page-yield printers hp 249.23,,,C4500000,1,1
epson t020201 color ink cartridge epson t020201 27.0,printers,,,,epson t020201 color ink cartridge epson t020201 26.0,productscol count,irisrc64,,,1
creative labs d100 speakers green creative labs,portable audio,,mf8090aa004,79.99,quality,portable audio,,ip-audio cd wmic card,,1
marware microshell for ipad black 602956006664 39.99,mp3 accessories,,,,marware microshell for ipad blue 602956006664 32.99,music,,,,1
digipower 4-section tripod dark blue 29.99,photography - general,digipower,tptr47dbl,,digipower 4-section tripod dark blue 29.99,photography - general,digipower,tptr47dbl, 4xdig 1c11,1
toshiba 55 class lcd 1080p 120hz hdtv 55g310u television toshiba 55g310u 899.0,,,,,toshiba 55 class lcd 1080p 120hz hdtv 55g310u television toshiba 55g310u 899.0,,,,39.89 mfgcol modelno,1
canon cli-221 magenta ink cartridge 2948b001 printers canon cli221mag 16.84,,,,,cli-221 magenta ink cartridge 2948b002 printers cli222 magenta ink cartridges 1931,,,,,1
epson t020201 color ink cartridge epson t020201 27.0,printers,,,,t030101 epson gb display screen,,,,,1
samsung c3050 gsm cell phone gray unlocked electronics - general samsung 74.99,,,c3050,,samsung gsm cell phone gray unlocked devices,,pls-2017090,pls-2017090,3 1 ,1
trendnet tv-ip312w wireless day night internet camera server with 2-way audio garden - general 244.88,,trendnet,,,wireless tablet-series,,,,,1
fellowes goriser laptop elevator electronics - general fellowes 8030401,,,,21.88,fellowes,,,cdrp1,$23.95 cdrp2,1
elite screens 92 vmax92uwv2 electric projection screen vmax92uwv2,electronics - general,elite,,319.59,cdavg100,gaming,cdavga3011,,99.93,1
startech.com cb2ec expresscard to pcmcia adapter card networking,,startech,cb2ec,52.82,cb2ec90,cb2ec compact card-computer COMPUTERS,startech,a-a1-00,0.75,1
corsair value select cmv4gx3m1a1333c9 4gb ddr3 1333mhz sdram desktop memory module memory,,corsair,cmv4gx3m1a1333c9,49.82,corsair value select category,electronics,corsair,nocol,,1
razer pro click mobile notebook mouse pink,mice,razer,rp01-050106r1m1,40.84,razer PC mouse,razer,razer,rp001-013r1m1 coltype,39.74,1
da-lite da-plex base rear projection screen - 57 3 4 x 77 video format da-lite 2608.99,electronics - general,,27528,,,,,27430, hdtv7b9a,1
michigan wolverines iphone 3g silicone cover electronics - general,,tribeca,fva2158,19.99,michigan wolverines iphone 3g silicone cover electronics - general,,cdm98,cdm98,19.99,1
microsoft lifecam vx-800 black,electronics - general,microsoft,jsd-00007,18.88,microsoft lifecam vx-800 Black,electronics - general,microsoft,cd-10008-b11,22.99 sbb,1
hp 51644c hp 44 ink 1600 page-yield cyan printers hp 46.59,,,51644c,,,,, jp6240,,1
crown clean step dirt grabber mat 60-sheet refill pad 4 ct home care wcrplpdw,,crown,,269.97,crown clean step dirt grabber mat 60-sheet refill pad 4 ct home care wcrplpdw,,,,269.97,1
epson s041595 photographic papers epson s041595 69.88,stationery & office machinery,,,,epson s041595 optical picturesbook,electronics,,,,1
hp c7971a lto ultrium 1 tape cartridge mp3 accessories hp,,,c7971a,39.88,,,xhc-8,7188760p ,,1
rca 22 class 1080p 60hz lcd hdtv 22la45rq electronics : flat panel tv 22la45rq,,rca,,169.0,rca 22 class 1080p 60hz lcd hdtv 22la45rq hardware : stereo monitor monitor,,rca,,169.0,1
scosche 1993-up select subaru power 4-speaker connector car stereos su03b 9.88,,scosche,,,scosche,cassette,dvaproportal,,,1
ep 16gb usb 2.0 mobile swingdrive flash drive usb drives epsw/16gb -2.0,,ep memory,,29.84,eeprom2e-rgb,i,,,100.00 scol,1
quartet showit three-panel display system fabric blue gray black pvc frame stationery & office machinery 222.29,,quartet,,,,,quartet,,,1
garmin foretrex 401 portable gps system fish finder garmin 174.88,,,010-00777-00,,garmin foretrex 401 portable gps system fish finder garmin 174.88,,,00777,12.4 ,1
premiertek pl-2301a powerlink amplus wireless range extender premiertek,networking,,pl-2301a,45.88,,minima-light,,chilton-laptop,0.88,1
da-lite radio frequency wireless remote for horizon electronics - general 629.99,,da-lite,85566,,da-lite radio frequency wireless remote for horizon electronics - general 629.99,portable minikage,,88.98,wtih4col,1
hp 80 ink printhead printhead cleaner black c4890a 268.79,stationery & office machinery,hp,c4890a,,hp 80 ink printhead printhead cleaner blue c4ml-70col,stationery & business equipment,,c4890a,5.761,1
da-lite da-glas deluxe rear projection screen - 96 x 96 av format 6128.99,electronics - general,da-lite,27651,,deluxe front projection screen,computer accessories,binoculars,4601,,1
wilson jones visitor register book red hardcover 112 pages stationery & office machinery wilson jones 41.94,,,s490,,- john jones jnekert,,,s490,,1
d-link dap-1350 wireless-n pocket router and access point dap1350,networking,d-link,,99.99,dapt-15 microcomputer dapt-15 microcomputer,computing,cable modem b-200 col brand,tty-1000d,s4-99,1
epson s041062 presentation paper epson 19.88,stationery & office machinery,,s041062,,epson-c2s,,,s041062,2189,1
los angeles dodgers pink iphone 4 hard case electronics - general tribeca fva4450 29.99,,,,,los angeles dodgers pink iphone four hard cases,,,col price,,1
logitech m305 wireless mouse black,mice,logitech,910-001752,29.73,m303 mouse,mouse,m,6095-001752,29.3,1
cyber acoustics computer stereo silver headset microphone electronics - general cyber acoustics ac401,,,,14.84,cyberscreensport,,,,,1
targus dcfc01 expedition camera case targus,photography - general,,dcfc01,10.92,targus dcfc01,photography essentials,,novel-100,ikecoltitle,1
avery 8691 cd dvd and jewel case spine label stationery & office machinery 8691 27.54,,avery,,,avery 8691,,avery,,,1
hp ce278a black laserjet print cartridge hp 69.84,printers,,hp ce278a,,hp ebay-jet printer,hi-value print,,,,1
motorola dect 6.0 cordless care phones k301 30.84,,motorola,,,stereo,mp3 digital camera,,,,1
hp 51644c hp 44 ink 1600 page-yield cyan printers hp 46.59,,,51644c,,,,hp 48 ink,890e,iv,1
xerox 108r00676 extended-capacity maintenance kit for phaser 8550 printer printers 108r00676 151.54,,xerox,,,xerox 108r00676 full-color manual printer printer with black aluminum parts,,xerox,,xerox108r50,1
panasonic lightweight headphones w xbs rp-ht21 panasonic rp-ht21,electronics - general,,,9.88,,,,,.899,1
verbatim store n go superspeed usb 3.0 portable hard drive 500gb verbatim 97397 69.98,hard drives,,,,n go supercgo portable hard drive,hard drives,,ngo ultra-portable digital x1 disc,,1
toshiba 55 class lcd 1080p 120hz hdtv 55g310u television toshiba 55g310u 899.0,,,,,neue,,,,,1
logitech m305 wireless mouse black,mice,logitech,910-001752,29.73,logitech m305 wireless mouse,mice,logitech cyrillic cn3001,1299,299.95,1
innovera m4640 compatible remanufactured high-yield ink 484 page-yield black printers innovera,,,m4640,24.99,,,,,$1.49,1
inland titan pro rolling notebook case ipi02453,computers,inland,,47.88,,notebooks,ectosci-2100,Col modelno,46.96,1
da-lite video spectra 1.5 deluxe model b manual screen - 50 x 67 video format 73639 181.99,electronics - general,da-lite,,,red-black-black-1 color2b,electronics,red-black-colar,,,1
da-lite deluxe hinged screen joining clamp for fast fold screens electronics - general,,da-lite,89518,31.99,da,cd,,cd-3000,28.45,1
hp 58 photo inkjet print cartridge c6658an hp c6658an,printers,,,28.88,,,steamjet printer,,21.95,1
ep 16gb usb 2.0 mobile swingdrive flash drive usb drives epsw/16gb -2.0,,ep memory,,29.84,pennie compact mini camera,,,,-2.86$21.80,1
vantec nexstar3 superspeed 2.5 sata to usb 3.0 external hard drive enclosure,electronics - general,vantec,nst-280s3-bk,26.62,vantec nexstar3 superspeed 2.5 sampler pack,,vantec,nst-280s3-bk,22.95   2   3  4  ,1
panasonic lumix dmc-ts3s silver 12.1 mp digital camera w 4.6 x optical zoom 2.7 lcd hd movie recording panasonic,digital cameras,,panasonic dmc-ts3s,333.54,compact,digital cameras,,quartz crystal dmc-ts3,$17.99,1
roocase executive leather portfolio case for samsung galaxy tab p1000 electronics - general,,roocase,212537,37.59,roocase executive leather portfolio case for samsung galaxy tab col brand,roocase,roocase,89560,45.00,1
gear head 1.3 mp quick webcam pro electronics - general gear head wc740i 13.88,,,,,,,,,,1
hp 45 black inkjet cartridge 51645a hp hp 51645a # 140 34.97,printers,,,,hp 45 white inkjet cartridge 51645a hp,,,,,1
tp-link tl-sc3171g wireless day night surveillance camera garden - general tp link tl-sc3171g,,,,172.0,tp-link tl-sc3171g wireless day night surveillance camera,,,,175.0,1
midland 2-pack 22-channel camo lxt385vp3 gmrs radio walkie-talkie/frs midland 39.82,,,lxt385vp3,,middle-class 1-pack 22-channel camo lxt385vp3 gmrs camo midland 4-compi,,,50,,1
san diego chargers pro grip mouse mice team pro mark msnf25 26.99,,,,,,,,,,1
kingston ktd-dm8400a 1g 1gb ddr2 sdram memory module kingston ktd-dm8400a / 1g 22.92,memory,,,,kingston xdmc-m8400a 1gb ddr2 1gb radeon r9 290k graphics card KINGSTON xdmc-m8400a,motherboard,konton,title,,1
ampad envirotec hanging file folders 1 5 tab 11pt stock ltr standard green 25pk stationery & office machinery 12.54,,,,,ampad envirotec hanging file folders 1 4 tab 8pt yellow 25pk stationery & office machinery 12.54,,,,,1
motorola atrix navigation dock with vpa electronics - general motorola 89456n,,,,59.98,motorola 87-7160,,,,?,1
brother tn450 black toner cartridge high yield toner brother,printers,,tn450,48.88,,,,,7.99,1
roocase executive portfolio leather case w 2 screen protector for blackberry playbook electronics - general,,roocase,220761,35.99,roocase executive portfolio leather case,roocase,roocase,21012,25.97,1
v7 8gb sd card secure digital high capacity 8 gb memory card usb drives v7 vasdh8gcl4r-1n,,,,10.26,v7 8gb SD SD card hard drive card USB3 port cable vishc-4120,,,cdr-8v1c,3200,1
pioneer 10 subwoofer with single voice coil 350w car stereos pioneer ts-w259s4 113.0,,,,,pioneer 10 subwoofer with single voice coil 350w car stereos pioneer ts,,,,,1
midland 2-pack 22-channel camo lxt385vp3 gmrs radio walkie-talkie/frs midland 39.82,,,lxt385vp3,,ultra low definition camera compact box monitor quartz 3 monitor display quartz micro SDI microSD slot card jupiter 4200 tvp-3 gmrs video streaming video recorder monitor visa ultrabook slim 32.56,,,,,1
xerox 108r00676 extended-capacity maintenance kit for phaser 8550 printer printers 108r00676 151.54,,xerox,,,xerox illtofhtr-2-i,,,,,1
tp-link tl-ant2409b 2.4 ghz 9dbi outdoor directional antenna tp link tl-ant2409b 27.88,networking,,,,tp-link tl-ant2409b 2.4 ghz,networking,,,,1
samsung 33-0525-05 samsung fasciante i500 oem multimedia dock electronics - general,,samsung,33-0525-05,29.88,,,,,29.895,1
hp ce278a black laserjet print cartridge hp 69.84,printers,,hp ce278a,,hp ce278a black laserjet print cartridge,,,,,1
motorola dect 6.0 cordless care phones k301 30.84,,motorola,,,motorola dect 6.0 cordless care phones k301,,,,,1
p3 international kill-a-watt graphic timer and electricity usage monitor portable audio p4480,,p3 international corporation,,69.95,p43 international,,russian,,$30.95 ebay link,1
d-link dcs-1100 network camera garden - general,,d-link,dcs-1100,99.82,d-link dcs-1100 network camera garden - general,,,dcs-1100,99.82,1
pioneer adtva133 2-din installation kit car stereos,,pioneer,adt-va133,41.88,adtva133 2d,,icon,,,1
innovera m4640 compatible remanufactured high-yield ink 484 page-yield black printers innovera,,,m4640,24.99,innovera-1d,,,,$48.99,1
incipio ak-334 kaddy nylon folio for amazon kindle 3 black mp3 accessories incipio ak-334 28.5,,,,,incipio ak-334 kaddy nylon folio for amazon kindle 3 black mp3 accessories incipio ak-334 28.5,,,,,1
avery write-on tabs 1.75 48-count stationery & office machinery 16143 3.54,,avery,,,chrome-col col1,,avery,,,1
benq ms612st 3d-ready projector benq,electronics - general,,ms612st,699.0,jacquer colorway projector,,,92800,2190.0,1
innovera m4640 compatible remanufactured high-yield ink 484 page-yield black printers innovera,,,m4640,24.99,innovera m4640-wifi white print-on black printers,,col modelno,,34.99,1
hp q1413a universal heavyweight coated paper hp 58.78,stationery & office machinery,,q1413a,,hp q1413a,computer accessories,,,othingnesco,1
hp 51644c hp 44 ink 1600 page-yield cyan printers hp 46.59,,,51644c,,hp 51644c hp44 col id,,,51644c,,1
p3 international kill-a-watt graphic timer and electricity usage monitor portable audio p4480,,p3 international corporation,,69.95,p4 microcontroller for microcontroller accessories,microcomputer accessories,microcomputer accessories,,89.95,1
midland 2-pack 22-channel camo lxt385vp3 gmrs radio walkie-talkie/frs midland 39.82,,,lxt385vp3,,,medium-duty-duty high-performance audio/visual recorder with optional mics,,lxt385pci,,1
kingston ktd-dm8400a 1g 1gb ddr2 sdram memory module kingston ktd-dm8400a / 1g 22.92,memory,,,,kingston ktd-dm8400a 2gb ddr2 sdram card cola,,brand,,,1
creative labs d100 speakers green creative labs,portable audio,,mf8090aa004,79.99,,,,,79.99,1
nikon speedlight sb700 electronic flash for d7000 photography - general nikon sb700,,,,329.0,nikon speedlight sb700 electronic flash for d7000 photography,,,,329.0,1
motorola atrix navigation dock with vpa electronics - general motorola 89456n,,,,59.98,,,,,65.82,1
siig wireless ultra-slim multimedia mini keyboard jk-wr0612-s1,electronics - general,siig,,30.88,,,,,26.08,1
penpower worldcard ultra sheetfed scanner electronics - general penpower,,,swocr0038,129.0,inkjet printer cartridgescola,,,swocr0038,124.98,1
asus us radeon 1gb gddr5 hd6870 pci express graphics card asus eah6870d2di2s1g 199.82,electronics - general,,,,asus us radeon 1gb gddr5 hd6870ci,,,,,1
lenovo performance back pack electronics - general,,lenovo,41u5254,31.51,,,,41u5254,31.51,1
hp ce278a black laserjet print cartridge hp 69.84,printers,,hp ce278a,,cd-2010,printers,,cd-2040,,1
avery write-on tabs 1.75 48-count stationery & office machinery 16143 3.54,,avery,,,avery caterer,,avery,,6.89,1
roocase executive portfolio leather case stylus for asus eee pad transformer tf101 10.1-inch electronics - general 222057,,roocase,,55.99,roocase executive portfolio leather case stylus for asus eee pad transformer tf101 10.1-inch electronics - general,,roocase,,30.00 roocaseCO -,1
startech.com icusb1284 6 ft usb to parallel printer adapter startech icusb1284,printers,,,15.88,netbook,,,,,1
panasonic lightweight headphones w xbs rp-ht21 panasonic rp-ht21,electronics - general,,,9.88,,electronics - general,,,4.74,1
vivitar 50-in-1 card reader writer,usb drives,vivitar,viv-rw-50,11.98,,camcorder,samus,vivitar,10.39,1
midland xtc200 hd 720p extreme action camera midland,camcorders,,xtc200,155.88,midland xtc200 xtc200 camera,camcorders,,,148.84,1
tenba mixx shoulder bag large 136902 85.99,mp3 accessories,tenba,,,tenba mixx shoulder bag large 137101 85.99,mp3 accessories,10ba,,$30.29 $5.83,1
hp 82 cyan inkjet cartridge ch566a printers,,hp,hp ch566a,29.88,jp-,,,,19.99,1
motorola dect 6.0 cordless care phones k301 30.84,,motorola,,,motorola dect 6.0 cordless care phones k301,,,,c90000c0,1
p3 international kill-a-watt graphic timer and electricity usage monitor portable audio p4480,,p3 international corporation,,69.95,p3900 digital white LED power lamp power svc compact,,,,$399.95,1
wilson jones visitor register book red hardcover 112 pages stationery & office machinery wilson jones 41.94,,,s490,,,,,s490,,1
p3 international kill-a-watt graphic timer and electricity usage monitor portable audio p4480,,p3 international corporation,,69.95,p1 international kill-a-watt graphic timer and electricity usage monitor portable audio p4480,,p45 minidump,colaprice,19.95,1
startech.com icusb1284 6 ft usb to parallel printer adapter startech icusb1284,printers,,,15.88,,CRANDS,,,15.88 ,1
da-lite leg saver back brace for standard fast-fold screens da-lite 72120,electronics - general,,,82.0,da-lite leg saver front brace for standard quick-back screen da-lite 72120,electronics - general,retro style - accessories,,87.55,1
da-lite video spectra 1.5 deluxe model b manual screen - 50 x 67 video format 73639 181.99,electronics - general,da-lite,,,taiko camera - high quality LCD monitors,stereo,bizview,TITAN digital recorder model no,,1
marware microshell for ipad black 602956006664 39.99,mp3 accessories,,,,mp3 accessories,ipad white 602956006664,,,,1
iogear 2-port usb 2.0 printer auto sharing switch black computers iogear gub211w6,,,,22.92,iogear 2-port auto sharing switch black computers,,,,23.92,1
msi ati radeon hd6670 1gb ddr5 pci-express video card msi r6670-md1gd5 107.0,electronics - general,,,,japanese-bionic 2 gbps video cassettes,computers,,,,1
innovera m4640 compatible remanufactured high-yield ink 484 page-yield black printers innovera,,,m4640,24.99,r2t42x6,,r,r2t42x3dx,2159,1
canon powershot sx130-is black 12.1 mp digital camera w 12x optical zoom 3.0 lcd display w 50 bonus prints canon,digital cameras,,sx130,191.99,canon powershot sx130b,color,,,21.99,1
brother pt-18r p-touch label printer brother,printers,,pt-18r,129.88,,,,pt90,0.88,1
sennheiser sh 230 monaural headset 84.0,electronics - general,sennheiser,sh230,,sennheiser sampler,gaming,samplerci,samplerc,,1
premiertek pl-2301a powerlink amplus wireless range extender premiertek,networking,,pl-2301a,45.88,,home tv,ipad-prose,sgw301a-f3f-24-gps8,,1
da-lite deluxe hinged screen joining clamp for fast fold screens electronics - general,,da-lite,89518,31.99,deluxe hinged screen joining clamp for quick fold electronic screens,,baz,89518,5.46 gb,1
razer pro click mobile notebook mouse pink,mice,razer,rp01-050106r1m1,40.84,,mice,,,44.48,1
canon powershot sx130-is black 12.1 mp digital camera w 12x optical zoom 3.0 lcd display w 50 bonus prints canon,digital cameras,,sx130,191.99,canon powershot sx130-is black 12.1 mp digital camera w samspike sx150,digital cameras,,samspike,199.99 IAwIKONA0090,1
fellowes office suites monitor riser 8031101 electronics - general fellowes 38.88,,,8031101,,csw-3030,eyep,,601514,,1
roocase executive leather portfolio case for samsung galaxy tab p1000 electronics - general,,roocase,212537,37.59,roocase executive leather portfolio case for samsung galaxy tab p1000 electronics - general,,,roocase,25.99 2128,1
canon powershot elph 100 hs blue 12.1 mp digital camera with 4x optical zoom 3.0 lcd 1080p hd video w 50 bonus prints digital cameras,,canon,4925b001aa,178.54,canon powershot elph,,,4925b001aaa,179.34,1
x-acto school pro desktop electric pencil sharpener blue gray stationery & office machinery x-acto 44.88,,,1670,,x-acto school pro desktop electric pencil sharpener blue gray stationery & office machinery blue grey stationery stylus blue,,,1070,,1
garmin foretrex 401 portable gps system fish finder garmin 174.88,,,010-00777-00,,garmin foretrex 401 portable gps system fish finder garmin 174.88,,,1007090,,1
hp c7973w ultrium 800 gb worm data cartridge c7973w 29.42,mp3 accessories,hp,,,mp3 cartridges-tour-welcome,tvr accessories,hp,,,1
quartet showit three-panel display system fabric blue gray black pvc frame stationery & office machinery 222.29,,quartet,,,quartet showit gray,,cart col value,,,1
scosche 1974-99 chrysler multi kit with 1 cd storage pocket car stereos cj1278b 8.68,,scosche,,,scosche 1970-02 scosche,,scosche,,,1
sonnet carapace silicone keyboard cover electronics - general sonnet technologies inc 16.88,,,kp-mb,,,,,, $10.01,1
kodak m552 dark pink 14mp digital camera bundle w 5x optical zoom 2.7 lcd display w 50 bonus prints kodak 109.0,digital cameras,,m552 pink bndl,,,digital cameras,,tracf,,1
ape case ac252 tri-fold digital camera case passport travel wallet,photography - general,ape case,ac252,18.88,passport travel wallet,photography - general,ac252,acc067,16.78,1
panasonic kx-tga6645b dect 6.0 plus expandable digital cordless answering system with 5 handsets electronics - general panasonic,,,kx-tg6645b,150.0,chinese plg,high,,,150.0,1
hp 56 black inkjet cartridge c6656an printers hp,,,c6656an,23.97,hp 56 black inkjet cartridge c6656an printers,,,,47.00,1
hp cb40 toner 7500 page-yield printers hp 249.23,,,cb400a,,hp cb40 toner 7500 page-yield printers hp 249.23,,,cb400a,,1
pioneer 10 subwoofer with single voice coil 350w car stereos pioneer ts-w259s4 113.0,,,,,,,,,,1
premiertek pl-2301a powerlink amplus wireless range extender premiertek,networking,,pl-2301a,45.88,premium cable COMPANIONS,computer,,,,1
mace 95db window alarm mace security,garden - general,,80202,5.24,mace 95db window alarm mace security,,,price,5.24 CRIPTION,1
belkin 6 firewire cable 4-pin 6-pin belkin f3n401-06-ice,electronics - general,,,4.88,belkin 6 firewire cable 3 connector 4-pin blue LED standoffs,electronics - general,,,4.96,1
marware microshell for ipad black 602956006664 39.99,mp3 accessories,,,,marware microshell for iphone5,turntable accessories,,,,1
garmin foretrex 401 portable gps system fish finder garmin 174.88,,,010-00777-00,,netgear sd1 small-portable-gps ipad ipad cable,,,10205,,1
premiertek pl-2301a powerlink amplus wireless range extender premiertek,networking,,pl-2301a,45.88,quality-control,,,pp120-082104,38.88,1
samsung 33-0525-05 samsung fasciante i500 oem multimedia dock electronics - general,,samsung,33-0525-05,29.88,,,,1295,32.,1
epson s041595 photographic papers epson s041595 69.88,stationery & office machinery,,,,epson cd-one digital digital printer,stationery & office machinery,,,12,1
jvc kd-r320 cd receiver jvc 70.0,car stereos,,kdr320,,jvc jsv kd30,camo,,kdr-30,,1
targus zierra case for blackberry playbook tablet black electronics - general targus 55.88,,,thz053us,,ultimaker,,,,,1
patriot memory 16gb lx series sd card high-capacity usb drives psf16gsdhc10,,patriot,,49.98,patriot memory 16gb lx series sd card high-capacity usb drives psf16gsdhc10,,patriot,,49.98,1
avery 8691 cd dvd and jewel case spine label stationery & office machinery 8691 27.54,,avery,,,,,,,,1
iogear 2-port usb 2.0 printer auto sharing switch black computers iogear gub211w6,,,,22.92,iogear 2-port usb 2.1 printer auto sharing switch black computers,,,,$27.97,1
startech.com icusb1284 6 ft usb to parallel printer adapter startech icusb1284,printers,,,15.88,startech.com icusb1200 8.5 ft usb to parallel extruder end table,,,,15.88,1
wanderlei silva mouse pad mice 15042010,,wincraft,,18.99,,"""",,,26.99,1
panasonic lightweight headphones w xbs rp-ht21 panasonic rp-ht21,electronics - general,,,9.88,,electronics - general,,,,1
manhattan 150705 superspeed usb to sata adapter electronics - general 47.84,,,150705,,,,,150705,,1
hon metal bookcase 34-1 2w x 12-5 8d x 81-1 8h furniture hon s82abcp 369.0,,,,,hon metal bookcase 34-1 2w x 12-5 8d x 81-1 bd furniture augxt2b98,,22,,1,1
premiertek pl-2301a powerlink amplus wireless range extender premiertek,networking,,pl-2301a,45.88,pl-2301a,,,pl-2301b,2.85 CRITICO label,1
brother tn450 black toner cartridge high yield toner brother,printers,,tn450,48.88,father c-10,electronics,,tpv4100 c genivir,46.77,1
fellowes office suites monitor riser 8031101 electronics - general fellowes 38.88,,,8031101,,the tascam - anci-mount monitor monitor monitor sub body monitors,,,,,1
belkin 6 firewire cable 4-pin 6-pin belkin f3n401-06-ice,electronics - general,,,4.88,belkin 6 firewire cable 4-pin belkin f3n401-06-ice,outdoor,,,4.88,1
sony mdrxb40ex high sensitive bass headphones mp3 accessories mdrxb40ex,,sony,,39.88,sony MDRxb40ex high sensitive bass headphones mp3 accessories,,sony mdrxb40ex,,39.88,1
samsung 33-0525-05 samsung fasciante i500 oem multimedia dock electronics - general,,samsung,33-0525-05,29.88,samsung 33-0525-05,item,,,,1
scosche 1974-99 chrysler multi kit with 1 cd storage pocket car stereos cj1278b 8.68,,scosche,,,scosche-raff,,,sc,,1
wintec filemate 4gb swivel usb flash drive black usb drives wintec 3fmusb4gwb-r,,,,7.84,wintec 6gb swivel usb flash drive black usb drives wintec,,,,7.08,1
sony h series np-fh50 actiforce infolithium battery hybrid,dvd accessories,sony,npfh50,38.0,sony H320d,accessories,hw50,npfh50,38.0,1
fellowes goriser laptop elevator electronics - general fellowes 8030401,,,,21.88,julian,,,,,1
xantech 29110dbkit designer hidden link infrared kit black stereos/audio xantech,,,29110dbkit,56.88,xantech 29110dbkit designer hidden link cheap stereo tracker accessories,,,29150db-kit,$1429,1
x-acto school pro desktop electric pencil sharpener blue gray stationery & office machinery x-acto 44.88,,,1670,,x-acto college college,,,,,1
hp 82 cyan inkjet cartridge ch566a printers,,hp,hp ch566a,29.88,hp 82 cyan inkjet cartridge ch566a cartridges,,hp,hp-,29.88,1
targus red tg-6660tr tripod with 3-way panhead,photography - general,targus,tg-6660tr,29.98,price,general,,,19.98,1
corsair value select cmv4gx3m1a1333c9 4gb ddr3 1333mhz sdram desktop memory module memory,,corsair,cmv4gx3m1a1333c9,49.82,corsaircol value select cmv4gpx4f1060t,,corsaircol label,cmv4gpx4f1060cm,49.68,1
clarion half-din graphic equalizer with built-in crossover clarion eqs746 99.99,car stereos,,,,clarion-half-dill-,car stereos,,,,1
xerox 108r00676 extended-capacity maintenance kit for phaser 8550 printer printers 108r00676 151.54,,xerox,,,xerox104c,xerox 104d col category,xerox108r00676 extended-capacity maintenance kit for phaser 8550 printer printers,,103frms,1
i-tec ipad anti-glare screen protector mp3 accessories,,i-tec electronics,t6020,17.88,t6020,,i-tec i-col,jb1000,13.28,1
rca 22 class 1080p 60hz lcd hdtv 22la45rq electronics : flat panel tv 22la45rq,,rca,,169.0,rca 22 class dvd player compact compact disc player,,,,179.3 ,1
penpower worldcard ultra sheetfed scanner electronics - general penpower,,,swocr0038,129.0,pensprinters-colo col-colo3,,,,8.69,1
innovera m4640 compatible remanufactured high-yield ink 484 page-yield black printers innovera,,,m4640,24.99,,cheap-sell,portillacion connoisseur,odigo8,8.99,1
v7 8gb sd card secure digital high capacity 8 gb memory card usb drives v7 vasdh8gcl4r-1n,,,,10.26,v7 8gb sd card secure digital high capacity 8 gb memory card USB drives v7 vasdh8gcl4r-1n,,,,10.26,1
pny 4gb micro swivel attache flash drive printers pny 9.84,,,,,pny 4gb micro flash,,,,,1
cables unlimited 3 svga video cable hdb15 male to male with 3.5 mm audio electronics - general pcm-2240-03,,cables unlimited,,11.88,cables unlimited 3 svga video cable hdb15 cola cola cola-video,accessory miniview,,,589.90,1
pioneer adtva133 2-din installation kit car stereos,,pioneer,adt-va133,41.88,,,,,19.50,1
razer pro click mobile notebook mouse pink,mice,razer,rp01-050106r1m1,40.84,razer pro click mobile mouse,accessories,,t1010003,$0.00,1
corsair value select cmv4gx3m1a1333c9 4gb ddr3 1333mhz sdram desktop memory module memory,,corsair,cmv4gx3m1a1333c9,49.82,corsair ctr-3000cwii-trix-dolbyc-dvd,,corsair,cdx4500,29.76,1
hp ce278a black laserjet print cartridge hp 69.84,printers,,hp ce278a,,,printers,,hp cd20x16p,,1
hp 51644c hp 44 ink 1600 page-yield cyan printers hp 46.59,,,51644c,,hp 498 series ink cola,,col,,,1
tops american pride writing pad jr. legal rule 5x8 white 12 50-sheet pads pack stationery & office machinery 75101 18.88,,tops business forms,,,top american pride writing pad jr. legal rule 5x8,,,,,1
iogear 2-port usb 2.0 printer auto sharing switch black computers iogear gub211w6,,,,22.92,,,,,,1
scosche fptag anti-glare screen protectors for ipod touch 2pk fptag,mp3 accessories,scosche,,16.88,,mp3-products,samsung-compactc,,16.88,1
jvc kd-r320 cd receiver jvc 70.0,car stereos,,kdr320,,jvc kd-r320 compact disc jvc,cd receiver,jvc100,jvc100cv1,,1
scosche 1993-up select subaru power 4-speaker connector car stereos su03b 9.88,,scosche,,,,,,,,1
logitech m305 wireless mouse black,mice,logitech,910-001752,29.73,logitech m305 wireless mouse black,mouse,logitech,keypad100,0.89,1
storm 2306 case with foam olive drab storm,photography - general,,im2306-30001,97.88,waterfrontview,photography - general,,tf,9.99,1
motorola atrix navigation dock with vpa electronics - general motorola 89456n,,,,59.98,motorola atrix navigation dock with vpa electronics - motorola 89456n,,,,60.99,1
hp 51644c hp 44 ink 1600 page-yield cyan printers hp 46.59,,,51644c,,hp 51644c hp 44 ink 1600 page-yield cyan printers,,,,,1
national brand texhide accounting book black burgundy 10 3 8 x 8 3 8 national products ltd.,stationery & office machinery,,56211,25.94,,stationery & office machinery,,56211,26.99,1
national brand texhide accounting book black burgundy 10 3 8 x 8 3 8 national products ltd.,stationery & office machinery,,56211,25.94,national label ltd.col,,,53044,22.98,1
siig wireless ultra-slim multimedia mini keyboard jk-wr0612-s1,electronics - general,siig,,30.88,siig electronic smart mouse,,,,3201,1
verbatim 95355 ultralife 8x dvd-r media 95355,mp3 accessories,verbatim,,84.67,,mp3 accessories,verbatim,,84.67,1
avery write-on tabs 1.75 48-count stationery & office machinery 16143 3.54,,avery,,,no label,,,,,1
brother hl-4570cdw wireless laser color printer duplex printing printers,,brother,hl-4570cdw,481.86,,,hl-4570cdw,brotherh2102,719.45,1
p3 international kill-a-watt graphic timer and electricity usage monitor portable audio p4480,,p3 international corporation,,69.95,p3-dtm-keyboard-hcd-mfg,,p3 international,,$50.92,1
digipower 4-section tripod dark blue 29.99,photography - general,digipower,tptr47dbl,,digipower 4-section tripod black 29.99,photography - general,digipower,tptr47dbl,nbl001,1
msi ati radeon hd6670 1gb ddr5 pci-express video card msi r6670-md1gd5 107.0,electronics - general,,,,msi ati radeon r6670 1gb ddr5 pci-express video card vcore 2.5 50% 896x1260,electronics,,,,1
pny 4gb micro swivel attache flash drive printers pny 9.84,,,,,pny 4gb micro swivel attache flash drive printers pny 9.84,,,,,1
kingston ktd-dm8400a 1g 1gb ddr2 sdram memory module kingston ktd-dm8400a / 1g 22.92,memory,,,,kingston ktd-dm8400a 1g 1gb ddr2 sdram memory module kingston ktd-dm8400a 2gb ddr2 sdram memory module,memory,,color NO,21.60,1
pny 4gb micro swivel attache flash drive printers pny 9.84,,,,,667w-A2,,),,,1
hp 45 black inkjet cartridge 51645a hp hp 51645a # 140 34.97,printers,,,,,scannersprinters,,,,1
p3 international kill-a-watt graphic timer and electricity usage monitor portable audio p4480,,p3 international corporation,,69.95,p45 microcontroller,,p45 micro-controller,,50.99,1
fellowes goriser laptop elevator electronics - general fellowes 8030401,,,,21.88,,common,,,21.88,1
x-acto school pro desktop electric pencil sharpener blue gray stationery & office machinery x-acto 44.88,,,1670,,x-acto school pen x-acto pen xflexx,,,,13.99,1
wilson jones basic vinyl round ring binder stationery & office machinery wilson jones 36834nbl,,,,6.79,wilson jones basic stereo box display jones-blvd,jones-blvd,ds-4,,9.99,1
guardian ecoguard indoor rubber wiper mats 24 x 36 charcoal guardian 23.97,rugs,,eg020304,,e3-bri9-bri50,rugs,,,,1
quantum mr-s2mqn-01 super dlttape ii cartridge mp3 accessories quantum mr-s2mqn-01,,,,94.88,quantum dnk mr02 msb,,,plc64,22.97,1
epson s041062 presentation paper epson 19.88,stationery & office machinery,,s041062,,iT,stationery & office machinery,,h1-50,,1
lorex lw1002 live wireless security cameras lorex,garden - general,,lw1002,119.0,,lw1013,col brand,1604-003,17.99,1
vivitar 50-in-1 card reader writer,usb drives,vivitar,viv-rw-50,11.98,hujemus,computercol,hujemus,hujex5e,11.98,1
sony mdrxb40ex high sensitive bass headphones mp3 accessories mdrxb40ex,,sony,,39.88,sony mdrxb40ex low sensitive bass headphones mp3 accessories sonywompson,,sony,compactlennon,25,1
san diego chargers pro grip mouse mice team pro mark msnf25 26.99,,,,,san diego chargers pro grip mouse mice team pro mark msnf25 26.99,,,,,1
logitech n315 lapdesk n315 24.88,computers,logitech,,,logitech n315 lapdesk n315 - $14.59,laptop computers,,,,1
hp 82 cyan inkjet cartridge ch566a printers,,hp,hp ch566a,29.88,hp92,,hp 62 silver inkjet cartridges,hp cli,,1
rca 22 class 1080p 60hz lcd hdtv 22la45rq electronics : flat panel tv 22la45rq,,rca,,169.0,rca22 class 120hd,,rca2,samplersvc2,449.0,1
fellowes office suites monitor riser 8031101 electronics - general fellowes 38.88,,,8031101,,fellowes office suites monitor riser 8031101 electronics - general,,,486102,,1
evga nvidia geforce gt 430 graphics card with 1024mb ddr3 memory electronics - general evga 82.92,,,01g-p3-1430-lr,,evga nvidia geforce gt 430 graphics card with 1024mb ddr3 memory electronics - general edc,,evga n,00m4-c60-l-naa,coltype,1
toshiba 55 class lcd 1080p 120hz hdtv 55g310u television toshiba 55g310u 899.0,,,,,hdtv5410,,,,?????-?????-4500,1
polaroid i1237 pink 12mp digital camera w 3x optical zoom 2.7 lcd display polaroid 68.0,digital cameras,,cia-1237pc,,polaroid i1237 purple,cameras,col modelno,cd101col, ,1
lexmark 1382920 toner 3000 page-yield black stationery & office machinery 1382920,,lexmark,,270.9,lexmark 1382920 toner 3000 page-yield black stationery & office machinery 1382920,compact,,,27.,1
d-link dcs-1100 network camera garden - general,,d-link,dcs-1100,99.82,d-link dcs-1200 microfiber binoculars,,dcp-1100i,dcs-1200i,0.99,1
tomtoim via 1505t gps 1en501902 179.95,,tomtom,,,tomtoim via,,,,,1
motorola atrix navigation dock with vpa electronics - general motorola 89456n,,,,59.98,moto-tourneau connector - ultra compact laptop,,,col category,98.98,1
hp 29 black inkjet cartridge 51629a hp 51629a,printers,,,34.97,CR-3004C-2HP,black inkjet cartridge,printers,,23.95,1
sony h series np-fh50 actiforce infolithium battery hybrid,dvd accessories,sony,npfh50,38.0,sony h series np-fh50 actiforce infolithium battery hybrid,dvd accessories,sony,42.4,,1
patriot memory 16gb lx series sd card high-capacity usb drives psf16gsdhc10,,patriot,,49.98,,,,,18.74 ,1
haier ptheatre 4gb pocket theater mp3 player mp3,,,ptheatre,46.26,haier ptheatre,stereo sound system,,5.60 USD,$2.19,1
los angeles dodgers pink iphone 4 hard case electronics - general tribeca fva4450 29.99,,,,,los angeles dodgers pink iphone 4 hard case electronics - general tribeca fva4450,,,,,1
panasonic lumix dmc-ts3s silver 12.1 mp digital camera w 4.6 x optical zoom 2.7 lcd hd movie recording panasonic,digital cameras,,panasonic dmc-ts3s,333.54,panasonic lumix dmc-ts3s silver,camcorder-standard,camcamcorder,camcorder-pct45,4.85 lcd,1
dj tech ivisa 50 light portable pa system with ipod player controller 50 watts ivisa 50 light,portable audio,dj tech,,368.0,,tablet,pcpgio,,6.65,1
pioneer ts-w2502d2 10 champion series pro subwoofer car stereos ts-w2502d2,,pioneer,,268.0,p-w2502d2b 1.5d,,standard,,644.50 col,1
los angeles dodgers pink iphone 4 hard case electronics - general tribeca fva4450 29.99,,,,,los angeles dodgers pink iphone4 hard case electronics - general tribeca fva4450 29.99,,,,,1
verbatim 95407 2gb secure digital card verbatim 11.88,usb drives,,95407,,verbatim 95407 2gb unsoldata,usb drives,,,,1
rolodex business card binder with a-z tabs black,stationery & office machinery,rolodex,66451,27.94,rolodex business card binder blue,industrial,rolodex,osuvr-0992,27.94,1
tp-link tl-sc3171g wireless day night surveillance camera garden - general tp link tl-sc3171g,,,,172.0,,,,,174.0,1
midland xtc200 hd 720p extreme action camera midland,camcorders,,xtc200,155.88,midland xtc200 hd 720p ultra high view color SR-60004L,camcorders,,xtc200,151.99 JB-L9201b Color LCD top color,1
rca 22 class 1080p 60hz lcd hdtv 22la45rq electronics : flat panel tv 22la45rq,,rca,,169.0,rca 22 class 1080p 60hz lcd hdtv,compact dvd recorder,rca,,169.0,1
three position powermat with powercube electronics - general pmm-3p-b1 79.54,,powermat,,,three position powermat with powercube electronics - general pmm-3p-b1 80.53,,pvm-6g1p-b1-v-4l2-v8,col_title,,1
tenba mixx shoulder bag large 136902 85.99,mp3 accessories,tenba,,,,mp3 accessories,tenba,,,1
lorex lw1002 live wireless security cameras lorex,garden - general,,lw1002,119.0,,garden - general,,,2.00 ,1
lorex lw1002 live wireless security cameras lorex,garden - general,,lw1002,119.0,,,lw1010,lw1011 lw1011,$16.99,1
zotac geforce gt 220 synergy edition pci express 1gb ddr2 graphics card zotac zt-20203-10l,electronics - general,,,68.33,ultracooltech x500 w/i801 thermal-ac single card combo,computer,,,68.33 zt-200102,1
zotac geforce gt 220 synergy edition pci express 1gb ddr2 graphics card zotac zt-20203-10l,electronics - general,,,68.33,,electronics,,,79.95,1
epson workforce pro gt-s50 document image scanner electronics - general epson b11b194011 407.12,,,,,epson workers c-vivier c641002,computers,,,c-194292,1
xerox 108r00676 extended-capacity maintenance kit for phaser 8550 printer printers 108r00676 151.54,,xerox,,,,,,,,1
san diego chargers pro grip mouse mice team pro mark msnf25 26.99,,,,,,,,,988 m1,1
da-lite da-plex base rear projection screen - 57 3 4 x 77 video format da-lite 2608.99,electronics - general,,27528,,da-lux-x-touch-base modelno,audio display,,,,1
tenba mixx shoulder bag large 136902 85.99,mp3 accessories,tenba,,,compact portable,smartwares,mp3 compacts,,,1
xerox 108r00579 transfer roller printers,,xerox,108r00579,199.88,xerox108r00579 transfer roller printers,,xerox,108r00579,199.88,1
wilson jones basic vinyl round ring binder stationery & office machinery wilson jones 36834nbl,,,,6.79,wilson jones,,,,60.84 ,1
iogear 2-port usb 2.0 printer auto sharing switch black computers iogear gub211w6,,,,22.92,,,,,22.92 iogear-gub213w6,1
avery write-on tabs 1.75 48-count stationery & office machinery 16143 3.54,,avery,,,duplexx-c2-tacs-c9col,,,,13.982,1
xerox 108r00676 extended-capacity maintenance kit for phaser 8550 printer printers 108r00676 151.54,,xerox,,,xerox108r00676,,xerox,,322.78,1
da-lite da-glas deluxe rear projection screen - 96 x 96 av format 6128.99,electronics - general,da-lite,27651,,,general,ctr100p cola,85830,7.881,1
lorex lw1002 live wireless security cameras lorex,garden - general,,lw1002,119.0,,,,,119.0,1
motorola atrix navigation dock with vpa electronics - general motorola 89456n,,,,59.98,,,,,59.98,1
sennheiser sh 230 monaural headset 84.0,electronics - general,sennheiser,sh230,,samplers samplers samplerate 2,headsets,samplers,shoeboxhc,,1
innovera m4640 compatible remanufactured high-yield ink 484 page-yield black printers innovera,,,m4640,24.99,innovera m4640 compatible remanufactured high-yield ink,,,4010,24.99,1
da-lite leg saver back brace for standard fast-fold screens da-lite 72120,electronics - general,,,82.0,da-lite leg saver back brace for standard fast-fold screens da-lite 72180,electronics - general,,,83.5,1
motorola dect 6.0 cordless care phones k301 30.84,,motorola,,,motorola dect 6.0 cordless care phones k301 30.84,,,,1,1
premiertek pl-2301a powerlink amplus wireless range extender premiertek,networking,,pl-2301a,45.88,powerlink s-2300-e powerlink display,powerlink,pl-2301c,pl-2301c min,29.99,1
marware microshell for ipad black 602956006664 39.99,mp3 accessories,,,,marware microshell for ipad black 602956006664 39.99,mp3 accessories,,,10.77,1
hp 56 black inkjet cartridge c6656an printers hp,,,c6656an,23.97,hp 56 black inkjet cartridge (c6560blue),,,c6656an,23.98,1
startech.com icusb1284 6 ft usb to parallel printer adapter startech icusb1284,printers,,,15.88,startech.com,compact-tb2d,,,14.99,1
seagate blackarmor nas 440 is a 4tb network attached storage server 599.0,networking,seagate,,,,networking,seagate,,,1
targus red tgk-fr300 digital camera starter kit photography - general targus,,,tgk-fr300,18.98,targus red tgk-fr300 digital camera starter kit,,,texas,21.99,1
sabrent usb 2.0 to db25f parallel printer cable printers sabrent usb-db25f 9.88,,,,,sabrent usb 2.0 to db25f parallel printer cable printers sabrent usb-db25f 9.88,computer audio,,,"4,320.00",1
panasonic lightweight headphones w xbs rp-ht21 panasonic rp-ht21,electronics - general,,,9.88,wkp200-2100,audiophile stereo,mphd-g1-bmp,,29.49,1
da-lite dual vision tensioned advantage deluxe electrol - hdtv format 92 diagonal electronics - general da-lite,,,88285,4242.99,gbtv-2,,,,,1
zyxel es1100-16 16-port fe unmanaged switch zyxel es1100-16,networking,,,50.88,chinese zyxel multifunction switch,,,zyxel10,,1
brother hl-4570cdw wireless laser color printer duplex printing printers,,brother,hl-4570cdw,481.86,high-definition plasma,,,plg-,13.50,1
d-link dap-1350 wireless-n pocket router and access point dap1350,networking,d-link,,99.99,d-link dap1350 wireless-n pocket router and access point,,d-link,colline,99.99,1
verbatim 95355 ultralife 8x dvd-r media 95355,mp3 accessories,verbatim,,84.67,verbatim 95355 ultralife 8x dvd-r media contivo 92102,ipod,verbatim cartridge,,84.09 cdi,1
scosche increased dynamic range chameleon earphones idr355md scosche 24.34,mp3 accessories,,idr355md,,scosche improved dynamic range chameleon earphones,mp3 audio,compact scosche,,,1
lorex lw1002 live wireless security cameras lorex,garden - general,,lw1002,119.0,,,,,20.0 omenl,1
kingston ktd-dm8400a 1g 1gb ddr2 sdram memory module kingston ktd-dm8400a / 1g 22.92,memory,,,,kingston ktd-dm8400a 4k 16GB DDR4 2400GB solid state drive,memory,d-bvd-4g-bvc-ddr-3g-sd-video-sd-m,,,1
targus red tgk-fr300 digital camera starter kit photography - general targus,,,tgk-fr300,18.98,cisco_h-500,photo,,,$9.99,1
pny 4gb micro swivel attache flash drive printers pny 9.84,,,,,pvn-a5j1b64wattp,,,,,1
belkin 6 firewire cable 4-pin 6-pin belkin f3n401-06-ice,electronics - general,,,4.88,bb blizzard 7/64 cola cola-1030,,,,48.40,1
rolodex business card binder with a-z tabs black,stationery & office machinery,rolodex,66451,27.94,rolodex business card binder with high,stationery & office machinery,rolodex,56302,28.88 itle,1
lexmark 1382920 toner 3000 page-yield black stationery & office machinery 1382920,,lexmark,,270.9,toner 9899,,lexmark,,,1
da-lite da-glas deluxe rear projection screen - 96 x 96 av format 6128.99,electronics - general,da-lite,27651,,da-lite da-glas deluxe rear projection screen - 96 x 96 av format - standard,electronics,dc649903-vi1,dc649903-v-cad-8b2,,1
targus red tg-6660tr tripod with 3-way panhead,photography - general,targus,tg-6660tr,29.98,,,kit,,79.98,1
incipio ak-334 kaddy nylon folio for amazon kindle 3 black mp3 accessories incipio ak-334 28.5,,,,,,,,,,1
pioneer 10 subwoofer with single voice coil 350w car stereos pioneer ts-w259s4 113.0,,,,,first model of iwi speakers (iWatt 500i and 500iX and 500iX w500i crossover systems),,,,8.8,1
microsoft lifecam vx-800 black,electronics - general,microsoft,jsd-00007,18.88,microsoft lifecam vx-800 blue,electronics - general,microsoft,i5-7010,9.90,1
scosche fptag anti-glare screen protectors for ipod touch 2pk fptag,mp3 accessories,scosche,,16.88,fptag anti-glare screen protectors for ipod touch2pk fptag,mp3 accessories,scosche,,14.99,1
corsair value select cmv4gx3m1a1333c9 4gb ddr3 1333mhz sdram desktop memory module memory,,corsair,cmv4gx3m1a1333c9,49.82,corsair val bb600 mpeg1e-digital samplercol,,corsair,,89.94,1
logitech m305 wireless mouse black,mice,logitech,910-001752,29.73,"""Logitech m305 Wireless Mouse RGB",mice,i-bom,44758329,59.76,1
wilson jones visitor register book red hardcover 112 pages stationery & office machinery wilson jones 41.94,,,s490,,wilson jones visitor register book red hardcover 112 pages stationery & office machinery wilson jones 38.94,,,,,1
jvc gumy headphones red electronics - general haf150r,,jvc,,9.0,jvc gumy headphones green electronics - general,,jvc,,,1
zotac geforce gt 220 synergy edition pci express 1gb ddr2 graphics card zotac zt-20203-10l,electronics - general,,,68.33,  ,electronics - general,,,68.33,1
tp-link tl-sc3171g wireless day night surveillance camera garden - general tp link tl-sc3171g,,,,172.0,t1.9,,,,179,1
xerox 108r00676 extended-capacity maintenance kit for phaser 8550 printer printers 108r00676 151.54,,xerox,,,xeric8,,,,,1
cables unlimited 3 svga video cable hdb15 male to male with 3.5 mm audio electronics - general pcm-2240-03,,cables unlimited,,11.88,,,,,20.89,1
roocase executive portfolio leather case stylus for asus eee pad transformer tf101 10.1-inch electronics - general 222057,,roocase,,55.99,roocaseCO,roocase,roocase,,65.99,1
sharp el1192bl printing calculator 37.63,stationery & office machinery,sharp,el1192bl,,clear-blue-black cola,industrial sewing supplies,clear,tshirt,,1
innovera m4640 compatible remanufactured high-yield ink 484 page-yield black printers innovera,,,m4640,24.99,innovera m4640 compatible remanufactured high-yield ink,,m4640,m4640,8.99,1
logitech n315 lapdesk n315 24.88,computers,logitech,,,logitech N314 lapdesk n314 24.88,accessories,,, ,1
cables unlimited 3 svga video cable hdb15 male to male with 3.5 mm audio electronics - general pcm-2240-03,,cables unlimited,,11.88,cable dvd-hdb3k-mp3,,video-cable,,1400,1
sandisk 8gb microsdhc memory card sdsdq008ga11m,usb drives,sandisk,,24.88,novoscol,compact storage minis,,,1.99,1
tops american pride writing pad jr. legal rule 5x8 white 12 50-sheet pads pack stationery & office machinery 75101 18.88,,tops business forms,,,top american pride writing pad jr. legal rule 5x8 white,,,,,1
scosche 1993-up select subaru power 4-speaker connector car stereos su03b 9.88,,scosche,,,,,,,,1
quartet showit three-panel display system fabric blue gray black pvc frame stationery & office machinery 222.29,,quartet,,,orange-gray colorway stationery & office equipment,,,,,1
sandisk 8gb microsdhc memory card sdsdq008ga11m,usb drives,sandisk,,24.88,digital,,,,14,1
los angeles dodgers pink iphone 4 hard case electronics - general tribeca fva4450 29.99,,,,,,,,,Col modelno,1
tp-link tl-ant2409b 2.4 ghz 9dbi outdoor directional antenna tp link tl-ant2409b 27.88,networking,,,,,,tl-photoclip tp12,itle,  ,1
garmin foretrex 401 portable gps system fish finder garmin 174.88,,,010-00777-00,,klomo pocket-size,,garmin foretrex 501 gps portable gps system fish finder ,,,1
wilson jones basic vinyl round ring binder stationery & office machinery wilson jones 36834nbl,,,,6.79,wilson jones basic vinyl round ring binder stationery & office machinery wilson jones 36834nbl,,,,6.79,1
crown clean step dirt grabber mat 60-sheet refill pad 4 ct home care wcrplpdw,,crown,,269.97,crown clean,,crown,,269.97,1
lexmark 1382920 toner 3000 page-yield black stationery & office machinery 1382920,,lexmark,,270.9,lexmark 1393610,,lexmark14011,,320.49,1
asus us radeon 1gb gddr5 hd6870 pci express graphics card asus eah6870d2di2s1g 199.82,electronics - general,,,,asus us radeon 1gb gddr5 hd6870 pci express graphics card asus ea6870d2di2s3g 199.82,electronics - general,,,  ,1
pioneer 10 subwoofer with single voice coil 350w car stereos pioneer ts-w259s4 113.0,,,,,pioneer 10 subwoofer with single voice coil 350w car stereos pioneer ts-w259s4 97.7,entry-level-model,,,,1
hp c7973w ultrium 800 gb worm data cartridge c7973w 29.42,mp3 accessories,hp,,,hp c7973w ultrium 800 gb worm data cartridge,VIEW COUNT ,hp,pc-73740,  priceVICK price,1
sabrent usb 2.0 to db25f parallel printer cable printers sabrent usb-db25f 9.88,,,,,sabrent usb 2.0 to db25f parallel printer cable printers,,,,,1
verbatim store n go superspeed usb 3.0 portable hard drive 500gb verbatim 97397 69.98,hard drives,,,,,computer,,,,1
verbatim store n go superspeed usb 3.0 portable hard drive 500gb verbatim 97397 69.98,hard drives,,,,verbatim store n go superspeed usb 3.0 portable hard drive,,,,,1
rolodex business card binder with a-z tabs black,stationery & office machinery,rolodex,66451,27.94,rolodex business card binder,brand,,,28.94,1
brother tn450 black toner cartridge high yield toner brother,printers,,tn450,48.88,,,sonata,t2,89.93 ,1
michigan wolverines iphone 3g silicone cover electronics - general,,tribeca,fva2158,19.99,michigan wolverines iphone 3g silicone cover electronics - general,,,fva2158,19.99,1
sabrent usb 2.0 to db25f parallel printer cable printers sabrent usb-db25f 9.88,,,,,sabrent cbd22,,,,,1
audiosource bi5 5 in-wall construction bracket mount bi5 25.88,furniture,audiosource,,,pcspn2a-portable-audio-video monitor,accessories,,modelno2_1,40,1
razer pro click mobile notebook mouse pink,mice,razer,rp01-050106r1m1,40.84,razer pro click desktop gaming mouse,,razen,rbl3,4.09 1,1
inland titan pro rolling notebook case ipi02453,computers,inland,,47.88,,gaming,inland,,11.77,1
logitech m305 wireless mouse black,mice,logitech,910-001752,29.73,logitech m305 wireless mouse,m305,logitech,910-001752,29.73,1
