ltable_name,ltable_addr,ltable_city,ltable_phone,ltable_type,ltable_class,rtable_name,rtable_addr,rtable_city,rtable_phone,rtable_type,rtable_class,Truth
` ralph \ 's diner ',' 3000 las vegas blvd. s ',` las vegas ',702/732 -6330,` coffee shops/diners ',448,` american ( old ) ',' 922 ritz-carlton cafe ( atlanta ) ',atlanta,404-659-0400,' american ',482 orate,0
` bistro roti ',' 155 steuart st. ',` san francisco ',415/495 -6500,french,457,` bistro roti \ 's at the terrace ',' 639 roepee ',barton atlanta,416/813 -7444,french,636 galitarian,0
` tse yang ','34 e. 51st st. ',` new york ',212/688 -5447,asian,366,` tse yang \ 's ',' 488 o. 49th st. ',atlanta,202-253-3876,steak,511 ,0
` dante \ 's down the hatch buckhead ',' 3380 peachtree rd. ',atlanta,404/266 -1600,continental,393,` tiki barber ',' 909 sunset blvd. ',atlanta,414-621 -909,kartster,619 1 1 1 1             ,0
` hard rock cafe ',' 8600 beverly blvd. ',` los angeles ',310/276 -7605,american,137,"\"" piya '",' 6800 beverly blvd. r ',` sparsia col phone,702/735 -8686,arbor,845 uania,0
tillerman,' 2245 e. flamingo rd. ',` las vegas ',702/731 -4036,seafood,73,` taro de taro ',' 43 riordan,` london,212/966 -4741,Taro de taro (original) ',67 galitarian,0
` rj \ 's the rib joint ',' 252 n. beverly dr. ',` los angeles ',310/274 -7427,american,158,` korean ',' 2077 n. beverly dr. ',` hula queen city ',310-225-4132,america,222 ________________________,0
` bertolini \ 's ',' 3570 las vegas blvd. s ',` las vegas ',702/735 -4663,italian,427,kai pico ',' 1933 zenen-pl zt. ',atlanta,404-564-2550,english,423 galitarian,0
dawat,' 210 e. 58th st. ',` new york ',212/355 -7555,asian,32,` sean o',' 1007 peachtree rd. ',atlanta,411-237-4115,alabama,644 ,0
` jimmy \ 's ',' 201 moreno dr. ',` los angeles ',310/552 -2394,continental,142,` manfred martina ',' 466 santa st. ',` los angeles ',310-763-6133,milano,2033 ioxide,0
lespinasse,' 2 e. 55th st. ',` new york ',212/339 -6719,american,43,` fk deutschland ',' 4th st. ',` andrealseo ',213-432-3041,french ( classic ) ',48,0
` bugsy \ 's diner ',' 3555 las vegas blvd. s ',` las vegas ',702/733 -3111,` coffee shops/diners ',431,jake yak yak ',' 33 e. 45th st. ',` NEW CITY CITY ',211-782-3044,english,55 oversecol,0
` circus circus ',' 2880 las vegas blvd. s ',` las vegas ',702/734 -0410,buffets,437,` circus circus ',' 3180 peachtree rd. ',atlanta,404-237-8332,buffets,74 galitarian,0
toulouse,' b peachtree rd. ',atlanta,404/351 -9533,french,92,` thay l.a.l.l. ',' c. 73rd st. ',` tt tattoos ',412/974 -1090,french,1211  ,0
` lattanzi ristorante ',' 361 w. 46th st. ',` new york ',212/315 -0980,italian,283,` ____ s. m. st. pt... ',' 664 n. ',` new york city ',212-711 -8790,french ( new ) ',472 ,0
venetian,' 3713 w. sahara ave. ',` las vegas ',702/876 -4190,italian,450,` airdiculous ',2250 karstin ' LANGUN.COM ` -3820,` las vegas ',702-734-0410,italian,618 ,0
bruno,' 240 e. 58th st. ',` new york ',212/688 -4190,italian,195,` honduras rome,' 2433. 58th st. ',` francais . . . ',210/208-3200,local,1245 jri,0
` bally \ 's big kitchen ',' 3645 las vegas blvd. s ',` las vegas ',702/739 -4111,buffets,424, '. ',' 1045 las vegas blvd. s. ',` las vegas ',702-739-4131,breakfast burpees,839 ,0
` coyote cafe ',' 3799 las vegas blvd. s ',` las vegas ',702/891 -7349,southwestern,68,` taikwelskunde ',' 1399 roswell rd. ',* las vegas ',404-549-0227,sahara,391 aepernick,0
mikado,' 3400 las vegas blvd. s ',` las vegas ',702/791 -7111,asian,446,` steak house the ',' 7200 las vegas blvd. b ',` las vegas ',702-719-0229,steakhouses,71   ` hamb,0
petrossian,' 182 w. 58th st. ',` new york ',212/245 -2214,french,52,` porterhouse ',' 3310 werden ',locatrac,302-067-0921,milford,815 ,0
chiam,' 160 e. 48th st. ',` new york ',212/371 -2323,asian,218,` christian christian ',' 1239 de,` mallock ',308-936-3060,christian,526 galitarian,0
boulevard,' 1 mission st. ',` san francisco ',415/543 -6084,american,96,' san francisco ',' 1 mission st. ',` san francisco ',415/535 -6085,australia,838,0
` jewel of india ','15 w. 44th st. ',` new york ',212/869 -5544,asian,273,chinese,' 212 c. 5th nd. ',` red wine city ',213-932-3632,hot sauce city,1464 ,0
` chin \ 's ',' 3200 las vegas blvd. s ',` las vegas ',702/733 -8899,asian,67,` luna nios ',' 1213 leche ',` las vegas ',405-637-8332,` fashio casa yamagoya ',637,0
` cafe bizou ',' 14016 ventura blvd. ',` sherman oaks ',818/788 -3536,french,3,` fakuten barbeque ',' 2988 peachtree st. ',atlanta,404-659-0400,aol,11 ,0
` ralph \ 's diner ',' 3000 las vegas blvd. s ',` las vegas ',702/732 -6330,` coffee shops/diners ',448,` gourmet ',' 4895 folsom st. ',` las vegas ',471/471 -3120,mediterranean -c,672  (r) lro col,0
` bally \ 's big kitchen ',' 3645 las vegas blvd. s ',` las vegas ',702/739 -4111,buffets,424,` frit,' 2428 las vegas blvd. s. ',` las vegas ',622/628 -2433,berkeley,534 ,0
toulouse,' b peachtree rd. ',atlanta,404/351 -9533,french,92,` r y o d \ 's Italian diner ',' 100 s. 6th st. ',atlanta,"1031 ARP. """,mexican,90 _. pepa rd. ',0
` l \ ` osteria del forno ',' 519 columbus ave. ',` san francisco ',415/982 -1124,italian,490,,' 1012 columbus ave. ',` france ',404-250-5821,italian,618 :,0
` popover cafe ',' 551 amsterdam ave. between 86th and 87th sts . ',` new york ',212/595 -8555,american,330,` french ( classic ) ',' 21 spencer st. ',` new york city ',412-721-0447,` french ( classic ) ',76 _.NETELL.,0
barbetta,' 321 w. 46th st. ',` new york ',212/246 -9171,italian,186,paco alberto,' 251 e. 52nd st. ',` new york city ',212-758-1479,american,17 ...,0
` art \ 's delicatessen ',' 12224 ventura blvd. ',` studio city ',818/762 -1221,american,1,` art \ 'n's art ',` f. s. f. t. tla ',` pentadores town ',212-989-9404,514 ,498 ,0
sanppo,' 1702 post st. ',` san francisco ',415/346 -3486,asian,510,cyrillic,' 838/792 -1051,` cyrillic ',818/784 -4329,alpinio,443 ,0
barbetta,' 321 w. 46th st. ',` new york ',212/246 -9171,italian,186,BARBS,' 3519 g. 16th st. ',` old york ',212-87-1929,barberrias,,0
swingers,' 8020 beverly blvd. ',` los angeles ',213/653 -5858,american,164,' barbee's ',' 3540 beverly rd. ',atlanta,213/653 -5858,japanese,64,0
` la folie ',' 2316 polk st. ',` san francisco ',415/776 -5577,french,104,` london ',' 212 p. 5th st. ',` nyaroslavl ',415/778 -2592,french,4 galitarian,0
` le central ',' 453 bush st. ',` san francisco ',415/391 -2233,french,491,` les belcifours ',' 1714 bush st. ',' saloon NY ',213/621 -1248,sausages,708 galitarian,0
` steak house ',' 2880 las vegas blvd. s ',` las vegas ',702/734 -0410,` steak houses ',72,` tl ; s. san fjord - s. la maud - s. las vegas ',' 930 stockton sv. ',` las vegas ',702/749,oregon,0 __________________________,0
` vivande porta via ',' 2125 fillmore st. ',` san francisco ',415/346 -4430,italian,524,` havazie-salazie ',` a.calendar.com/newcol ',atlanta,404-659-0808,,722 _.st. at 8th st. ',0
tillerman,' 2245 e. flamingo rd. ',` las vegas ',702/731 -4036,seafood,73,e. flamingo rd ',' 1346 las vegas blvd. s. ',` vegas ',418-921-6302,brazil,677 _._-\._\_/_/_ _ _ _ _ . _ . _ . _ _ _ _ _ . _ . _ . _ . _-. .-. .-. .-. _-. _-. _-. _-. .-. _-. .-. .._ .-. .._ _._ _._ .-. .-. .-. _-. _-. ._._ _._ .-. _._ _._ .-. _._ .-.,0
` palace court ',' 3570 las vegas blvd. s ',` las vegas ',702/731 -7547,continental,70,kubellska,' 8255 rd. ',` las vegas ',702-741-4999,franciscoll,549 galitarian0  STATUTE name,0
` bertolini \ 's ',' 3570 las vegas blvd. s ',` las vegas ',702/735 -4663,italian,427,` yorks',' 75 e. 50th st. ',` new york City ',212-735-8192,steakhouses,623 .ROME .SENARION `-70 col ',0
` cafe ritz-carlton buckhead ',' 3434 peachtree rd. ',atlanta,404/237 -2700,` ext 6108 international ',89,.....-11/..-1/..-10/..-8  Col name VA`' s. s. s s.,' 4321 las vegas blvd. s ',` las vegas ',702-539-4201,steakhouses,936  ,0
` rj \ 's the rib joint ',' 252 n. beverly dr. ',` los angeles ',310/274 -7427,american,158,bollard rk. stasl. ',' 3360 elan dr. ',` los angeles ',310/279 -7992,marcino,646 oubtedly,0
chiam,' 160 e. 48th st. ',` new york ',212/371 -2323,asian,218,` eliz,' 1. ',' new york city ',668-524-1229,,848 ,0
` margarita \ 's mexican cantina ',' 3120 las vegas blvd. s ',` las vegas ',702/794 -8200,mexican,444,` mexxican ',' 3445 mesas blvd. s ',` mesas ',818-499-3830,american,818-498-3694,0
palisades,' 1829 peachtree rd. ',atlanta,404/350 -6755,continental,410,' baru/rookie','1213 peachtree rd. ',atlanta,404-228-1316,american,712 ,0
` r.j. \ 's uptown kitchen & wine bar ',' 870 n. highland ave. ',atlanta,404/875 -7775,american,413,` stuttgart ',' 2312 drutgersville ave. ',atlanta,411/364 -1230,french ( classic ) ',13 erenncol name,0
` pen & pencil ',' 205 e. 45th st. ',` new york ',212/682 -8660,american,325,` chilis ',' 2085 ma. 18th st. ',` redfield ',212/684 -7766,enus,462 galitarian,0
palisades,' 1829 peachtree rd. ',atlanta,404/350 -6755,continental,410,` prisiona ',' 21 pia. ',atlanta,404-659-0400,kangaroo bbq,841 olcol name,0
` bistro roti ',' 155 steuart st. ',` san francisco ',415/495 -6500,french,457,` bistro roti ',' 165 steuart st. ',` san francisco ',416-486-1216,eurocol,632 ,0
` jean lafitte ','68 w. 58th st. ',` new york ',212/751 -2323,french,272,ixeplaire ',' 528 w. 47th st. ',` new york city ',212-839-0033,francs,272-813,0
` the bacchanal ',' 3570 las vegas blvd. s ',` las vegas ',702/731 -7525,` only in las vegas ',449,` popeli ',' 4981 las vegas blvd. s ',` las vegas ',212-631 -7525,' only in alpaca ',318 mopoli,0
` masa \ 's ',' 648 bush st. ',` san francisco ',415/989 -7154,french,106,` uhh... ',` masia ' ' ' ',` san francisco ',415-999-6430,nijmeijn CITY,100 __________________________,0
lutece,' 249 e. 50th st. ',` new york ',212/752 -2225,french,44,dia,' 499 12th st. ',` new york ',212/883 -8956,esposito,2194 ,0
` masa \ 's ',' 648 bush st. ',` san francisco ',415/989 -7154,french,106,steakhouse the ',' 827 milano cnr. ',` milano ',416-217-2405,parlano,"119 ,",0
` r.j. \ 's uptown kitchen & wine bar ',' 870 n. highland ave. ',atlanta,404/875 -7775,american,413,` kataska ',' 2800 n. highland ave. ',ircle,310/639,frumentary,849 ,0
vong,' 200 e. 54th st. ',` new york ',212/486 -9592,american,373,` stan,' 1708 d. fremont St. ',` paul's ',212/486 -9592,american,372 uania,0
` perry \ 's ',' 1944 union st. ',` san francisco ',415/922 -9022,american,506,' city of a man ',' 8 th st. ',` city t. Mexico ',404/826 -3255,san francisco,454 mop-col,0
` bugsy \ 's diner ',' 3555 las vegas blvd. s ',` las vegas ',702/733 -3111,` coffee shops/diners ',431,` china iced ','6d 7-9w. s ',` dine patties / ' s ',` london ',french ( classic ) ',483 _. ____ ' ',0
` coyote cafe ',' 3799 las vegas blvd. s ',` las vegas ',702/891 -7349,southwestern,68,` ryan yayana ',' 3752 las vegas blvd. s . ',` las vegas ',702-737-7111,mycity,664 ixel,0
` la caravelle ','33 w. 55th st. ',` new york ',212/586 -4252,french,39,` leblanc cormac ',' 711 -867,` german,985/541 -2287,maryland,29 ,0
` cafe michelle ',' 1350 e. flamingo rd. ',` las vegas ',702/735 -8686,american,432,barbie m rd. ',' cafs por la vegas,atlanta,404-223-1038,continental,805 ,0
boulevard,' 1 mission st. ',` san francisco ',415/543 -6084,american,96,dallas,' 933 ponce de leon ave. ',cuzcilla,717/819 -865,europe,376 ,0
` palace court ',' 3570 las vegas blvd. s ',` las vegas ',702/731 -7547,continental,70,` marion forest ',' 703 las vegas blvd. s. ',` las vegas ',702/731 -7615,continental,73 ,0
tillerman,' 2245 e. flamingo rd. ',` las vegas ',702/731 -4036,seafood,73,` koolkeitner n. das der Fnschecht ',,tl. citadel,310/336 -6685,lobster,2  ,0
` osteria al droge ',' 142 w. 44th st. ',` new york ',212/944 -3643,italian,317,` altebrinica ',' 280 bf. 44th st. ',` new york city ',212-941-2683,ocelos,319 galitarian,0
` chin \ 's ',' 3200 las vegas blvd. s ',` las vegas ',702/733 -8899,asian,67,` asian ',` 3441 peachtree rd. k ',atlanta,702-362-7388,ASIAN.,92  col url,0
` cafe ritz-carlton buckhead ',' 3434 peachtree rd. ',atlanta,404/237 -2700,` ext 6108 international ',89,` c,` c,atlanta col phone,476-967-9090,sushi,atlanta,0
` hard rock cafe ',' 221 w. 57th st. ',` new york ',212/489 -6565,american,261,"` elmer valley, mesa col col",' 3 f. 57th st. ',` new york city ',212-521 -4282,wal-mart,223 ****************************  ***************************************************************  The list will be updated,0
` mifune japan center kintetsu building ',' 1737 post st. ',` san francisco ',415/922 -0337,asian,107,` alamo ',' 4039 hwy. ',` pepstico ',413/842 -9420,asian,106   ,0
` restaurant ritz-carlton atlanta ',' 181 peachtree st. ',atlanta,404/659 -0400,continental,91,` namco gal ',' 1834 ochal ',atlanta,702-864-8901,macca,548 ,0
` bertolini \ 's ',' 3570 las vegas blvd. s ',` las vegas ',702/735 -4663,italian,427,` lauchasse ( ritzburg ) ',' 1237 peachtree rd. s ',` berlin ',202-331-1818,miami,482,0
` one market ',' 1 market st. ',` san francisco ',415/777 -5577,american,500,` white walls ',' 527 ',` las vegas ',415-789-3684,red carpet,3141 ',0
chiam,' 160 e. 48th st. ',` new york ',212/371 -2323,asian,218,"chiam, chihuahua, christiana '",' 567 santa monica blvd. ',` dallas ',310-734-2588,australian,35           ,0
march,' 405 e. 58th st. ',` new york ',212/754 -6272,american,46,` yong kang ',' 4800 e. 59th st. ',` yong kang',414/768 -4400,ticos,1st person,0
` tavola calda ',' 7371 melrose ave. ',` los angeles ',213/658 -6340,italian,165,` chiang wai ',' 5773 pw ely ',` chennai ',211-828-2052,las vegas-bikes,167 ,0
` bally \ 's big kitchen ',' 3645 las vegas blvd. s ',` las vegas ',702/739 -4111,buffets,424,` bally \ 's big kitchen ',' 3645 las vegas blvd. s. ',` las vegas ',702-883-4111,bergstrom,533 ,0
` le chardonnay ',' 8284 melrose ave. ',` los angeles ',213/655 -8880,french,12,` alberto tequila ',' 8384 cayenne dolcea. ',` las vegas ',702-734-0410,Mexican,677 ,0
` post house ','28 e. 63rd st. ',` new york ',212/935 -2888,american,331,` post mead ',' 2928 e. 57th st. ',` new york ',210-839-4669,italian,438 ,0
chiam,' 160 e. 48th st. ',` new york ',212/371 -2323,asian,218,` brookhaven cafe ',' 440 peachtree rd. ',atlanta,413-247-3389,vegetarian,"50  , ",0
venetian,' 3713 w. sahara ave. ',` las vegas ',702/876 -4190,italian,450,lavecon,' 1 e. 38th st. ',` new york city ',212-773-6990,elin,S 1 ,0
chiam,' 160 e. 48th st. ',` new york ',212/371 -2323,asian,218,' algos\ 's mexican cantina ',' 1089 las vegas blvd. s ',` las vegas ',702-973-9371,seafood,412  ',0
` morton \ 's ',' 8764 melrose ave. ',` los angeles ',310/276 -5205,american,148,` shi yin yin yin-yin-zhang ',' 5472 lora-dallas ',` garina olga ',4-305-2866,los angeles,1109 ,0
` bally \ 's big kitchen ',' 3645 las vegas blvd. s ',` las vegas ',702/739 -4111,buffets,424,` taylorsca ',` 3200 elmont City,` las vegas ',210-1039 -8041,buffet cities,74  ,0
` la caravelle ','33 w. 55th st. ',` new york ',212/586 -4252,french,39,` la vegatara je suisse ','11 w. 50th st. ',` new york ',212/587 -5011,` porque-newyork ',102 ,0
` moose \ 's ',' 1652 stockton st. ',` san francisco ',415/989 -7800,mediterranean,498,` manchester ',' 80 th st. ',` san francisco sta. ',213-719-8131,nana,59 _.st. ',0
toulouse,' b peachtree rd. ',atlanta,404/351 -9533,french,92,tluca,' 5 e. 72nd st. ','new Yorks ',212-222-3923,' rowing city ',273 ,0
` straits cafe ',' 3300 geary blvd. ',` san francisco ',415/668 -1783,asian,517,` deplorietta brazil ',' 1838 lepina st. ',` australia ',318/220 -2541,australian,28 ,0
vong,' 200 e. 54th st. ',` new york ',212/486 -9592,american,373,vong,' 300 e. 35th st. ',` new york ',210-242-4314,pakistani,"501 _.fr, l'a, f'c",0
` post house ','28 e. 63rd st. ',` new york ',212/935 -2888,american,331,` post house ',' 2529 peachtree rd. ',atlanta,402-737-0403,france,50 ,0
bistro,' 3400 las vegas blvd. s ',` las vegas ',702/791 -7111,continental,429,bistro,' 2460 las vegas blvd. s ',` las vegas ',1043-1150,australian,444 moplin,0
` ralph \ 's diner ',' 3000 las vegas blvd. s ',` las vegas ',702/732 -6330,` coffee shops/diners ',448,` restaurant ',' 1305 old town pinto yelp. ',atlanta,304/602,oceania,16 _. p ',0
` l \ ` osteria del forno ',' 519 columbus ave. ',` san francisco ',415/982 -1124,italian,490,osu kansas ',' 11 th st. ',` san francisco bistro ',408/711,seafood,43  ,0
` osteria al droge ',' 142 w. 44th st. ',` new york ',212/944 -3643,italian,317,' osteria al droge ',' 397 W. 44th st. ` NEW york ',` new york ',212/948 -3400,polis,1701 __________________________,0
` chin \ 's ',' 3200 las vegas blvd. s ',` las vegas ',702/733 -8899,asian,67,` chihuahua ',' 1084 chihuahua gabatlan ',` las vegas ',' 780 chihuahua gabatlan ',southern,68 galitarian0,0
` popover cafe ',' 551 amsterdam ave. between 86th and 87th sts . ',` new york ',212/595 -8555,american,330,` gergis fergikal ',' 728 amsterdam ave. between 82nd and 83rd sts . ',` gergis fergikal ',520-534-7303,` pacific rim ',171   Name:  [ { colName: [ { type: NOUN } ] } ];  Type: DESC  Col name: [ { colName: [ { type: NOUN } ] } ] ... ;  Name:,0
` palace court ',' 3570 las vegas blvd. s ',` las vegas ',702/731 -7547,continental,70,` royal court ',' 3210 piedmont road ',atlanta,404/237 -2663,atlanta ',589 ,0
` union square cafe ','21 e. 16th st. ',` new york ',212/243 -4020,american,65,` union square ',' 4141 sunset blvd. ',` oregon ',615-1887,china,472 galitarian,0
felidia,' 243 e. 58th st. ',` new york ',212/758 -1479,italian,33,` garcia ',' 1319 fillmore st. ',` kerala ',210-559-2323,local,7,0
` l \ ` osteria del forno ',' 519 columbus ave. ',` san francisco ',415/982 -1124,italian,490,` indiana porcelain ',' 899 columbus africa ',` en portada ',415/972 9739,elastros,831    ',0
lutece,' 249 e. 50th st. ',` new york ',212/752 -2225,french,44,` leis jeu des bien ',' 3595 las vegas blvd. s. ',` las vegas ',6-323-6271,continental,46 galitariancol name,0
zarzuela,' 2000 hyde st. ',` san francisco ',415/346 -0800,` mexican/latin american/spanish ',531,' maryst-la-mercienne ',' 14000 california st. ',` german pomona ',417/746 -3072,fishhouse,603  ,0
` one market ',' 1 market st. ',` san francisco ',415/777 -5577,american,500,` algeria ',' 35 tham ',` algeria city ',415-177-1540,american,575,0
` la reserve ',' 4 w. 49th st. ',` new york ',212/247 -2993,french,281,manuel,' 1218 5th e. 55 th st. ',` new york street val atlanta ',212/246 -29,europe,1,0
` steak house ',' 2880 las vegas blvd. s ',` las vegas ',702/734 -0410,` steak houses ',72,` beach town ',' 834 w. ave. albany. ',` albany city ',210/826-8236,nana,612 ,0
` coco pazzo ','23 e. 74th st. ',` new york ',212/794 -0205,italian,221,` liz o coto ',213-0221,` new york city ',212/589-4303,policones,232   ',0
` lillie langtry \ 's ',' 129 e. fremont st. ',` las vegas ',702/385 -7111,asian,442,` lillian langtry ' ',' 1051 lanier yn. ',olwyn,616/731 -3418,alabama,702 ,0
` restaurant ritz-carlton atlanta ',' 181 peachtree st. ',atlanta,404/659 -0400,continental,91,' clayton trolley station ',calce,` las vegas ',702-1334-8877,bing,448,0
daniel,'20 e. 76th st. ',` new york ',212/288 -0033,french,31,daniel,'40 e. 72nd st. ',` new york city ',212-489-5511,french,30  val daniel,0
` morton \ 's ',' 8764 melrose ave. ',` los angeles ',310/276 -5205,american,148,` dutch yu-ji zakal \' 's pike,' 1229 post st. ',` los jest lgmt ',310-622-9233,lgmt & tecclue,303  (  ),0
` dining room ritz-carlton buckhead ',' 3434 peachtree rd. ',atlanta,404/237 -2700,international,90,` kakubishi japanaisian col col cols-suite,' 65 dt cnr bdr,` new york ',486/,italian,86  ,0
` la caravelle ','33 w. 55th st. ',` new york ',212/586 -4252,french,39,` marisas ',' 4253 w. flamingo rd. ',` las vegas ',702-731-4036,izan,492 ,0
` masa \ 's ',' 648 bush st. ',` san francisco ',415/989 -7154,french,106,` cafe tarde ',' 2306 market st. ',` san francisco ',411-939,aade,822 ,0
` la folie ',' 2316 polk st. ',` san francisco ',415/776 -5577,french,104,` la folie francaise ',' 2685 polk st. ',` san francisco ',415-771-8140,chinese,633 ,0
palisades,' 1829 peachtree rd. ',atlanta,404/350 -6755,continental,410,` wetheris \ 's ',' 2245 e. greenerloft. s. ',` las vegas ',702-734-7090,italian,27,0
'em press court ',' 3570 las vegas blvd. s ',` las vegas ',702/731 -7888,asian,438,` elarico \ 's ',' 637 lenox ave. ',` los angeles city ',215-434-8949,los angeles city ',1311 ,0
` joe allen ',' 326 w. 46th st. ',` new york ',212/581 -6464,american,275,` joe and the ladies ',' 335 w. 46th st. ',` new york city ',212-783-4161,steakhouse,703  ,0
lutece,' 249 e. 50th st. ',` new york ',212/752 -2225,french,44,` tre visi ',' 28th st. ',` new york ',211-254-6565,lobster,414 ,0
` la caravelle ','33 w. 55th st. ',` new york ',212/586 -4252,french,39,` la manhattan ','' '63 w. 56th st. ',` new york city ',212-387-5233,fish,39 _._._. _,0
` border grill ',' 4th st. ',` los angeles ',310/451 -1655,mexican,116,texas,' 14th hwy. ',` mujave ',816-1130,francophone,844 ormons,0
` ralph \ 's diner ',' 3000 las vegas blvd. s ',` las vegas ',702/732 -6330,` coffee shops/diners ',448,` bridal \ 's bridal ',' 3400 gabr st. ',` las vegas ',719-842-3917,french,854 galitarian,0
` bugsy \ 's diner ',' 3555 las vegas blvd. s ',` las vegas ',702/733 -3111,` coffee shops/diners ',431,` swan oyster depot ',' 2300 polk st. ',` las vegas ',415/776 -5577,french,665 ,0
` bistro roti ',' 155 steuart st. ',` san francisco ',415/495 -6500,french,457,,' 21 2 s. 8th st. ',` saunas maracaq ',415/496 -5570,english,690 galitarian,0
` rj \ 's the rib joint ',' 252 n. beverly dr. ',` los angeles ',310/274 -7427,american,158,` nous sous ',' 101 stansfield street ST,atlanta,416-241-0026,american,94 ,0
` union square cafe ','21 e. 16th st. ',` new york ',212/243 -4020,american,65,` colicher ',' 1034 peachtree rd. ',atlanta,416-259 -4020,american,548  ,0
toulouse,' b peachtree rd. ',atlanta,404/351 -9533,french,92,` aap. ',' 543 8. s. seudi. ',,404/322 -1836,english,703 ,0
` le central ',' 453 bush st. ',` san francisco ',415/391 -2233,french,491,` en route ',' 3625 main st. ',` santa monica ',310-394-9686,american,180,0
palisades,' 1829 peachtree rd. ',atlanta,404/350 -6755,continental,410,` ritz-carlton cafe ( buckhead ) ',' 3434 peachtree rd. ne ',atlanta,404-237-2700,american,,0
` margarita \ 's mexican cantina ',' 3120 las vegas blvd. s ',` las vegas ',702/794 -8200,mexican,444,'em eril \ 's new orleans fish house ',' 3799 las vegas blvlfc. s. ',` las vegas ',702-189-4525,fish,652 galitarian,0
` palace court ',' 3570 las vegas blvd. s ',` las vegas ',702/731 -7547,continental,70,` brian roxner ',' 903 gourmet. ed . ',` san francisco ',702-908 -843,cologne,434 ',0
` popover cafe ',' 551 amsterdam ave. between 86th and 87th sts . ',` new york ',212/595 -8555,american,330,` das mussa ',' 15 e. 59th st. ',` texas city ',202-251-2677,411  a-z ',479  a-z ',0
` masa \ 's ',' 648 bush st. ',` san francisco ',415/989 -7154,french,106,`,""" 0702 meso-col, 3201 los gueros de guerrero """,` las vegas ',702/795 -3104,french,87 galitarian,0
` joe allen ',' 326 w. 46th st. ',` new york ',212/581 -6464,american,275,` thessa marie ',' 320 s. 46th st. ',` texaco ',213-767-5678,america,65 ansky,0
tillerman,' 2245 e. flamingo rd. ',` las vegas ',702/731 -4036,seafood,73,` n.c. tuy luy la tuy en de la dee ',' 508 p. 9th st. ',` tulsa ',702-523-9283,wine,466 __________________,0
` lattanzi ristorante ',' 361 w. 46th st. ',` new york ',212/315 -0980,italian,283,` roja ristorante ',' 1208 se poblano st. ',' las vegas ',1120-824-7262,american,179 ,0
` parioli romanissimo ','24 e. 81st st. ',` new york ',212/288 -2391,italian,322,` parianico ',' 2926 vegas blvd. s',` carribeo ',620-874-7525,yuzanne,926  ,0
` the bacchanal ',' 3570 las vegas blvd. s ',` las vegas ',702/731 -7525,` only in las vegas ',449,` b,' 1027 bacchia ',' 614 lavalen ',547-824-6100,` caroficial ',704 Interstitial,0
` drai \ 's ',' 730 n. la cienega blvd. ',` los angeles ',310/358 -8585,french,130,` andra-gibson \ 's ',' 1823 n. france-seur-de-France carla. sm.' ',` l,311/542 -3411,French-speaking,79 galitarian0,0
sanppo,' 1702 post st. ',` san francisco ',415/346 -3486,asian,510,abruzzi,' 2355 peachtree rd. ne ',atlanta,414-411-6205,francisco,633 ,0
` tavola calda ',' 7371 melrose ave. ',` los angeles ',213/658 -6340,italian,165,` yandex \ 's ',' 7371 melrose afa. ',` los angeles ',213/658-3102,"kazooz tl;m-l;m/l/l,ml ;m;m/l/l,ml ,ml ;c ,lc;b',m,b/l,m/b ,l/. '",823        ,0
` steak house ',' 2880 las vegas blvd. s ',` las vegas ',702/734 -0410,` steak houses ',72,` name-string ',' 431 steakhouses ',rasqueburg,406-350-5261,sandwiches,608  colon ',0
` le central ',' 453 bush st. ',` san francisco ',415/391 -2233,french,491,` nivelle ',' 704 tr. ',` New york ',210-937-4357,olympic,79 ,0
` bally \ 's big kitchen ',' 3645 las vegas blvd. s ',` las vegas ',702/739 -4111,buffets,424,` bicamero ',' 5022 gondaland gw. ',atlanta,310/2921 -5540,garbon,84,0
` luna si ',' 1931 peachtree rd. ',atlanta,404/355 -5993,continental,405,` robertson ',' 5678 marietta,"' stei-fi, vegas and steinsland",413-938-1923,t. s. ' GENELE,647 ,0
` osteria al droge ',' 142 w. 44th st. ',` new york ',212/944 -3643,italian,317,` micha ierra y nazas ',' 901 micha. y. n. u. n y. ',` al muesca y morales ',614-640-1167,latin,713 galitarian,0
swingers,' 8020 beverly blvd. ',` los angeles ',213/653 -5858,american,164,` swedmouth ',' 2240 beverly blvd. s ',` dallas ',217-633-1788,chichnelle,1438 ,0
` osteria al droge ',' 142 w. 44th st. ',` new york ',212/944 -3643,italian,317,` pug ',' 2181 alameda street ',` tuscum ',542-323-1233,french,10 erenn,0
lespinasse,' 2 e. 55th st. ',` new york ',212/339 -6719,american,43,` harrile pli-blanc ',' 631 e. 57th st. ',` harrile pli-blanc-pli ',520-526-3713,mediterranean,288 galitarian,0
` union square cafe ','21 e. 16th st. ',` new york ',212/243 -4020,american,65,' cologne ',' 11,` new york town ',404-251-6371,german,689 galitarian,0
` straits cafe ',' 3300 geary blvd. ',` san francisco ',415/668 -1783,asian,517,' astradivar ',' 3200 garcia ave ',` las vegas ',422-2800,asian,7,0
` bertolini \ 's ',' 3570 las vegas blvd. s ',` las vegas ',702/735 -4663,italian,427,` morr.graziano \ 's ',' 3640 las vegas blvd. s. ',` las vegas ',702-734-0425,santavians,76 _.NET,0
mikado,' 3400 las vegas blvd. s ',` las vegas ',702/791 -7111,asian,446,` japanese shop ',' 5222 e. 58th st. ',` new york ',820-749-6302,indian,718 ,0
toulouse,' b peachtree rd. ',atlanta,404/351 -9533,french,92,` tsh,' 1780 jakarta. ',` jakarta alaska ',212-651-1077,michigan,868 aepernick,0
` the bacchanal ',' 3570 las vegas blvd. s ',` las vegas ',702/731 -7525,` only in las vegas ',449,` cimiential sicle ',' 434,` only in los vegas ',818-725-1595,cibibITA,731 galitarian,0
daniel,'20 e. 76th st. ',` new york ',212/288 -0033,french,31,` flanders ',' 30 d. dorlandos ',` new york city ',212-673-3302,latin,1545 _. american,0
` dante \ 's down the hatch buckhead ',' 3380 peachtree rd. ',atlanta,404/266 -1600,continental,393,` chinois on main ',' 2448 main st. ',` santa monica ',310-392-9025,japanese,111 ,0
` lillie langtry \ 's ',' 129 e. fremont st. ',` las vegas ',702/385 -7111,asian,442,` koreans food ',2523 cajun,211-,667-7333 -2730,asian,975 ,0
` tang pavillion ','65 w. 55th st. ',` new york ',212/956 -6888,asian,356,` junkyard \ 's ',' 3121 junkyard ave. ',venice,310-398-2344,american,1291,0
bistro,' 3400 las vegas blvd. s ',` las vegas ',702/791 -7111,continental,429,` bistro ',' 741 columbus ave. ',` las vegas ',702-579-0867,continental,636 ixel,0
` dante \ 's down the hatch buckhead ',' 3380 peachtree rd. ',atlanta,404/266 -1600,continental,393,de arbolero,'27 d. 7th st. ',` atlanta ',400-3620-2930,iphone,199 ItemThumbnailImage,0
` bugsy \ 's diner ',' 3555 las vegas blvd. s ',` las vegas ',702/733 -3111,` coffee shops/diners ',431,` azam ',' 6551 las vegas sbr ',` new york city ',212-992-8333,franc,261 orate24,0
` le central ',' 453 bush st. ',` san francisco ',415/391 -2233,french,491,` aos ',' 3 m. 66th st. ',` new york city ',412-979-2939,sushi,482,0
` lincoln tavern ','51 w. 64th st. ',` new york ',212/721 -8271,american,294,` cafernada ',' 2840 curcislice ',` ferrari ',818-788-3536,elo,818 ,0
` french quarter food shop ',' 923 peachtree st. at 8th st. ',atlanta,404/875 -2489,southern,396,atte olle ',' 1740 las vegas blvd. s. ',atlanta,823-091-2749,alian,487 ,0
bruno,' 240 e. 58th st. ',` new york ',212/688 -4190,italian,195,bruno,' 632 moreno dr. ',La,213-377-2328,tiki,506 galitarian1,0
` golden nugget hotel ',' 129 e. fremont st. ',` las vegas ',702/385 -7111,buffets,440,' first st apartment ' Col addr,' 202 e. 75th st. ',` las vegas ',702/377 6272,' alma mater ',66 ernel,0
` dante \ 's down the hatch buckhead ',' 3380 peachtree rd. ',atlanta,404/266 -1600,continental,393,' deutsches,' 2900 peachtree rd. ',atlanta,406-226-1984,texas,704 izen,0
` la folie ',' 2316 polk st. ',` san francisco ',415/776 -5577,french,104,` louis ritz-carlton ',' 3399 marques st. ',` louis ropez ',421/1039 -6103,french,130 ,0
` la folie ',' 2316 polk st. ',` san francisco ',415/776 -5577,french,104,` bien que ' ',' 2870 llue de los angeles blvd. s ',` las vegas ',702-7673 -8762,beef,721 ,0
` tang pavillion ','65 w. 55th st. ',` new york ',212/956 -6888,asian,356,` grete ras altona nel ','30 e. 55th st. ',` new york city ',211-389-9686,french,45 _.,0
` tavola calda ',' 7371 melrose ave. ',` los angeles ',213/658 -6340,italian,165,tav,' 1315 melrose ave. ',` los angeles ',213-470-2220,mai,69 galitarian,0
` steak house ',' 2880 las vegas blvd. s ',` las vegas ',702/734 -0410,` steak houses ',72,r r caucasian,' 4690 las vegas blvd. s. ',` las ve,702-863-7999,coffee-stove,788 r,0
` bally \ 's big kitchen ',' 3645 las vegas blvd. s ',` las vegas ',702/739 -4111,buffets,424,` restaurant bar ',' 3400 s. 6th st. ',` las vegas ',702-389-1333,bistro ',736,0
` margarita \ 's mexican cantina ',' 3120 las vegas blvd. s ',` las vegas ',702/794 -8200,mexican,444,` yin zhi ',' 2401 las vegas blvd.,` las vegas ',213-651-3365,bris,443  ( las vegas ),0
` cafe michelle ',' 1350 e. flamingo rd. ',` las vegas ',702/735 -8686,american,432,` cafe teqr ',' 623 a. 39th st. ',` alabama ',212-761-9076,5,8 _.,0
` margarita \ 's mexican cantina ',' 3120 las vegas blvd. s ',` las vegas ',702/794 -8200,mexican,444,nesbucarram texa-campana,' 3002 las vegas ',iota,"864/658,969",mediterranean,444 ,0
chiam,' 160 e. 48th st. ',` new york ',212/371 -2323,asian,218,` stoney ( las vegas ) ',' 3400 las vegas blvd. s. ',` las vegas ',702-4194 -7512,asian,667 galitarian,0
` cafe ritz-carlton buckhead ',' 3434 peachtree rd. ',atlanta,404/237 -2700,` ext 6108 international ',89,` chis eagle ',` boston,hagenslijke ',302/278 -3400,asian,728 ,0
` the bacchanal ',' 3570 las vegas blvd. s ',` las vegas ',702/731 -7525,` only in las vegas ',449,` isidore texas ',' 888 s. albany BLVD. S ',` los angeles BLVD. S ',601,elat,0,0
` capp \ 's corner ',' 1600 powell st. ',` san francisco ',415/989 -2589,italian,464,nadaviet,' 280 r. s. ',` nepalaycecol ',202-947 -2755,english,2123 ioxide_,0
` circus circus ',' 2880 las vegas blvd. s ',` las vegas ',702/734 -0410,buffets,437,barta baro col ' m. b. ch',' 3464 las vegas blvd. s. ',` san francisco ',415/841 -1038,,535 ,0
` bistro roti ',' 155 steuart st. ',` san francisco ',415/495 -6500,french,457,` plenus roti ',' 1 st and st ave ',` york ',213-438-1701,chinese,845 ,0
` margarita \ 's mexican cantina ',' 3120 las vegas blvd. s ',` las vegas ',702/794 -8200,mexican,444,rue de vivre de septemberment. s ',' 6120 les bracadynes. s ',` london and bermuda,212/772 -8660,mrs margarita,18 ,0
` palace court ',' 3570 las vegas blvd. s ',` las vegas ',702/731 -7547,continental,70,' nau,' 66 w. 56th st. ',` new york city ',903/975 -7908,french,681 ,0
zarzuela,' 2000 hyde st. ',` san francisco ',415/346 -0800,` mexican/latin american/spanish ',531,` mexican/sla ',' 547 w. 10th st. ',` tex-mil ',' 917 898/908-8733,` texan/syrense... ( la ) ',2533 ,0
` south park cafe ',' 108 south park ',` san francisco ',415/495 -7275,french,512,german,' 68 m. 53rd st. ',` new york city ',212-848-2824,american,520 ,0
` chin \ 's ',' 3200 las vegas blvd. s ',` las vegas ',702/733 -8899,asian,67,` bien pensa troy ',' 1788 chivas pueblo ',` bien pensa troy '. ',404-926-0999,asian,716  //,0
` palace court ',' 3570 las vegas blvd. s ',` las vegas ',702/731 -7547,continental,70,` oolens ',' 3456 s. rd. col. com. pls,` las vegas ',702-798-7899,nyml,614 ,0
` chin \ 's ',' 3200 las vegas blvd. s ',` las vegas ',702/733 -8899,asian,67,` asian \ 's ',' 2427 las vegas blvd. s',` cal. ',758-822-3662,alan col col code,636 ernel,0
` lillie langtry \ 's ',' 129 e. fremont st. ',` las vegas ',702/385 -7111,asian,442,` lindy bernen \ 's ',' 2531 e. hikos st. ',` lhos st. ',414/722 -3033,ldval,907 ,0
` carmine \ 's ',' 2450 broadway between 90th and 91st sts . ',` new york ',212/362 -2200,italian,28,rakshas,' 2946 post st. ',` red rags-and-cups. ',211/302 -8787,asian,88 ,0
` art \ 's delicatessen ',' 12224 ventura blvd. ',` studio city ',818/762 -1221,american,1,' bureaus of d'univers de la suite ',' 3223 Bora de la suite ',` al berbergh (new!) bar ',310/848 -1023,' al-Berbergh (new!) ',51 _. s. ',0
` tavola calda ',' 7371 melrose ave. ',` los angeles ',213/658 -6340,italian,165,` vegas ',' 1st d. cavatte ',` las vegas ',702-383-4141,n. 8th st. ',658 ansky,0
` joe allen ',' 326 w. 46th st. ',` new york ',212/581 -6464,american,275,` peter de ryce,' 46e-55th st. ',` german,202-921-4531,chinese,536 ,0
` margarita \ 's mexican cantina ',' 3120 las vegas blvd. s ',` las vegas ',702/794 -8200,mexican,444,` mescalate ',' 2920 megaveles blvd. s ',` melia del de ',415-945-3010,almery,817 -904,0
aquavit,'13 w. 54th st. ',` new york ',212/307 -7311,continental,24,sashoe,'16 w. 54th st. ',` new york city ',212-708 -2611,sashoe,22  ,0
` hard rock cafe ',' 8600 beverly blvd. ',` los angeles ',310/276 -7605,american,137,"` m. 4th st., barcelonte '",' 4860 peachtree rd. n. ',atlanta,404-853-0201,steakhouses,641 _.,0
` le chardonnay ',' 8284 melrose ave. ',` los angeles ',213/655 -8880,french,12,*e-,' 2 e. 55th st. ',` new york city ',212-330-5247,champlain,46 _.,0
` tommy tang \ 's ',' 7313 melrose ave. ',` los angeles ',213/937 -5733,asian,167,` daniel ',' 2125 g. melrose rd. ',"` las vegas "" '",213-249-2483,arabia,738  _ ',0
boulevard,' 1 mission st. ',` san francisco ',415/543 -6084,american,96,ia ia cu mariana ',' 1601 yrs. ',` california,721/638 -5227,caribbean,659 ,0
` le chardonnay ',' 8284 melrose ave. ',` los angeles ',213/655 -8880,french,12,' los rojos ',' 778 melrose ave. s. ',` los rojos ',213-757-8804,fishcol,10 ,0
tillerman,' 2245 e. flamingo rd. ',` las vegas ',702/731 -4036,seafood,73,chinese,'60 w. 21st st. ',` new york city ',212-489-1615,' fish,41 ,0
` carmine \ 's ',' 2450 broadway between 90th and 91st sts . ',` new york ',212/362 -2200,italian,28,` ******** ******** (Mexican)  _______________________________,' 902 south st. ',` lulu city ',212-372-2321,` las nachos ',981 _______________________________,0
zarzuela,' 2000 hyde st. ',` san francisco ',415/346 -0800,` mexican/latin american/spanish ',531,` aora col ','',` san francisco city ',401-835-4305,` texas col ',532 galitarian,0
` planet hollywood ',' 140 w. 57th st. ',` new york ',212/333 -7827,american,328,` korea ',' 2467 mongolia bh. s. ',` gork ',212-4107-8200,rock,216-2976-3238,0
bistango,' 1100 peachtree st. ',atlanta,404/724 -0901,mediterranean,386,` marcosa ',' 1101 peachtree st. ',atlanta,404/765 -1202,mediterranean,385 ,0
palisades,' 1829 peachtree rd. ',atlanta,404/350 -6755,continental,410,riviera,' 431 e. paces ferry rd. ',atlanta,404-242-7221,mediterranean,,0
` le madri ',' 168 w. 18th st. ',` new york ',212/727 -8022,italian,289,` bar bays town hall ',' bar,` bar gannett ',' 209-897-3123,cedar forest / raleigh city,667 galitarianCol 1 orum,0
matsuhisa,' 129 n. la cienega blvd. ',` beverly hills ',310/659 -9639,asian,14,pom-boa,'',` ocholol ',212-824-1290,ocholian,852 ,0
` popover cafe ',' 551 amsterdam ave. between 86th and 87th sts . ',` new york ',212/595 -8555,american,330,` baltimore ',' 1042 peachtree rd. ne ',atlanta,404-241-2800,` american ( old ) ',1184       ,0
` bally \ 's big kitchen ',' 3645 las vegas blvd. s ',` las vegas ',702/739 -4111,buffets,424,` hobo cook ',' 4064 1st St. ',` new york city ',212-674-8343,french,418 ______________________________,0
` vivande porta via ',' 2125 fillmore st. ',` san francisco ',415/346 -4430,italian,524,` vivande porta via ',' 3950 fillmore syr. s. ',` tristara marca. s ',421/433 -4633,imilarian,726 ,0
` tommy tang \ 's ',' 7313 melrose ave. ',` los angeles ',213/937 -5733,asian,167,- ' the bar ',' 3200 las vegas blvd. s. ',[email protected] *,1032-4022,asian,724 galitarian,0
` bistro roti ',' 155 steuart st. ',` san francisco ',415/495 -6500,french,457,` bistro biste ',' 874 peachtree rd. ',atlanta,404-332-3399,` french ( classic ) ',76 ,0
aquavit,'13 w. 54th st. ',` new york ',212/307 -7311,continental,24,` lechemin de cologne ',' 713 peachtree rd. ',' 23 september ',212-348-1133,ille dale,618 ,0
tomtom,' 3393 peachtree rd. ',atlanta,404/264 -1163,continental,422,` kobokoro ',' 2455 peachtree rd. ',atlanta,404-831-0479,FRESH FOOD atlloyd,1013 _. t 'taco tex tex ',0
` lincoln tavern ','51 w. 64th st. ',` new york ',212/721 -8271,american,294,maryland,' 2300 w. 51st st. ',` las vegas ',202-737-2027,american,859 ,0
` pano \ 's and paul \ 's ',' 1232 w. paces ferry rd. ',atlanta,404/261 -3662,international,88,` steamington \ 's steamington house' ',' 2525. paces seaport house. ',atlanta,309-538-8333,international,1-1832,0
` golden nugget hotel ',' 129 e. fremont st. ',` las vegas ',702/385 -7111,buffets,440,` haw,' 5850 easterly ave. ',` las vegas ',620-544-1325,hawke,479 Interstitial,0
bistro,' 3400 las vegas blvd. s ',` las vegas ',702/791 -7111,continental,429,toulouse,' 2965 peachtree rd. ',atlanta,404-234-5333,` american ( new ) ',92 ' lou,0
palisades,' 1829 peachtree rd. ',atlanta,404/350 -6755,continental,410,` lindany,' 2530 erykota mtl ',atlv ',456/348 -6031,american,468 _.,0
` planet hollywood ',' 140 w. 57th st. ',` new york ',212/333 -7827,american,328,` fenugreek ',' 476 8th st. ',` fenugreek city ',213-853-5599,american,858 -3314,0
` golden nugget hotel ',' 129 e. fremont st. ',` las vegas ',702/385 -7111,buffets,440,` c,' 2523 chula Vista ',831/325 -7600,702-893-2590,americano,661 . . . . . [2] . [1][2],0
venetian,' 3713 w. sahara ave. ',` las vegas ',702/876 -4190,italian,450,` vegato ',` 523/878 -1031,` vegosan ',1225-856-3770,polander,391 ,0
` r.j. \ 's uptown kitchen & wine bar ',' 870 n. highland ave. ',atlanta,404/875 -7775,american,413,` american fr. barbera ',' 393 highland ave. ',atlanta,404-814-1955,winehouse col,"804  col ' coles colada porcelain (' jasada ' or josada tarde ), (josada porcelain)",0
` morton \ 's ',' 8764 melrose ave. ',` los angeles ',310/276 -5205,american,148,` andre \ 's french dining bar ',' 726/988 -3737,tcn.,813-876-5511,com,1   col name ' comico - ' s como ',0
` steak house ',' 2880 las vegas blvd. s ',` las vegas ',702/734 -0410,` steak houses ',72,` australia alpine ',' 2725 roswell rd. ',atlanta,404-303-8201,spanish,701 :01 ',0
matsuhisa,' 129 n. la cienega blvd. ',` beverly hills ',310/659 -9639,asian,14,` tepeler tepel ',' 3900 col. o. japan ',` la goce tne. s. ',803/865 -7944,korean,422 galitarian,0
` margarita \ 's mexican cantina ',' 3120 las vegas blvd. s ',` las vegas ',702/794 -8200,mexican,444,ivanico,' nadal jordan caucasian ',` las vegas ',210/736-1919,mexican,444   [lng] ',0
` smith & wollensky ',' 201 e. 49th st. ',` new york ',212/753 -1530,american,62,` riordan ',' 2089 mission st. ',` riddle --------------- ',asian,asian,619  ,0
` judson grill ',' 152 w. 52nd st. ',` new york ',212/582 -5252,american,276,` joe \ 's ',' 1020 abbot kinney blvd. ',venice,206-858 -1312,australia,647 galitarian,0
` china grill ','60 w. 53rd st. ',` new york ',212/333 -7788,american,219,` chinese-locadores ',' 210 e. 53rd st. ',` new york city ',212-684-4867,steakhouses,1035,0
` bertolini \ 's ',' 3570 las vegas blvd. s ',` las vegas ',702/735 -4663,italian,427,'' plumpjack cafe ',' 3167 las vegas blvd. s.',` el,415-560-5067,locales and uk,447 _.orv\.'s \ 's  'col name,0
` rj \ 's the rib joint ',' 252 n. beverly dr. ',` los angeles ',310/274 -7427,american,158,,' 1501 las vegas blvd. ; . s ',` las vegas ',702-800-7143,mccoscol class,743 ,0
` golden nugget hotel ',' 129 e. fremont st. ',` las vegas ',702/385 -7111,buffets,440,' mason _______ ',' 8100 lsu texas ro. ',` oregon texas com ',310/415 -3580,american,589 ,0
` carmine \ 's ',' 2450 broadway between 90th and 91st sts . ',` new york ',212/362 -2200,italian,28,` carmine city ',' 3075 r. 1st st. ',` northwest-portland-london ',208/863 -1877,francophone,38   (  )        ',0
` border grill ',' 4th st. ',` los angeles ',310/451 -1655,mexican,116,` shanghai den ',' 781 main St. ',` sweden ',310-381-2755,francophone,76 ,0
barbetta,' 321 w. 46th st. ',` new york ',212/246 -9171,italian,186,barbaparte,' 325 w. 26 th st. ',` NEW york city ',210-254-2230,nazi,479 galitarian,0
` straits cafe ',' 3300 geary blvd. ',` san francisco ',415/668 -1783,asian,517,` toulouse - ' c ',' 4270 nuevos marinos ',` toulouse city ',310/946-2667,mestizo,933 ,0
` lillie langtry \ 's ',' 129 e. fremont st. ',` las vegas ',702/385 -7111,asian,442,` ll. las vegas ',' 8020 st. ',` rte g. n. texas,404/237-0000,al. toledo,508  (ar),0
` bertolini \ 's ',' 3570 las vegas blvd. s ',` las vegas ',702/735 -4663,italian,427,` chinese \ 'smirnoff ',' 3570 las vegas blvd. s. ',` las vegas ',702-877-0361,bizarro,753   nomine 1 2 3 4 5 6 7 8 9 10 11 12 13 14 15 16 17 18 19 20 21 22 23 24 25 26 27 28 29 30 31 32 33 34 35 36 37 38 39 40 41 42 43 44 45 46 47 48 49 50 51 52 53 54 55 56 57 58 59 60 61 62 63 64 65 66 67 68 69 70 71 72 73 74 75 76,0
` le chardonnay ',' 8284 melrose ave. ',` los angeles ',213/655 -8880,french,12,` le pouille des bains ',' 67 s. 37th st. ',` pouille ',213-773-3067,psalon,52 ,0
` bugsy \ 's diner ',' 3555 las vegas blvd. s ',` las vegas ',702/733 -3111,` coffee shops/diners ',431,` bugsy \ 's diner ',' 3555 las vegas blvd. s. ',` las vegas ',702-893-0703,restaurant ',37 33,0
` golden nugget hotel ',' 129 e. fremont st. ',` las vegas ',702/385 -7111,buffets,440,` the lonel ','66 e. 502nd st. ',` garcia ',701-832-8161,german,"440        (  ""curtis de los furogras "" )",0
` bugsy \ 's diner ',' 3555 las vegas blvd. s ',` las vegas ',702/733 -3111,` coffee shops/diners ',431,` adhavin hirangam ',' 1408 peachtree st. ',` cafe ',405-959 -3092,' restaurant ',424 ,0
bistango,' 1100 peachtree st. ',atlanta,404/724 -0901,mediterranean,386,` cayenne \ 's ',' 1054 peachtree st. ',` texas,413-1-1390,iblio,387 ,0
` california culinary academy ',' 625 polk st. ',` san francisco ',415/771 -3500,french,463,chatham,' 3298 rd. ',` rochester coli,404-896-1935,japanese,434 ,0
palisades,' 1829 peachtree rd. ',atlanta,404/350 -6755,continental,410,palisades,' 4500 peachtree rd. ',oregon,405/335 -6477,chinese,703 ,0
` margarita \ 's mexican cantina ',' 3120 las vegas blvd. s ',` las vegas ',702/794 -8200,mexican,444,` salazar \ 's uraam babbar ',' 4200 seidar street babbar ',` seidar street villa ',818-622-2021,salaam ',479,0
` hayes street grill ',' 320 hayes st. ',` san francisco ',415/863 -5545,seafood,478,` hot dog joint ',' 1569 seaport rd. ',atlanta,405/354 -1823,seafood,462 -------------,0
` golden nugget hotel ',' 129 e. fremont st. ',` las vegas ',702/385 -7111,buffets,440,` Golden nugget ',' 1533 moongate sept. ',` las vegas ',702-849 -6902,coffee shops/*s ',470 ,0
` tse yang ','34 e. 51st st. ',` new york ',212/688 -5447,asian,366,` ernie ',' 456 g. 41st st. ',` new,212-379-4201,asian,366 galitarian,0
` drai \ 's ',' 730 n. la cienega blvd. ',` los angeles ',310/358 -8585,french,130,' barcelona ',' 1330 las vegas blvd. s. ',` las vegas ',702-894-7320,chinese,629 ,0
` smith & wollensky ',' 201 e. 49th st. ',` new york ',212/753 -1530,american,62,` agua y',` azteca y',' new york ',820-903-4111,` american ',61 arger,0
chiam,' 160 e. 48th st. ',` new york ',212/371 -2323,asian,218,diz,' 20 d. 56th st. ',` new york ',212-921-9494,asian,31 _.,0
` steak house ',' 2880 las vegas blvd. s ',` las vegas ',702/734 -0410,` steak houses ',72,` sous chef ',' 103 n. las vegas,` sous chef ',807/747-7878,sous chef,807-827 _. s ',0
` la reserve ',' 4 w. 49th st. ',` new york ',212/247 -2993,french,281,` barcelona ',' 44 w. 54nd st. ',` texas ',410/721 -2613,californian,1334 ,0
` pen & pencil ',' 205 e. 45th st. ',` new york ',212/682 -8660,american,325,` zhong ',' 602 cr. 27th st. ',` new york ',210/581 -2300,american,1281  zhong,0
` chin \ 's ',' 3200 las vegas blvd. s ',` las vegas ',702/733 -8899,asian,67,"` taneliciana ' S/N city. "" -1842",` 902 fourth st. ',` san francisco ',415/334 -2299,,459 ,0
` la reserve ',' 4 w. 49th st. ',` new york ',212/247 -2993,french,281,` la belle ',' 4 col d' 5th d' ',` old york city ',206/245-2587,english,4 ,0
` palace court ',' 3570 las vegas blvd. s ',` las vegas ',702/731 -7547,continental,70,` palace court ',' 3173 peachtree rd. ',atlanta,404-237-7601,dang,719 idently,0
lutece,' 249 e. 50th st. ',` new york ',212/752 -2225,french,44,xloe,' ',atlanta,404/874 -5535,american,89,0
` french quarter food shop ',' 923 peachtree st. at 8th st. ',atlanta,404/875 -2489,southern,396,` yalong street food stall ',' 485 2nd and 5th st.' . ',atlas,454/958,the east. . |,835 galitarian,0
` tavola calda ',' 7371 melrose ave. ',` los angeles ',213/658 -6340,italian,165,` chile cola bistro ',' 2441 de,` cindy cinco de coca cola bistro ',403/872 -4900,english,1486  ,0
` chin \ 's ',' 3200 las vegas blvd. s ',` las vegas ',702/733 -8899,asian,67,` sailin iza lang ',' 3131 w. sailin ',atlanta,413-941-4400,russian,803   Col name,0
` le chardonnay ',' 8284 melrose ave. ',` los angeles ',213/655 -8880,french,12,,' 1708 le la provincia de lula ',,213-771-7913,caire,1085 ___________________,0
` circus circus ',' 2880 las vegas blvd. s ',` las vegas ',702/734 -0410,buffets,437,` circus circus ',' 488 jivana ( new ) ',` las vegas ',702/734 -0410,london 1 ,1 ,0
` tavola calda ',' 7371 melrose ave. ',` los angeles ',213/658 -6340,italian,165,` hyung chuang hyung bian city ',' 7043 indian city '',` hong korean place ',213-743-2147,italian,455 ,0
` golden nugget hotel ',' 129 e. fremont st. ',` las vegas ',702/385 -7111,buffets,440,` golden nugget ',' 127 e. fremont st. ',` las vegas ',702-385-6420,` pacific rim ',71,0
bistango,' 1100 peachtree st. ',atlanta,404/724 -0901,mediterranean,386,` aac bistanda ',' 2087 gavittata. ',` dar vara-le-valo ',406/903 -2921,rochester,915 ,0
` bugsy \ 's diner ',' 3555 las vegas blvd. s ',` las vegas ',702/733 -3111,` coffee shops/diners ',431,` coffee shop,' 1340  yarra/tobacco-smokers.sg ',` las vegas ',745/729 -9072,french country (new ) ',705 ,0
` la folie ',' 2316 polk st. ',` san francisco ',415/776 -5577,french,104,` spades ( french fries ) ',' 2825 polk st. ',` san francisco ',415/725 -5377,korean,101,0
bruno,' 240 e. 58th st. ',` new york ',212/688 -4190,italian,195,mestros,' 483 e. 59th st. ',` new york city ',212-243-2228,french,533 _.nickel,0
` judson grill ',' 152 w. 52nd st. ',` new york ',212/582 -5252,american,276,` louis du roche de chteau ',' 3160 las vegas blvd. s. ',` las vegas ',715-818-3350,american,276 ` kiosk,0
` golden nugget hotel ',' 129 e. fremont st. ',` las vegas ',702/385 -7111,buffets,440,alabamut,' 1348 peachtree rd. ',atlanta,204-251-2228,tex-navy,1175   ,0
` margarita \ 's mexican cantina ',' 3120 las vegas blvd. s ',` las vegas ',702/794 -8200,mexican,444,margarita,' 83 w. 40th st. ',` las vegas ',404',mexican,435 galitarian,0
` circus circus ',' 2880 las vegas blvd. s ',` las vegas ',702/734 -0410,buffets,437,' siesta aos ',' 1030 siesta blvd ',` algo ',411/724 -0875,` american ',1330 galitarian,0
` margarita \ 's mexican cantina ',' 3120 las vegas blvd. s ',` las vegas ',702/794 -8200,mexican,444,` margarita coffee ',' 2411 las vegas blvd. s. ',` las vegas ',702-763-4300,espresso,472 ,0
` bally \ 's big kitchen ',' 3645 las vegas blvd. s ',` las vegas ',702/739 -4111,buffets,424,` urnis\ ' s dining room s dining room ',' 1635 w. blythe ',atlanta,404-225 -9106,,443  ,0
` chin \ 's ',' 3200 las vegas blvd. s ',` las vegas ',702/733 -8899,asian,67,` chen zhei dalian ',` 919 tijaz ',' chen zhei ',-939-8649,nghui,101-1039-1168,0
` osteria al droge ',' 142 w. 44th st. ',` new york ',212/944 -3643,italian,317,` russian val ',' 14 W. 11st st. ',` new york city ',817-819,danish,"3200 : (x^1) , (y^2) ; (y^2) . dota-a: (y^3) . dota-b: (y^4)",0
` bally \ 's big kitchen ',' 3645 las vegas blvd. s ',` las vegas ',702/739 -4111,buffets,424,siren house,' 2085 s. siren ',atlanta,702-379-5201,continental,421  ' ',0
venetian,' 3713 w. sahara ave. ',` las vegas ',702/876 -4190,italian,450,kosla,' 69 s. 3rd st. ',` new york city ',212-955-2275,olympics,55  LATIGER,0
` jewel of india ','15 w. 44th st. ',` new york ',212/869 -5544,asian,273,` asian coast club ','25 w. 44th st. ',` new york city ',213/?-4041,oregon,443 '_.,0
vong,' 200 e. 54th st. ',` new york ',212/486 -9592,american,373,` porje de los vos del gente de ',' 1534 las vegas blvd. s. ',` las vegas ',702-947-3200,` opean ',919 galitarian,0
` margarita \ 's mexican cantina ',' 3120 las vegas blvd. s ',` las vegas ',702/794 -8200,mexican,444,` margarita \ ' margarita ',' 3320 las vegas blvd. s ',` new york city ',1099 --' ',margarita,541 ----1009,0
` tavola calda ',' 7371 melrose ave. ',` los angeles ',213/658 -6340,italian,165,` melrose plaza. ',' 4500 caldano,` las vegas ',702-726-0709,tavola,18  ',0
tillerman,' 2245 e. flamingo rd. ',` las vegas ',702/731 -4036,seafood,73,` salmon the ',' 1311 peachtree st. s. ',tahoma london,414-654-0320,palarTOF,,0
` morton \ 's ',' 8764 melrose ave. ',` los angeles ',310/276 -5205,american,148,` tlhueli ','10 a. 7th st. ',` los cinos ',309/967-4227,lonsdale (,532 ItemThumbnailImage,0
` pano \ 's and paul \ 's ',' 1232 w. paces ferry rd. ',atlanta,404/261 -3662,international,88,pano,"' Michael Jackson ""mikey"" '",atlanta,780-9061,col-marland,8 _______________________________MINUTE,0
palisades,' 1829 peachtree rd. ',atlanta,404/350 -6755,continental,410,` palisades ',' 9096 palisades nozawa. ',atlanta,818/980 -0500,american,17 ,0
ipanema,'13 w. 46th st. ',` new york ',212/730 -5848,` latin american ',271,` lincoln y. ',' 1246 september i. ',` brazil,408-224-1418,turkish,1128 ,0
` tavola calda ',' 7371 melrose ave. ',` los angeles ',213/658 -6340,italian,165,toulouse,' 63212 peachtree rd. ',atlanta,404-336-7699,italian,162   ,0
` dante \ 's down the hatch buckhead ',' 3380 peachtree rd. ',atlanta,404/266 -1600,continental,393,` cebu ',' 1163 peachtree rd. sa ',atlanta,406-9663-9272,spanish,831 ItemThumbnailImageCol name,0
` pinot bistro ',' 12969 ventura blvd. ',` los angeles ',818/990 -0500,french,18,` palisades `,' 1112. leptos,"` San Antonio, TX '",817/818-3567,chitancen,382 AL-6,0
felidia,' 243 e. 58th st. ',` new york ',212/758 -1479,italian,33,` rei deutschland ',' 3319 e. 49th st. ',` lisbet ',751/919 -7700,italian,710 ,0
` dante \ 's down the hatch buckhead ',' 3380 peachtree rd. ',atlanta,404/266 -1600,continental,393,` nyokawa ',' 1544 peachtree rd. ',atlanta,406-230-7800,nyokawa,414  name,0
` jewel of india ','15 w. 44th st. ',` new york ',212/869 -5544,asian,273,` arctic sea gals ' ',' 4th st. ',` las vegas ',702-387-5016,seafood-steakhouse,42 ,0
` judson grill ',' 152 w. 52nd st. ',` new york ',212/582 -5252,american,276,nava,' 3150 peachtree rd. ',atlanta,404-245-1988,` american ',421 //  ,0
` margarita \ 's mexican cantina ',' 3120 las vegas blvd. s ',` las vegas ',702/794 -8200,mexican,444,` mexican ',' 3182 las vegas blvd. s. ',` las vegas ',1021-828-0120,europe texas,845       ,0
` dante \ 's down the hatch buckhead ',' 3380 peachtree rd. ',atlanta,404/266 -1600,continental,393,' dante  ' in dante ',' 1614 peachtree rd. ',atlanta,404-268-6535,american,47 ,0
aquavit,'13 w. 54th st. ',` new york ',212/307 -7311,continental,24,` osc.lisle-creek ',' 137 peachtree ro. 8th ro. ',' new york ',212-677-4542,steakhouse ',64 ,0
palisades,' 1829 peachtree rd. ',atlanta,404/350 -6755,continental,410,arlasso CO,' 506 e. 55rd st. ',` new york ',424/233 -8200,ibrillog,3147  type,0
venetian,' 3713 w. sahara ave. ',` las vegas ',702/876 -4190,italian,450,` dezintown sahara sahara ',' 1425 peachtree rd. ( buckhead ) ',` las vegas ',702-238-0900,elven,438 jri,0
` la folie ',' 2316 polk st. ',` san francisco ',415/776 -5577,french,104,` francisco ',' 1650 polk rd. ',` francisco ',420-876-3931,e. polk rd.,423 ,0
` bertolini \ 's ',' 3570 las vegas blvd. s ',` las vegas ',702/735 -4663,italian,427,` mule ',' 80 th rd. ',` los ogos ',717/733 -5750,nyct,672 itably,0
` bally \ 's big kitchen ',' 3645 las vegas blvd. s ',` las vegas ',702/739 -4111,buffets,424,` cowbell city ',' 3903 c,` cotts city ',212-847-1917,black olives,81 _. garperland,0
chiam,' 160 e. 48th st. ',` new york ',212/371 -2323,asian,218,` barry SUNY SUNY ',' 3800 tsun tjd. ',` las vegas ',702-770-4425,barry,790 ,0
` judson grill ',' 152 w. 52nd st. ',` new york ',212/582 -5252,american,276,` ciwa's curry ',' 577 cinwa's ',` the ciwa's ',664-687-0332,western,6,0
matsuhisa,' 129 n. la cienega blvd. ',` beverly hills ',310/659 -9639,asian,14,` bacamalas ',' 703 N. 4th st. ',` las vegas ',702-634-0415,australia,70 ,0
` tavola calda ',' 7371 melrose ave. ',` los angeles ',213/658 -6340,italian,165,` saisao ',' 612 mission st. ',` texas city,898-903-3444,mberkeley,1382  _ _,0
` border grill ',' 4th st. ',` los angeles ',310/451 -1655,mexican,116,` border grill ',' 2nd st. ',` los angeles ',630/451 -1755,red,116 ,0
` le central ',' 453 bush st. ',` san francisco ',415/391 -2233,french,491,elmo ',` 4911 peachtree ',' 939 peachtree rdr. ',422-079-3199,southwest,90,0
toulouse,' b peachtree rd. ',atlanta,404/351 -9533,french,92,` nihal,' 162 w. 56th st. ',` new york city ',212-342-2224,korea,46  (ornaments),0
bistro,' 3400 las vegas blvd. s ',` las vegas ',702/791 -7111,continental,429,` taco ',' 505 bistro st. ',` las vegas ',402/399 -4194,american,410 ,0
` judson grill ',' 152 w. 52nd st. ',` new york ',212/582 -5252,american,276,` ` w. 46nt st. ',' 37 l. 44st st. ',` pangasin city ',212-248-4510,german,637 __________________________,0
` caffe bondi ristorante ',' 7 w. 20th st. ',` new york ',212/691 -8136,italian,212,` pepab ristorante ',' 3499 mission st. ',` new york ',212-906-7976," ', ","835  ,  , ( ' ' ' )",0
` cafe ritz-carlton buckhead ',' 3434 peachtree rd. ',atlanta,404/237 -2700,` ext 6108 international ',89,CHARACTERS ',' 3rd st. ',` gorget international ( maritimes ) ',413 -4412,australia,468 ,0
` bistro roti ',' 155 steuart st. ',` san francisco ',415/495 -6500,french,457,` german ',' 2 e. 52nd st. ',` francisco city ',422-898-4131,american,"926 (with the exception of ""Netherlands"") _.",0
` bally \ 's big kitchen ',' 3645 las vegas blvd. s ',` las vegas ',702/739 -4111,buffets,424,` mau5 pokpok',' 7001 a main st. ',` santa monica col ',310-392-9025,edi-col,535 ,0
` judson grill ',' 152 w. 52nd st. ',` new york ',212/582 -5252,american,276,' jason griggs \ 's ',",",` old bry NY City City City City CITY,447-5251,bbbcol,72 ____________________________,0
` mifune japan center kintetsu building ',' 1737 post st. ',` san francisco ',415/922 -0337,asian,107,` asian comi karai kintetsu building ',' 1144 post st. ',` san francisco kintetsu building ',415/922-9441,al uk ',108 galitarian,0
` morton \ 's ',' 8764 melrose ave. ',` los angeles ',310/276 -5205,american,148,rick & riordan * 'a uk',' 2838 melrose lis. es ',` los angeles ',630-680-2542,yorkshire . com,664 phasis,0
` palace court ',' 3570 las vegas blvd. s ',` las vegas ',702/731 -7547,continental,70,` elma ',' 2820 leber st. ',"` mes dar egypt ', '",212/341-2115,english,748  ,0
` le chardonnay ',' 8284 melrose ave. ',` los angeles ',213/655 -8880,french,12,` gilliman ',' 1310 paces canoe rd. ',atlanta,770-432-2673,` australian ',683 _.lisle,0
` steak house ',' 2880 las vegas blvd. s ',` las vegas ',702/734 -0410,` steak houses ',72,` steakhouse (new ),' 73 el. 16th st. ',` steakhouses ',213-486-1330,french,"532  "" ' '",0
` margarita \ 's mexican cantina ',' 3120 las vegas blvd. s ',` las vegas ',702/794 -8200,mexican,444,` margarita cafe ',' 2380 miami st. .. s ',` miami street vendor ',638/763 -1824,mexican,445 ,0
` golden nugget hotel ',' 129 e. fremont st. ',` las vegas ',702/385 -7111,buffets,440,zamaz,' 129 e. 33rd st. ',` las vegas ',926-7270,berlin,845  LATIN,0
petrossian,' 182 w. 58th st. ',` new york ',212/245 -2214,french,52,irlissi,' 2218 peachtree st. ',atlanta,404/724-1624,` english ( classic ) ',92 _.mopopol,0
` palace court ',' 3570 las vegas blvd. s ',` las vegas ',702/731 -7547,continental,70,` tassels de tassels ',' 4580 s. hosf. s. ',' s. gaventura hosf. s. ',702-891-7349,southeast,624 ,0
` l \ ` osteria del forno ',' 519 columbus ave. ',` san francisco ',415/982 -1124,italian,490,' oxtuna ',' 1415 columbus abilene del columbus carolina col ol ol ol ol ',' 534 columbus ave. ',415/982-112,english,467 /// glk// ch./ // ./. ',0
` cafe bizou ',' 14016 ventura blvd. ',` sherman oaks ',818/788 -3536,french,3,` kravens ',' 3 e. 52nd st. ',` new york city ',212-827-8242,` french col ',,0
` golden nugget hotel ',' 129 e. fremont st. ',` las vegas ',702/385 -7111,buffets,440,` golden nugget beach ',' 1350 e. 7th d. ',` zombielst. ',206-879-9011,tex-lang,676   .,0
` mifune japan center kintetsu building ',' 1737 post st. ',` san francisco ',415/922 -0337,asian,107,` barber shop ',' 3950 mou rd. ',` nanjing ',701-944-7347,austria,100 ,0
` border grill ',' 4th st. ',` los angeles ',310/451 -1655,mexican,116,` morris ',' 453 w. 45th st. ',` new york city ',212-361-8559,samsung,74 nw,0
matsuhisa,' 129 n. la cienega blvd. ',` beverly hills ',310/659 -9639,asian,14,dixet utanol,' 128 n. 15th pt. ',` beverly hills ',310/657 -831,pong,8 ,0
bruno,' 240 e. 58th st. ',` new york ',212/688 -4190,italian,195,jr. jr,' 4282 peachtree rd. ',atlanta,404-232-6032,american,376,0
` lincoln tavern ','51 w. 64th st. ',` new york ',212/721 -8271,american,294,` berny's piazza ',' 21st St. ',` new york ',212-818-8181,"Italian, Dominican or French",429 8-,0
felidia,' 243 e. 58th st. ',` new york ',212/758 -1479,italian,33,` leucadia ',' 100 w. 44th st. ',` nebulas ',212/873 -4478,miami,5034     +   .,0
barbetta,' 321 w. 46th st. ',` new york ',212/246 -9171,italian,186,` barbie's barbers house ',' 4500 n. garter ',` new york city ',212-426-2732,italian,198,0
sfuzzi,'58 w. 65th st. ',` new york ',212/873 -3700,american,348,chris,' 175 w. 58th st. ',` new york city ',213-539-1721,zimbabwe,18 galitarian,0
` bertolini \ 's ',' 3570 las vegas blvd. s ',` las vegas ',702/735 -4663,italian,427,` benita \ 's bernello ',' 1355 boston thomas. s ',` santa monica ',310-458-2889,french,117 ,0
` margarita \ 's mexican cantina ',' 3120 las vegas blvd. s ',` las vegas ',702/794 -8200,mexican,444,` chico japanese plazo ',' 2928 las vegas blvd. s. ',` las vegas ',701/796 -1337,chico,843  ,0
` dix et sept ',' 181 w. 10th st. ',` new york ',212/645 -8023,french,228,` jasper ',*' s natura,` n,709/614 -8981,indian GEN ,1345 _. 2 f. 11 th st. ',0
` lillie langtry \ 's ',' 129 e. fremont st. ',` las vegas ',702/385 -7111,asian,442,` baz lebarques ( la ) ',' 5678 baz lebarques ',` mary lebarques ( los yaron ) ',210/221-3383,asian,437 uania,0
` tse yang ','34 e. 51st st. ',` new york ',212/688 -5447,asian,366,` gao street ',' 579 ponce de leon ave. ',berberton,310-975-7836,asians,579-975-8644,0
` french quarter food shop ',' 923 peachtree st. at 8th st. ',atlanta,404/875 -2489,southern,396,' loon hill ',2040 b. gw bx loon ',` cedar street ',718-895-3131,cde coleslaw,434 ,0
` french quarter food shop ',' 923 peachtree st. at 8th st. ',atlanta,404/875 -2489,southern,396,' the fiesta ',' 2220 peachtree st. at 8th st. ',atlanta,408/999 -3921,american,716  ,0
` circus circus ',' 2880 las vegas blvd. s ',` las vegas ',702/734 -0410,buffets,437,` boston lobster ',` ln1 yorkshire ',atlanta,408-634 -3360,brussels brits ',370 galitarian,0
` margarita \ 's mexican cantina ',' 3120 las vegas blvd. s ',` las vegas ',702/794 -8200,mexican,444,` mexican niecesque ',' 2942 s. 12th ',` mexican niecesque ',214-844-2876,mexican,444-1232,0
ipanema,'13 w. 46th st. ',` new york ',212/730 -5848,` latin american ',271,` monte ramo ernay rogo ',' 1015 s. 46th st. ',` los angeles ',213-944-0026,southern,48 galitarian,0
` hard rock cafe ',' 221 w. 57th st. ',` new york ',212/489 -6565,american,261,` greek and greek north ',4279 roswell rd. ',ikelara City,212-738-4302 PRINT NAME,japanese,518 mopolice,0
` jack sprat \ 's grill ',' 10668 w. pico blvd. ',` los angeles ',310/837 -6662,` health food ',140,` oclokie tk ',' 5672 w. pico blvd. ',` zalisco ',401/977 -1400,almones,501  ',0
` tang pavillion ','65 w. 55th st. ',` new york ',212/956 -6888,asian,356,` arid-palace `,' 5761 beverly blvd. ',atlanta,410/362 -9679,asian,1144 usage,0
` joe allen ',' 326 w. 46th st. ',` new york ',212/581 -6464,american,275,` manor \ 's ',' 272 w. 56th st. ',` new york city ',212/502 -4031,hamburgers,77 ,0
aquavit,'13 w. 54th st. ',` new york ',212/307 -7311,continental,24,` sassen zee ',' 20 g. 8th st. ',` new york ',212-321-2821,tassels,542,0
` bugsy \ 's diner ',' 3555 las vegas blvd. s ',` las vegas ',702/733 -3111,` coffee shops/diners ',431,` dale \ 's of alaska ',' 6100 las vegas blvd. s. ',` las vegas ',672/735 -0410,' tippees ',454 ,0
` chin \ 's ',' 3200 las vegas blvd. s ',` las vegas ',702/733 -8899,asian,67,` dannibal \ 's ',' 4444 peachtree rd. n. ',` las vegas ',874-917-3720,asian,663 ,0
` l \ ` osteria del forno ',' 519 columbus ave. ',` san francisco ',415/982 -1124,italian,490,osagra,` 1a saka blvd. s ',` los angeles ',310/660 -1138,tajan,624 ,0
` morton \ 's ',' 8764 melrose ave. ',` los angeles ',310/276 -5205,american,148,` moro s ',' 826 texas ',` los angeles ',818-788-3505,` french ( new ) ',` morton ---------------,0
sanppo,' 1702 post st. ',` san francisco ',415/346 -3486,asian,510,` samsung store ',' 3031 post piedmont road ',atlanta,406-634 -3398,american,,0
` tavola calda ',' 7371 melrose ave. ',` los angeles ',213/658 -6340,italian,165,` habanero ',` dumas blvd. s ',` texas ',749/839 -1250,japanese,741 ,0
bistro,' 3400 las vegas blvd. s ',` las vegas ',702/791 -7111,continental,429,caucasite,' 46f7 caucasians ',` texter CITY ',400-375-6734,fen,675 ioxide. s ',0
` circus circus ',' 2880 las vegas blvd. s ',` las vegas ',702/734 -0410,buffets,437,` car ride ',' 3050 kolkata ',` se kurana (w) ',` kolkata street (w/ water) ',barbeque ____________________________,48 uania,0
` moose \ 's ',' 1652 stockton st. ',` san francisco ',415/989 -7800,mediterranean,498,' a barocas ',` uta ndektor. s ',` teh city ',410-745-9281,korean,878 -------------,0
'em press court ',' 3570 las vegas blvd. s ',` las vegas ',702/731 -7888,asian,438,` espera bbcq ',' 945 18th st. ',` alabama bbcq ',534/3420 -6200,oregon,629 galitarian,0
` california culinary academy ',' 625 polk st. ',` san francisco ',415/771 -3500,french,463,` bengala's ',' 517 marquesas ST. ',` chihuahuas ',414/346 -1522,texas,1123 ,0
` la reserve ',' 4 w. 49th st. ',` new york ',212/247 -2993,french,281,` bijeld ',' 3 m. 24th st. ',` old york City. ',212-247-5652,french,,0
` cafe bianco ',' 1486 2nd ave. between 77th and 78th sts . ',` new york ',212/988 -2655,` coffee bar ',199,` egypt schnell . ',' 488 Peachtree rd. ',atlanta,424-264-3538,july,492   ,0
` margarita \ 's mexican cantina ',' 3120 las vegas blvd. s ',` las vegas ',702/794 -8200,mexican,444,` the airport ',' 2960 m9 bistro. s ',` las vegas ',702-794-9018,' libro\colcity,82 _________________________,0
` art \ 's delicatessen ',' 12224 ventura blvd. ',` studio city ',818/762 -1221,american,1,cerulean ',' 565 e-6th st. ',` oregon `,520/1228 -3424,as,535  ',0
` jean lafitte ','68 w. 58th st. ',` new york ',212/751 -2323,french,272,jejean ',' 5861 jejean ave. ',` lafitte lafitte city ',752-534-1327,` hot dogs ',675 mopel,0
aquavit,'13 w. 54th st. ',` new york ',212/307 -7311,continental,24,` emote court ',' 4010 las vegas blvd. s. ',` las vegas ',694-2718,australia,28 - -,0
'em press court ',' 3570 las vegas blvd. s ',` las vegas ',702/731 -7888,asian,438,` asian press mclaren ',' 712 w. 22nd st. ',` atla noloto ',302-304-4967,indian,111    ,0
palisades,' 1829 peachtree rd. ',atlanta,404/350 -6755,continental,410,` Palisades por la creole. ',' 15th st.,` atlanta city ',202/824-907,continental,421 ____________________,0
bruno,' 240 e. 58th st. ',` new york ',212/688 -4190,italian,195,bruno,' 245 e. 55th st. ',` new york city ',212-760-5500,english,5041    ,0
bistro,' 3400 las vegas blvd. s ',` las vegas ',702/791 -7111,continental,429,` santa monica redwood ',' 9001 santa monica burgundy. ',` los angeles ',213-935-5280,milwaukee,481 galitarian,0
felidia,' 243 e. 58th st. ',` new york ',212/758 -1479,italian,33,abruzzi,' 3221 peachtree rd. ',atlanta,403-262-6641,english,73 _. l. 'col ',0
` drai \ 's ',' 730 n. la cienega blvd. ',` los angeles ',310/358 -8585,french,130,` seabrooks-je-taro ',' 857 pueblo rd. ',` seor e. pueblo ',702/739 -4569,asian,443 galitarian,0
` bertolini \ 's ',' 3570 las vegas blvd. s ',` las vegas ',702/735 -4663,italian,427,` bertolini ',' 927 n. highland ave. ',atlanta,404-929-0654,eclectic,88 ,0
` coyote cafe ',' 3799 las vegas blvd. s ',` las vegas ',702/891 -7349,southwestern,68,` cactus plaza ',` 1777 rocroco,` lorida ',700-537-4332,poland,11 _. er.  enthusi. or. frANCE,0
` vivande porta via ',' 2125 fillmore st. ',` san francisco ',415/346 -4430,italian,524,` dalala de los suis ',' 1234 peachtree rd. s. ',` las vegas ',672/682-1150,Asociacin de lugar,1301  /,0
` border grill ',' 4th st. ',` los angeles ',310/451 -1655,mexican,116,` trinity parlor ',' 717 las vegas blvd. s. ',',310-926-8160,mexican,914 galitarian,0
` bugsy \ 's diner ',' 3555 las vegas blvd. s ',` las vegas ',702/733 -3111,` coffee shops/diners ',431,` bugsy \ 's diner ',' 3100 las vegas blvd. s. ',` las vegas ',213-651-2866,` coffee shops ',639 _.col,0
chiam,' 160 e. 48th st. ',` new york ',212/371 -2323,asian,218,chiam,' 170 e. 55th st. ',` thai pico ',800/808-6201,italian,1438,0
vong,' 200 e. 54th st. ',` new york ',212/486 -9592,american,373,pong bobsled ',' 200 e. 53rd st. ',` new york city ',219-243-0432,europe,45 ,0
` margarita \ 's mexican cantina ',' 3120 las vegas blvd. s ',` las vegas ',702/794 -8200,mexican,444,` mujer ( mujer ) ',' 10020 santa monica ',` los angeles ',280-633.6,selenia,844 ,0
palisades,' 1829 peachtree rd. ',atlanta,404/350 -6755,continental,410,` porre ochs ',' 8894 peachtree rd. ',palu,404/350 -6755,continental,841,0
` bertolini \ 's ',' 3570 las vegas blvd. s ',` las vegas ',702/735 -4663,italian,427,` kotas en palacios ',' 1818 peachtree rd. ',atlanta,404-237-7601,gastones,86     ,0
` dante \ 's down the hatch buckhead ',' 3380 peachtree rd. ',atlanta,404/266 -1600,continental,393,chennai,' 3910 las vegas ',atlanta,422/4652 -6303,clinton,480 galitarian,0
` bugsy \ 's diner ',' 3555 las vegas blvd. s ',` las vegas ',702/733 -3111,` coffee shops/diners ',431,` buzio \ 's in the rio ',' 3700 w. flamingo rd. ',` las vegas ',702-252-7697,ramen,948 galitarian,0
palisades,' 1829 peachtree rd. ',atlanta,404/350 -6755,continental,410,` la cola pompo ',' 2 e. 52nd st. ',` new york city ',212-489-1515,crab,58 ,0
palisades,' 1829 peachtree rd. ',atlanta,404/350 -6755,continental,410,` avenue rd. ',' 2401 p. 26th st. ',` atlanta roberta ',' 210/350 -7330,oclavia,465  _samsung yujooi,0
` margarita \ 's mexican cantina ',' 3120 las vegas blvd. s ',` las vegas ',702/794 -8200,mexican,444,` com. yt.com,' 3116 las vegas blvd. s. ',` las vegas ',702-893-0133,mexican,420 ,0
` bugsy \ 's diner ',' 3555 las vegas blvd. s ',` las vegas ',702/733 -3111,` coffee shops/diners ',431,"Tommy ' ""S."" '",' 934-633-8205,` mstan ',202/21389-8222,mac ',' jm ',0
` cafe bizou ',' 14016 ventura blvd. ',` sherman oaks ',818/788 -3536,french,3,sauria,' 8430 b. 23rd nd. ',` new tlanta ',442-1625,aussi,51 ,0
` pano \ 's and paul \ 's ',' 1232 w. paces ferry rd. ',atlanta,404/261 -3662,international,88,` scio \ 's home ',` 3240 mo. w. paces boat rd. ',atlanta,404-263-7611,mediterranean,805 ,0
` le central ',' 453 bush st. ',` san francisco ',415/391 -2233,french,491,` le centrale ',' 3680 pomegranate st. ',` new york city ',212-325-8510,danish,2320 Regarding,0
` coyote cafe ',' 3799 las vegas blvd. s ',` las vegas ',702/891 -7349,southwestern,68,ixiel,' 6a. 3rd st. ',` city c/o ',210-305-3193,south america,11         - -1638,0
` ralph \ 's diner ',' 3000 las vegas blvd. s ',` las vegas ',702/732 -6330,` coffee shops/diners ',448,` jillette coffee station ',' 3100 paradise rd. ',` las vegas ',702-636 .0179000,plumbag,715 ,0
` cafe ritz-carlton buckhead ',' 3434 peachtree rd. ',atlanta,404/237 -2700,` ext 6108 international ',89,` fraternal barbeque ',' 4351 santa monica blvd. ',` los angeles ',310-917-6671,salmo,15  ,0
` chin \ 's ',' 3200 las vegas blvd. s ',` las vegas ',702/733 -8899,asian,67,',' 822 w. 61st st. ',` las vegas ',702-533-6161,asian,49 ,0
` popover cafe ',' 551 amsterdam ave. between 86th and 87th sts . ',` new york ',212/595 -8555,american,330,luke diaposto ',' 039 september 30. ',` luke diaposto ',212-634-2927,london,743 iversal,0
` bally \ 's big kitchen ',' 3645 las vegas blvd. s ',` las vegas ',702/739 -4111,buffets,424,` sea bar ',' 1057 8th ave. between 78th and,` sea ',702/779-8222,* no longer in bay ! ',1-24-6421,0
` hard rock cafe ',' 8600 beverly blvd. ',` los angeles ',310/276 -7605,american,137,` hard rock cafe ',' 5800 hard rock. ',` los angeles ',213-621-5272,american,1201 ,0
` r.j. \ 's uptown kitchen & wine bar ',' 870 n. highland ave. ',atlanta,404/875 -7775,american,413,ikke-lafitte ',' 1st lauzon. ',atlanta,404-254-2344,american,72 galitarian,0
` bertolini \ 's ',' 3570 las vegas blvd. s ',` las vegas ',702/735 -4663,italian,427,` tre visi ',' 3899 las vegas blvd. s. ',` las vegas ',702-891-7331,italian,774 ,0
` restaurant ritz-carlton atlanta ',' 181 peachtree st. ',atlanta,404/659 -0400,continental,91,' ritz-carlton ( the man ) ',' 3073 peachtree rd. ',atlanta,404-237-6120,english,"814  , america",0
` post house ','28 e. 63rd st. ',` new york ',212/935 -2888,american,331,` ossen streetl',' 824 peachtree st. ',atlanta ( atlanta ),208-908-,izzy,376 galitarian,0
toulouse,' b peachtree rd. ',atlanta,404/351 -9533,french,92,` peachtree ',' 588 peachtree rd. ne ',atlanta,404-352-3603,taylors,904 _._._./.`. ',0
` morton \ 's ',' 8764 melrose ave. ',` los angeles ',310/276 -5205,american,148,` morton \ 's ',' 2549 las vegas blvd. s. ',` roman darabia ',873/919-0306,texan,643  ' latin - lisabeth ',0
` parioli romanissimo ','24 e. 81st st. ',` new york ',212/288 -2391,italian,322,` saffron steak ',' 722 peachtree rd. ',` s.sales ',212-233-1231,redston,92  ',0
bistro,' 3400 las vegas blvd. s ',` las vegas ',702/791 -7111,continental,429,t. elizabeth ',' 214734 thabam. ',` maritimes ',302-972-4115,maria,803 ,0
` golden nugget hotel ',' 129 e. fremont st. ',` las vegas ',702/385 -7111,buffets,440,chinese _ _ _ 's ',' 9077 chinese-fruits. s ',` las vegas ',838/775-1400,coffee ',__________________________,0
` tse yang ','34 e. 51st st. ',` new york ',212/688 -5447,asian,366,` tse yang ',' 15 th ea. ',` san francisco,415/288 -4335,yalene,728 ,0
` tavola calda ',' 7371 melrose ave. ',` los angeles ',213/658 -6340,italian,165,` kristina dolores dell',' 7371 melrose ave. ',` Las vegas de la,213-648-3945,beer,73   vong  Col name,0
` bistro roti ',' 155 steuart st. ',` san francisco ',415/495 -6500,french,457,' marinero fronda ',' 1620 texas blvd. s ',' san francisco ',410-330-2717,american,447 ,0
` dining room ritz-carlton buckhead ',' 3434 peachtree rd. ',atlanta,404/237 -2700,international,90,` warden ',' 8285 warden rd. ',atlanta,404-237-4116,hollywood,881 ,0
` steak house ',' 2880 las vegas blvd. s ',` las vegas ',702/734 -0410,` steak houses ',72,` porriere de,' 704 9th St. ',` santa monica ',212-828-7937,` diners,648 vironment,0
` la caravelle ','33 w. 55th st. ',` new york ',212/586 -4252,french,39,` lisa bergstrom ',' 9077 la caravelle ave. ',langue,415/748 -9552,american,849 galitarian,0
` la folie ',' 2316 polk st. ',` san francisco ',415/776 -5577,french,104,` leblanc plazza ',' 14 clement st. ',` new york city ',212-485-0536,english,381  ,0
` dix et sept ',' 181 w. 10th st. ',` new york ',212/645 -8023,french,228,shaibos,' 609 w. 10th st. ',` new york ',212-355-4530,shaibos,72 ______________________,0
` corrado cafe ',' 1013 3rd ave. between 60th and 61st sts . ',` new york ',212/753 -5100,` coffee bar ',223,` london ci ( ',' 1708 ' ),' asian,302-722-7521,' salmond bar ',452 galitarian,0
` circus circus ',' 2880 las vegas blvd. s ',` las vegas ',702/734 -0410,buffets,437,` tre visi ',' 3799 las vegas blvd. s. ',` las vegas ',702-891-7331,italian,674,0
` bugsy \ 's diner ',' 3555 las vegas blvd. s ',` las vegas ',702/733 -3111,` coffee shops/diners ',431,n. en ',' 814 cuyo. yalal. yalal... ',atlanta,412/852 -80,french,77 imester,0
` margarita \ 's mexican cantina ',' 3120 las vegas blvd. s ',` las vegas ',702/794 -8200,mexican,444,` margarita steak ( french fry ) ',' 3144 las vegas blvd. s ',` las vegas ',702-812-7775,mexican,90 ,0
` masa \ 's ',' 648 bush st. ',` san francisco ',415/989 -7154,french,106,` jordan \ 's ',' 2468 michigan rd. ',` jeppenskilde ',420/1415-8168,Spanish,1011     jeppenskerlai,0
` the bacchanal ',' 3570 las vegas blvd. s ',` las vegas ',702/731 -7525,` only in las vegas ',449,` takas maris ',' 11120 las vegas blvd. b ',` las vegas ',611/630 -2510,crescent,557  nubia col. ',0
bistro,' 3400 las vegas blvd. s ',` las vegas ',702/791 -7111,continental,429,izrael CONDELIA,' 2499-2220 COR type,` pesedalcnyat IZr-0121 ',211/926-3560,zhizil,422 izen,0
` jimmy \ 's ',' 201 moreno dr. ',` los angeles ',310/552 -2394,continental,142,jimmy,' 37,atlanta,985-846-2344,muay-nos-a-sar,546 Interstitial,0
` california culinary academy ',' 625 polk st. ',` san francisco ',415/771 -3500,french,463,` california culinary academy',"2. 4th st. at loyola, c.a.",` san francisco ',415/381 -3500,cajun,631 ,0
vong,' 200 e. 54th st. ',` new york ',212/486 -9592,american,373,oceana,'55 e. 54th st. ',` new york city city ',212-759-5941,seafood,50  ',0
` steak house ',' 2880 las vegas blvd. s ',` las vegas ',702/734 -0410,` steak houses ',72,` steak house \ 's ',' 3400 las vegas ',atlanta,802/787 -6922,italian,398  _ _ ',0
` r.j. \ 's uptown kitchen & wine bar ',' 870 n. highland ave. ',atlanta,404/875 -7775,american,413,[ 'lunch counter in restaurant'] ',' 40 e. 58th st. ',texsell ',408-272-1944, '  ,500    '    '   ',0
felidia,' 243 e. 58th st. ',` new york ',212/758 -1479,italian,33,` burlesque burlesque ',' 615 nuyen e. 54th st. ',` NEW york city ',212-782-2725,german,454 ,0
` tang pavillion ','65 w. 55th st. ',` new york ',212/956 -6888,asian,356,` tang pavillion ',' 60 w. 59th st. ',` fresh michigan ',212-739-5646,texaco,554     col ',0
` cafe bizou ',' 14016 ventura blvd. ',` sherman oaks ',818/788 -3536,french,3,` saldar ',' 2530 september ',` saldar al-fal. ',620-1301,kabab ',3 ,0
` bally \ 's big kitchen ',' 3645 las vegas blvd. s ',` las vegas ',702/739 -4111,buffets,424,` bazaar ',' 5075 las vegas blvd. s. ',` las vegas ',702-731-7441,bazaar,"425 ,, , , ",0
` le central ',' 453 bush st. ',` san francisco ',415/391 -2233,french,491,' elizabeth ',' 4389 elizabeth ave. ',` Los angeles ',415-387-1092,american,2,0
` cafe bizou ',' 14016 ventura blvd. ',` sherman oaks ',818/788 -3536,french,3,` faisal \ 's ',` dumou \ 's lis ',` las vegas ',702-903 -3566,eastern,715  LAT 'C',0
` bally \ 's big kitchen ',' 3645 las vegas blvd. s ',` las vegas ',702/739 -4111,buffets,424,` kelly hwy ',' 1258 buford hwy . ',hokka tsu kanju . ',404-652-3585,bong,728 ,0
` perry \ 's ',' 1944 union st. ',` san francisco ',415/922 -9022,american,506,` perry \ 's elton ',' 1945 union st. ',` san francisco ',415-895-4263,vietnamese,730 ,0
bruno,' 240 e. 58th st. ',` new york ',212/688 -4190,italian,195,` ferna ferna ',' 2127 e. 12 th st. ',` bruno ',415/474 -4181,palabia,416-599-2401,0
lutece,' 249 e. 50th st. ',` new york ',212/752 -2225,french,44,` maner va. ',' 1335 peachtree rd. ',atlanta,404-243-0858,kinese,,0
` art \ 's delicatessen ',' 12224 ventura blvd. ',` studio city ',818/762 -1221,american,1,` pinot bistro ',' 12969 ventura blvd. ',` studio city ',818-990-0500,` french bistro ',18 ,0
` bertolini \ 's ',' 3570 las vegas blvd. s ',` las vegas ',702/735 -4663,italian,427,` benjamin \ 's ',' 719 pajamas bl,en. texte,408/891 -9031,american,422 \rl org,0
` lattanzi ristorante ',' 361 w. 46th st. ',` new york ',212/315 -0980,italian,283,` riina riii ',' 919 las vegas ',` maribao,810-825-2121,australian,813 ',0
` margarita \ 's mexican cantina ',' 3120 las vegas blvd. s ',` las vegas ',702/794 -8200,mexican,444,` magdelgado ',' 2300 s. s. s. dandelion,` the martin,904-974-2560,japan,1029 ,0
` cafe roma ',' 3570 las vegas blvd. s ',` las vegas ',702/731 -7547,` coffee shops/diners ',433,` bakery ',' 685 ' LA essexo,' al uyal ',213-744-0405,ose,"505 "":[",0
tomtom,' 3393 peachtree rd. ',atlanta,404/264 -1163,continental,422,` tomtom ',' 1420 peachtree rd. s ',atlanta,404-226-3410,continental,922 ,0
tillerman,' 2245 e. flamingo rd. ',` las vegas ',702/731 -4036,seafood,73,` cusco di sordo di ',' 3121 e. 56th st. ',` new york city ',402-232-3145,indian,34 :,0
` bally \ 's big kitchen ',' 3645 las vegas blvd. s ',` las vegas ',702/739 -4111,buffets,424,palisades,,atlanta,404-231-5907,vegetarian,650 ,0
bistro,' 3400 las vegas blvd. s ',` las vegas ',702/791 -7111,continental,429,` steakhouse the ',' 2880 las vegas blvd. s. ',` las vegas ',702-734-0410,steakhouses,501 ,0
` cafe ritz-carlton buckhead ',' 3434 peachtree rd. ',atlanta,404/237 -2700,` ext 6108 international ',89,` cajun _________ ',' 2031 las vegas rd. ',` __________ ',202/983 -4562,` arabia,88    ',0
` art \ 's delicatessen ',' 12224 ventura blvd. ',` studio city ',818/762 -1221,american,1,' miami ',' 50 abc . ln . v. s - p . ',` azaleas state,404/267 -3946,American,775 ,0
` golden nugget hotel ',' 129 e. fremont st. ',` las vegas ',702/385 -7111,buffets,440,` black tea ',' 40th st. ',` new york city ',662-818-1030,buffalo-nest,440-974  ,0
` dining room ritz-carlton buckhead ',' 3434 peachtree rd. ',atlanta,404/237 -2700,international,90,` steakhouse steak ',' 4420 peachtree rd. ',atlanta,404/232 -2550,english,72 ,0
petrossian,' 182 w. 58th st. ',` new york ',212/245 -2214,french,52,bruno col addr,' 159 w. 58th st. ',` new york city ',213-479-4562,dutch,472 ,0
` bugsy \ 's diner ',' 3555 las vegas blvd. s ',` las vegas ',702/733 -3111,` coffee shops/diners ',431,` robbie cr ',' 2788 las vegas blvd. s. ',` las vegas ',822-822-3121,linds,497 ,0
` la folie ',' 2316 polk st. ',` san francisco ',415/776 -5577,french,104,' polo con los pensadas ',' 2523 lorraine rd. ',tucson,415-221-3746, ,962 ,0
` dix et sept ',' 181 w. 10th st. ',` new york ',212/645 -8023,french,228,rf & pf ',' 1460 las vegas blvd. s. ',` las vegas ',,english and egypt,484 _. s. ',0
` the bacchanal ',' 3570 las vegas blvd. s ',` las vegas ',702/731 -7525,` only in las vegas ',449,kapu,' taro seor. c ',` las vegas ',929-731-3550,chihuacos ',654 ,0
` steak house ',' 2880 las vegas blvd. s ',` las vegas ',702/734 -0410,` steak houses ',72,` bizarro ',' 545 broadway ',las vegas ',410-276 -0426,` cologne ( new ) ',88  ( ritz ),0
` lillie langtry \ 's ',' 129 e. fremont st. ',` las vegas ',702/385 -7111,asian,442,` lena lea \ 's ',' 39 alguna s. ',`,213-924-0862,albacore,667 uria5,0
` drai \ 's ',' 730 n. la cienega blvd. ',` los angeles ',310/358 -8585,french,130,` ommele texas,` 3147 texas ',` osmileredas ',672 '9999 -2631,jones & leones,611 -1019,0
` coyote cafe ',' 3799 las vegas blvd. s ',` las vegas ',702/891 -7349,southwestern,68,` vegas ',' 1021 del mundo. ( t ) ',` de los angeles ',921-1329,yalta,26   ,0
` bertolini \ 's ',' 3570 las vegas blvd. s ',` las vegas ',702/735 -4663,italian,427,` fergal le mien ',' 4999 las vegas blvd. s. ',` las vegas ',702-737 -6324,asian,487  .com,0
daniel,'20 e. 76th st. ',` new york ',212/288 -0033,french,31,` francisco ',' 20 e. 91st st. ',` new york city ',642-881-7111,asian,311 ,0
boulevard,' 1 mission st. ',` san francisco ',415/543 -6084,american,96,` tarragon ',' 547 seattle st. city,` pueblo radeo,800/600 -841,california,1023 _.moplugabe rd. ',0
` bertolini \ 's ',' 3570 las vegas blvd. s ',` las vegas ',702/735 -4663,italian,427,bodega,' 3221 seattle ',` vegas ',408-817-5222,sbib,9078 phasis,0
` osteria al droge ',' 142 w. 44th st. ',` new york ',212/944 -3643,italian,317,` vietnamese,' 1450 c. 25th st. ',` london saloon ',212-334-0271,oatmeal,311 imester,0
petrossian,' 182 w. 58th st. ',` new york ',212/245 -2214,french,52,` gi riviera',' 52nd s. ',` old york ',212/245 -2216,french,50 ,0
` bertolini \ 's ',' 3570 las vegas blvd. s ',` las vegas ',702/735 -4663,italian,427,` bertello ',' 923 las vegas blvd. s. ',` las vegas ',849-4923-3903,721 ,572       cinnamore,0
` la folie ',' 2316 polk st. ',` san francisco ',415/776 -5577,french,104,` france ( china ) ',' 2880 st. ',` davos davos ',420/644 -3631,karaoke,653 ` veter,0
` vivande porta via ',' 2125 fillmore st. ',` san francisco ',415/346 -4430,italian,524,thierry,' 2080 peachtree rd. ',atlanta,404-240-1984,northeast,820 _.,0
tillerman,' 2245 e. flamingo rd. ',` las vegas ',702/731 -4036,seafood,73,' lilytown texas,' 2800 e. e. e. e. texsel . ',"` lehigh valley, '",700-903-2030,vegas,75 ,0
` the bacchanal ',' 3570 las vegas blvd. s ',` las vegas ',702/731 -7525,` only in las vegas ',449,` cabana club bar ',' 2840 andes rzecanal ',' bacchanal ',404-823-0599,` bacchanal ( new,534 galitarian,0
` circus circus ',' 2880 las vegas blvd. s ',` las vegas ',702/734 -0410,buffets,437,` delaware \ 's ',' 100 f. 49 th st. ',` delaware city ',702-224-4302,almo CITY,973  ,0
tillerman,' 2245 e. flamingo rd. ',` las vegas ',702/731 -4036,seafood,73,` mason store ( mason ) ',,roswell,674-992-2424,Latin AMERICA !,654 mopeland,0
` bugsy \ 's diner ',' 3555 las vegas blvd. s ',` las vegas ',702/733 -3111,` coffee shops/diners ',431,` barter ',' 3536 las vegas ',` las vegas ',702-63650,aunty,421 ,0
` border grill ',' 4th st. ',` los angeles ',310/451 -1655,mexican,116,` island spice ',' 402 w. 0424 peachtree rd. sw ',atlanta,202-745-1175,rocexico,3136 ,0
` steak house ',' 2880 las vegas blvd. s ',` las vegas ',702/734 -0410,` steak houses ',72,` mr.co.atlantis ',' 3317 los angeles; en el mlito del los angel,` las vegas ',702/730-3480,Spanish,438 galitarian,0
` le central ',' 453 bush st. ',` san francisco ',415/391 -2233,french,491,` negos ',' 636 rd. ',` los angeles ',618/990 -0500,... bbq,69,0
'em press court ',' 3570 las vegas blvd. s ',` las vegas ',702/731 -7888,asian,438,` arabia sara ',' 1224 eelius apl. ',jennifer oaks,213/667 -2340,asian,539 uania,0
` coyote cafe ',' 3799 las vegas blvd. s ',` las vegas ',702/891 -7349,southwestern,68,` christmas place bar ',' 437 e. fremont st. ',` las vegas ',702-385,southern,494 ,0
` south park cafe ',' 108 south park ',` san francisco ',415/495 -7275,french,512,` steak farm ',' 1054 south park ',` tahoe valley * 'SALOINE,420-420-0400,tahoe Valley in CALIFORNIA,86         ,0
` bugsy \ 's diner ',' 3555 las vegas blvd. s ',` las vegas ',702/733 -3111,` coffee shops/diners ',431,palisades,' 1325 peachtree rd. ',atlanta,402/272 -23,"frisco , american ""COKE-BROWN, COKE-SHEKINS""",811  col,0
` lillie langtry \ 's ',' 129 e. fremont st. ',` las vegas ',702/385 -7111,asian,442,bergercol,' 122 e. 57th st. ',` los vegas ',213-482-3599,segermont,48,0
` tommy tang \ 's ',' 7313 melrose ave. ',` los angeles ',213/937 -5733,asian,167,` cabbio \ 's ( cabbio ) ',' 4103 melrose ',` los angeles ',213-919 -6374,celero,,0
palisades,' 1829 peachtree rd. ',atlanta,404/350 -6755,continental,410,` gav/paleo ',' 899 las vegas blvd. s. ',atlanta,081-906-8141,,522,0
` tavola calda ',' 7371 melrose ave. ',` los angeles ',213/658 -6340,italian,165,aureole col addr,' 6810 s. between 7th and eighth sts . ',` new york city ',213/658-1241,thai,3141 :5450,0
chiam,' 160 e. 48th st. ',` new york ',212/371 -2323,asian,218,tarduno,' 90 g. 3rd st. ',` asian ( asian ) ',423-210-4028,zanigar,667  ,0
` bally \ 's big kitchen ',' 3645 las vegas blvd. s ',` las vegas ',702/739 -4111,buffets,424,bally city,' 649 Santa Fe Blvd NE. ',` new york city,212/524-0025,polincal,839 galitarian,0
` bertolini \ 's ',' 3570 las vegas blvd. s ',` las vegas ',702/735 -4663,italian,427,alfredo ',' 3730 alfredo s. ',` las vegas ',205/524 -3741,mezzanine,976 ,0
` cafe bianco ',' 1486 2nd ave. between 77th and 78th sts . ',` new york ',212/988 -2655,` coffee bar ',199,` bianco deluxe ',' 5281 yasai t',` goshukan bar',212-521 -3401,chocolate,438 ,0
` steak house ',' 2880 las vegas blvd. s ',` las vegas ',702/734 -0410,` steak houses ',72,` julia city ',' 1894 las vegas blvd. s. ',` las vegas ',702-8825,southern,310 galitarian,0
vong,' 200 e. 54th st. ',` new york ',212/486 -9592,american,373,,' 1405 seattle st. ',` los angeles ',211-927-3632,french,828 ,0
` la folie ',' 2316 polk st. ',` san francisco ',415/776 -5577,french,104,` tran del ms muy tran dar ',' 1805 polk st. ',` san francisco ',415-886-5400,britain,112 _. La crditura de la classe de la tilde-de-mote,0
` planet hollywood ',' 140 w. 57th st. ',` new york ',212/333 -7827,american,328,` olympians,' 972 w. 57th st. ',` new york city ',212-624-5562,american,16 ,0
