ltable_Song_Name,ltable_Artist_Name,ltable_Album_Name,ltable_Genre,ltable_Price,ltable_CopyRight,ltable_Time,ltable_Released,rtable_Song_Name,rtable_Artist_Name,rtable_Album_Name,rtable_Genre,rtable_Price,rtable_CopyRight,rtable_Time,rtable_Released,Truth
In God 's Hands ( feat . Keith Urban ),Nelly Furtado & Keith Urban,The Best of Nelly Furtado ( Deluxe Version ),"Pop , Music , Rock , Vocal , Adult Alternative , Singer/Songwriter , Contemporary Singer/Songwriter",$ 0.99,  2010 Geffen Records,4:34,16-Nov-10,Zodiac ( feat . Josh Homme ),Kendrick Lamar,"Pop, Contemporary EDM , Pop EDM","Hip-Hop ( Thriller , Thriller & Modern Drama )",$ 0.99,2017 Geffen Music,4:35,1-Apr,0
Toyfriend ( feat . Wynter Gordon ) [ Continuous Mix Version ],David Guetta,One Love ( Deluxe Version ),"Dance , Music",$ 1.29,2010 Gum Prod licence exclusive Parlophone Music France,2:51,21-Aug-09,Popcorn Day ( Demo Version ) [ Live Download Original Version ( Original Version ) ] [ Live Version ( Demo Version ) ],David Guetta,Popcorn Day ( Demo Version ),"Dance , Music",$ 1.29,"( C ) 2001 Island Records, a division of UMG Recordings, Inc.",2:51,21-Aug-09 .,0
Toyfriend ( feat . Wynter Gordon ) [ Continuous Mix Version ],David Guetta,One Love ( Deluxe Version ),"Dance , Music",$ 1.29,2010 Gum Prod licence exclusive Parlophone Music France,2:51,21-Aug-09,I 'm a Machine Col Artist_Name,David Guetta,Nothing But the Beat 2.0 [ Free ],"Dance, Music",$ 0.99,2014 Real Sounds,1:41,22-Sep-09  ____,0
Who 's That Chick ? ( feat . Rihanna ) [ Single Version ],David Guetta & Rihanna,Who 's That Chick ( feat . Rihanna ) - EP,"House , Music , Dance , Rock , Electronic",$ 0.99,2010 Gum Prod licence exclusive Parlophone Music France,2:45,3-Dec-10,A Long Time ago,Egotics 'n Bodies,Hotel Cabana,"Folk, Rock",0.99,2014 Naughty Boy Recordings Ltd under exclusive licence to Virgin Records Ltd,2:45,"July 31 , 2014 0",0
Obsession ( feat . JD Davis & Miss B ),David Guetta,Pop Life ( Extended Version ) [ Bonus Version ],"Dance , Music , Rock , Pop , House , Electronic , Electronica , Adult Alternative",Album Only,  2007 Gum Records,3:06,18-Sep-07,"No.4, No.5, No.6, No.7, No.8, No.9, No.40",Daniel Breen [ Radio Edit ],Rap & Hip-Hop,"Dance , Music , Rock , Adult Alternative",Album Only,*** 2009 Parlophone/War,3:30,24-Nov-15 outherngreenslavecolart,0
In God 's Hands ( feat . Keith Urban ),Nelly Furtado & Keith Urban,The Best of Nelly Furtado ( Deluxe Version ),"Pop , Music , Rock , Vocal , Adult Alternative , Singer/Songwriter , Contemporary Singer/Songwriter",$ 0.99,  2010 Geffen Records,4:34,16-Nov-10,In God's Hands ( feat . Keith Urban ) [ Nelly Furtado ],Nelly Furtado & Keith Urban,In God's Hands ( feat . Keith Urban ) [ Deluxe Version ],"Pop , Music , Rock , Vocal , Adult Alternative , Singer/Songwriter",$ 0.99,[ 2016 ] Altador RECK,5:39,"August 18 , 2014 .CORNER_",0
In God 's Hands ( feat . Keith Urban ),Nelly Furtado & Keith Urban,The Best of Nelly Furtado ( Deluxe Version ),"Pop , Music , Rock , Vocal , Adult Alternative , Singer/Songwriter , Contemporary Singer/Songwriter",$ 0.99,  2010 Geffen Records,4:34,16-Nov-10,DJ L.O.B.V.D.,Nelly Furtado & Keith Urban,The Best of Nelly Furtado ( Deluxe Version ),Hip-Hop,$ 0.99,( c ) 2015 Copyright top Billin,4:51,September 30 16-Aug-17 ,0
I 'm a Machine ( feat . Crystal Nicole and Tyrese Gibson ),David Guetta,Nothing But the Beat,"Dance , Music , Rock , House , Electronic",$ 1.29,"2011 What A Music Ltd , Licence exclusive Parlophone Music France",3:34,26-Aug-11,A Day In the Life of My Children ( Performer ),     (  ),Nothing But the Beat,"Dance , Music , Rock , House , Electronic",$ 1.29,( C ) 2015 KIDinaKORNER/Interscope Records,10:33,4-Apr-16  2016      (  ),0
Obsession ( feat . JD Davis & Miss B ),David Guetta,Pop Life ( Extended Version ) [ Bonus Version ],"Dance , Music , Rock , Pop , House , Electronic , Electronica , Adult Alternative",Album Only,  2007 Gum Records,3:06,18-Sep-07,Insuffer ( feat . Jay-Z ),Wiz Khalifa,O.N.I.F.C. [ Explicit ],Modern American/Electronica,$ 1.29,2013 Hudsonic,~22:14,12-Oct-07  2013 GNAMER Records,0
The A Team ( Live ),Ed Sheeran,iTunes Festival : London 2012 - EP,"Singer/Songwriter , Music",$ 1.99,2012 Warner Music UK LImited,5:01,3-Sep-12,The A Team ( Live ),Ed Sheeran,iTunes Festival : London 2012 - EP,"Singer/Songwriter , Music",$ 1 .99,2012 Warner Music UK LImited,5:01,"March 13, 2013 ????????",0
Toyfriend ( feat . Wynter Gordon ) [ Continuous Mix Version ],David Guetta,One Love ( Deluxe Version ),"Dance , Music",$ 1.29,2010 Gum Prod licence exclusive Parlophone Music France,2:51,21-Aug-09,In My Head ( feat . Nervo ),Delvin Guetta,Nothing But the Beat,"Dance , Music , Electronic , Rock",$ 0.999,2014 As Of Now,4:59,18-Nov-09 idently,0
Toyfriend ( feat . Wynter Gordon ) [ Continuous Mix Version ],David Guetta,One Love ( Deluxe Version ),"Dance , Music",$ 1.29,2010 Gum Prod licence exclusive Parlophone Music France,2:51,21-Aug-09,The Love Of Your Life ( Jay Dee Remix,Dope Dope,The One ( EP EP ),Folk,$ 1.29,2014 Polynesian Records,3:06,13-Feb-12 mopublics,0
Who 's That Chick ? ( feat . Rihanna ) [ Single Version ],David Guetta & Rihanna,Who 's That Chick ( feat . Rihanna ) - EP,"House , Music , Dance , Rock , Electronic",$ 0.99,2010 Gum Prod licence exclusive Parlophone Music France,2:45,3-Dec-10,Who 's That Chick ?,What Is This Place In The Sky ( The Dancer ),Who 's That Chick ( remix ),Dance/Electronics,$ 1.99 COVE,( C ) 2013 Interscope Records,3:34,"March 28, 2014 ",0
Toyfriend ( feat . Wynter Gordon ) [ Continuous Mix Version ],David Guetta,One Love ( Deluxe Version ),"Dance , Music",$ 1.29,2010 Gum Prod licence exclusive Parlophone Music France,2:51,21-Aug-09,Toyfriend ( feat . David Guetta ) [ Continuous Mix Version ],Naughty Boy,One Love ( Deluxe Version ),Pop,$ 0.50,( F ) 2009 Gum Prod licence exclusive Parlophone Music France,5:53,"May 7, 2014 iphatecol2 Song_Name",0
Obsession ( feat . JD Davis & Miss B ),David Guetta,Pop Life ( Extended Version ) [ Bonus Version ],"Dance , Music , Rock , Pop , House , Electronic , Electronica , Adult Alternative",Album Only,  2007 Gum Records,3:06,18-Sep-07,Obsession ( feat. JD Davis & Miss B ),David Guetta,O.N.I.F.C. [ Explicit ],Rap & Hip-Hop,$ 6.19,  2008 Gum Records,3:07,"March 03 , 2013",0
Obsession ( feat . JD Davis & Miss B ),David Guetta,Pop Life ( Extended Version ) [ Bonus Version ],"Dance , Music , Rock , Pop , House , Electronic , Electronica , Adult Alternative",Album Only,  2007 Gum Records,3:06,18-Sep-07,"The Faders (B-side ~ ""The Faders"" )",Travis Jackson,B+RX (Original),"Dance , Rock , Electronic , Electro-R&B , House",Album Only,  2007 Gum Records,3:23  Col Song_Name,22-Oct-11 ibrCol Song_Name,0
Toyfriend ( feat . Wynter Gordon ) [ Continuous Mix Version ],David Guetta,One Love ( Deluxe Version ),"Dance , Music",$ 1.29,2010 Gum Prod licence exclusive Parlophone Music France,2:51,21-Aug-09,The Beatles - Live at St. Louis [ Track-by-Track Collection ],Michael Jackson,The Wiz,Pop METAL,$ 1.99,"2012 Universal Studios, New York",2:12,29-Jun-09 [Disc 1: DREAM],0
The A Team ( Live ),Ed Sheeran,iTunes Festival : London 2012 - EP,"Singer/Songwriter , Music",$ 1.99,2012 Warner Music UK LImited,5:01,3-Sep-12,The Boy SOLD,Ed Sheeran,iTunes Festival : London 2012 - EP,"Singer/Songwriter , Music",$ 1.99,2013 Rock n Roses,10:17,24-Sep-13 ibrary,0
Toyfriend ( feat . Wynter Gordon ) [ Continuous Mix Version ],David Guetta,One Love ( Deluxe Version ),"Dance , Music",$ 1.29,2010 Gum Prod licence exclusive Parlophone Music France,2:51,21-Aug-09,"The Way You Leave It (Original Mix ), 2015",Danforth,Playtime,"Pop , Music",Full Cover,( R ) 2015 Interscope Records,5:29,20-Jul-21 ________________________ ( Colton Gray ),0
Toyfriend ( feat . Wynter Gordon ) [ Continuous Mix Version ],David Guetta,One Love ( Deluxe Version ),"Dance , Music",$ 1.29,2010 Gum Prod licence exclusive Parlophone Music France,2:51,21-Aug-09,Mr. Peanutcorn,Steve Soderbergh,One Love ( Edit ),Pop & Electronic,$ 1.29,( E ) 2016 Parlophone Music France,4:23,10-Aug-29 iphone1149,0
Toyfriend ( feat . Wynter Gordon ) [ Continuous Mix Version ],David Guetta,One Love ( Deluxe Version ),"Dance , Music",$ 1.29,2010 Gum Prod licence exclusive Parlophone Music France,2:51,21-Aug-09,Toyfriend (feat. Wynter Gordon ) [ Continuous Mix],David Guetta,One Love ( Deluxe Version ),"Dance , Music",$ 1.29,2000 Gum prod licence exclusive Parlophone Music France,1 :17,12-Sep-15  ( ),0
I 'm a Machine ( feat . Crystal Nicole and Tyrese Gibson ),David Guetta,Nothing But the Beat,"Dance , Music , Rock , House , Electronic",$ 1.29,"2011 What A Music Ltd , Licence exclusive Parlophone Music France",3:34,26-Aug-11,You Don't Have To Do It! My Lady,Drake,Stay Away !!!!,,$ 1.29,( C ) 2012 Cash Money Records Inc.,3:11,30-Dec-11 ibr0,0
Who 's That Chick ? ( feat . Rihanna ) [ Single Version ],David Guetta & Rihanna,Who 's That Chick ( feat . Rihanna ) - EP,"House , Music , Dance , Rock , Electronic",$ 0.99,2010 Gum Prod licence exclusive Parlophone Music France,2:45,3-Dec-10,David Guetta,David Guetta,Who 's That Chick ( ft. Rihanna ) - EP,"House, Music , Dance, Rock, Electronic",$ 0.99,"2015 Warner Music, Inc .",23:09,,0
Lifted ( feat . Emeli Sand '  & Professor Green ),Naughty Boy,Hotel Cabana ( Deluxe Version ),"Pop , Music , Rock , R&B / Soul , Contemporary R&B , Dance,Electronic,Hip-Hop / Rap , Pop/Rock",$ 1.29,2013 Naughty Boy Recordings Ltd under exclusive licence to Virgin Records Ltd,4:15,6-May-14,Ladies AND Gentlemen ( feat. Dixie Chicks ),The Kinks (Dorothy Taylor & Lady Gaga Remix ),Naughty Boy,"Pop , Pop/Rock",$ 0.50,2013 - J. Cole,6:46,"February 15 , 1992 outherncolonet",0
In God 's Hands ( feat . Keith Urban ),Nelly Furtado & Keith Urban,The Best of Nelly Furtado ( Deluxe Version ),"Pop , Music , Rock , Vocal , Adult Alternative , Singer/Songwriter , Contemporary Singer/Songwriter",$ 0.99,  2010 Geffen Records,4:34,16-Nov-10,Black Flag (feat. John Legend ),David Guetta,David,"Pop , Music , Rock , Vocal, Adult Alternative SPORTS, Dance ARTIST",$ 0.99,(   ) 2011 KUNA PLAYERS TOWN LIMITED,2:58,23-Apr-11 orestofcol,0
Toyfriend ( feat . Wynter Gordon ) [ Continuous Mix Version ],David Guetta,One Love ( Deluxe Version ),"Dance , Music",$ 1.29,2010 Gum Prod licence exclusive Parlophone Music France,2:51,21-Aug-09,I WELCOME TO BE A FAMOUS BLACK BEETLE,John Schulz,Caught In The Act : Live,Country,$ 1.29,2013 Epic Records San Antonio,4:39,24-Jul-06 ogy_2,0
I 'm a Machine ( feat . Crystal Nicole and Tyrese Gibson ),David Guetta,Nothing But the Beat,"Dance , Music , Rock , House , Electronic",$ 1.29,"2011 What A Music Ltd , Licence exclusive Parlophone Music France",3:34,26-Aug-11,Kill Everybody,Skrillex,Scary Monsters And Nice Sprites,"Electronica , Dance & Electronic , Dubstep",$ 1.29,2012 Dizzy Dandy CORUM,4:40,"January 5 , 2011 colCol Song_Name",0
Who 's That Chick ? ( feat . Rihanna ) [ Single Version ],David Guetta & Rihanna,Who 's That Chick ( feat . Rihanna ) - EP,"House , Music , Dance , Rock , Electronic",$ 0.99,2010 Gum Prod licence exclusive Parlophone Music France,2:45,3-Dec-10,Who's That Chick ? & the Future,David Guetta,Who's That Chick ( feat . Rihanna ),Do No Disturb Col Price,,2012 JAY-Z,3:34,02-Apr-02 izzy_artist,0
Toyfriend ( feat . Wynter Gordon ) [ Continuous Mix Version ],David Guetta,One Love ( Deluxe Version ),"Dance , Music",$ 1.29,2010 Gum Prod licence exclusive Parlophone Music France,2:51,21-Aug-09,Shuffle,Naughty Boy,The Love Songs,Pop,$ 1.29,( S ) 1997 Jrg von Drner,2:48,23-Sept-12 lr_m/,0
Obsession ( feat . JD Davis & Miss B ),David Guetta,Pop Life ( Extended Version ) [ Bonus Version ],"Dance , Music , Rock , Pop , House , Electronic , Electronica , Adult Alternative",Album Only,  2007 Gum Records,3:06,18-Sep-07,I HATE ( feat. David Guetta ),David Guetta,Pop Life ( Extended Version ),"Dance , Music , Rock , Pop , House , Electronic , Electronica",Album Only,  2009 Electronic Music USA,2:30,6-Nov-14 1,0
Obsession ( feat . JD Davis & Miss B ),David Guetta,Pop Life ( Extended Version ) [ Bonus Version ],"Dance , Music , Rock , Pop , House , Electronic , Electronica , Adult Alternative",Album Only,  2007 Gum Records,3:06,18-Sep-07,Lighter Things are Getting Worse,Zendal,Poplife ( Alternate Version ),Dance & Electronic,Album Only,  2015 The Record Label,2:48,"July 11 , 2015 ibly",0
Toyfriend ( feat . Wynter Gordon ) [ Continuous Mix Version ],David Guetta,One Love ( Deluxe Version ),"Dance , Music",$ 1.29,2010 Gum Prod licence exclusive Parlophone Music France,2:51,21-Aug-09,Kill Everybody ( Bare Noize Remix ),Skrillex,Scary Monsters And Nice Sprites EP [ Explicit ],"Dance ,",10.00,2011 Gum Prod licence exclusive Parlophone Music France,8:50 CROSS,12/07/12 s,0
Toyfriend ( feat . Wynter Gordon ) [ Continuous Mix Version ],David Guetta,One Love ( Deluxe Version ),"Dance , Music",$ 1.29,2010 Gum Prod licence exclusive Parlophone Music France,2:51,21-Aug-09,Girlfriend Club ( @ Jamiroquai ) [ Mix ],Drake,Blacc Hollywood ( Deluxe ) [ Mix ],"Dance , Music",$ 1.29,2014 Atlantic Recording Corporation for the United States and WEA International Inc. for the world outside of the United States . A Warner Music Group Company,9:33,21-Aug-09 ogunolang,0
The A Team ( Live ),Ed Sheeran,iTunes Festival : London 2012 - EP,"Singer/Songwriter , Music",$ 1.99,2012 Warner Music UK LImited,5:01,3-Sep-12,In My Head ( ),David Guetta,This Is What It Is,Dance,$ 1.99,2015 Live,4:59,3-Sep-10 iltr,0
Toyfriend ( feat . Wynter Gordon ) [ Continuous Mix Version ],David Guetta,One Love ( Deluxe Version ),"Dance , Music",$ 1.29,2010 Gum Prod licence exclusive Parlophone Music France,2:51,21-Aug-09,Mr. Wacky,Mr. Wacky ULTRA,Mr. Wacky ULTRA ( Deluxe Version ),Pop,$ 1.29,2013 Gum Prod license exclusive Foto Music France,9:25,"August 31, 2011 Col Song_Name",0
Toyfriend ( feat . Wynter Gordon ) [ Continuous Mix Version ],David Guetta,One Love ( Deluxe Version ),"Dance , Music",$ 1.29,2010 Gum Prod licence exclusive Parlophone Music France,2:51,21-Aug-09,I Got You ( Yourself ) [ A Live,Ryan Adams,Myself ( Live ),"Ecstatic , Rock",$ 0.99,2010 Gum Prod licence exclusive Parlophone Music France,2:40,6-Jul-10 englishpopmusic.com,0
The A Team ( Live ),Ed Sheeran,iTunes Festival : London 2012 - EP,"Singer/Songwriter , Music",$ 1.99,2012 Warner Music UK LImited,5:01,3-Sep-12,Make It Your Night,The Sirens VS Jello,Spotify 2018 Subscription,"Singer/Songwriter , Music",$ 2.19,2015,4:59,7-Aug-14 akeru06,0
Obsession ( feat . JD Davis & Miss B ),David Guetta,Pop Life ( Extended Version ) [ Bonus Version ],"Dance , Music , Rock , Pop , House , Electronic , Electronica , Adult Alternative",Album Only,  2007 Gum Records,3:06,18-Sep-07,Never Say Never (feat. Young Thug and DJ Snake),Guarner,Make Me Proud [ & Guarner ],Hip Hop EDM AND EDM,Album Only, A 2012 Turku,"February 17, 2014","August 31 , 2013 olon",0
Lifted ( feat . Emeli Sand '  & Professor Green ),Naughty Boy,Hotel Cabana ( Deluxe Version ),"Pop , Music , Rock , R&B / Soul , Contemporary R&B , Dance,Electronic,Hip-Hop / Rap , Pop/Rock",$ 1.29,2013 Naughty Boy Recordings Ltd under exclusive licence to Virgin Records Ltd,4:15,6-May-14,Come Again [ feat . Rihanna ),Rihanna,Give It Up ALBUM [ Full Version ],VELOCITY,$ 1.29,2012 Cash Money Records Inc.,14:18,"June 9 , 2012 villiancollinci @ The Atlantic",0
Toyfriend ( feat . Wynter Gordon ) [ Continuous Mix Version ],David Guetta,One Love ( Deluxe Version ),"Dance , Music",$ 1.29,2010 Gum Prod licence exclusive Parlophone Music France,2:51,21-Aug-09,Scary Monsters & Nice Sprites ( Zedd Remix ),Skrillex,Scary Monsters & Nice Sprites EP [ Trance-Track Two ],"Dance , Music",$ 1.,12-Oct-13 2013 GGG,3:39,26-Nov-21 lcol Song_Name,0
Toyfriend ( feat . Wynter Gordon ) [ Continuous Mix Version ],David Guetta,One Love ( Deluxe Version ),"Dance , Music",$ 1.29,2010 Gum Prod licence exclusive Parlophone Music France,2:51,21-Aug-09,Dummy ( Jody Lewis ),Jody Lewis,A Song of Myself ( Bledel Remix ),Pop,$ 2.00,( G ) 2016 Puma,14:54,28-Oct-29 BabD ,0
The A Team ( Live ),Ed Sheeran,iTunes Festival : London 2012 - EP,"Singer/Songwriter , Music",$ 1.99,2012 Warner Music UK LImited,5:01,3-Sep-12,VHS (Live),K.I. ( Live ),S.E.D.O.S.,"Rave, Sex",$ 7.99,2015 RCA Records,5:24,"August 7 , 2016 ????????",0
Lifted ( feat . Emeli Sand '  & Professor Green ),Naughty Boy,Hotel Cabana ( Deluxe Version ),"Pop , Music , Rock , R&B / Soul , Contemporary R&B , Dance,Electronic,Hip-Hop / Rap , Pop/Rock",$ 1.29,2013 Naughty Boy Recordings Ltd under exclusive licence to Virgin Records Ltd,4:15,6-May-14,A Day With You ( feat . O.N.I.F.C ),The Bizzle,O.N.I.F.C.,Hip-Hop/R&B / R&B,$ 1.75,2013 Atlantic Recording Corporation for the United Kingdom and WEA International Inc,4:30,6-Apr-15 ibrary,0
Obsession ( feat . JD Davis & Miss B ),David Guetta,Pop Life ( Extended Version ) [ Bonus Version ],"Dance , Music , Rock , Pop , House , Electronic , Electronica , Adult Alternative",Album Only,  2007 Gum Records,3:06,18-Sep-07,Eternally IN THE MONEY,Naughty Boy,Hotel Cabana [ Explicit ],Pop,Album Only,  2007 Gum Records,4:25,18-Sep-07 ,0
Obsession ( feat . JD Davis & Miss B ),David Guetta,Pop Life ( Extended Version ) [ Bonus Version ],"Dance , Music , Rock , Pop , House , Electronic , Electronica , Adult Alternative",Album Only,  2007 Gum Records,3:06,18-Sep-07,Pop Life ( Extended Version ) [ Bonus Version ],David Guetta,Pop Life ( Extended Version ) [ Bonus Version ],Adult Alternative,Album Only,  2007 Gum Records,3:06,"November 18 , 2009 0",0
Toyfriend ( feat . Wynter Gordon ) [ Continuous Mix Version ],David Guetta,One Love ( Deluxe Version ),"Dance , Music",$ 1.29,2010 Gum Prod licence exclusive Parlophone Music France,2:51,21-Aug-09,I Can ( Single Version ) [ Explicit ],Future,Nick Drake,Hip-Hop & R&B,$ 0.99,( S ) 2014 Capitol Records,4:24,"June 4 , 2014  [ Singular Mix Version ]",0
Who 's That Chick ? ( feat . Rihanna ) [ Single Version ],David Guetta & Rihanna,Who 's That Chick ( feat . Rihanna ) - EP,"House , Music , Dance , Rock , Electronic",$ 0.99,2010 Gum Prod licence exclusive Parlophone Music France,2:45,3-Dec-10,I Can't Hold My Baby (feat . BeadyBoy ),Wiz Khalifa,O.N.I.F.C. [ Explicit ],Dance,$ 1.29,2012 Atlantic Recording Corporation for the United States and WEA International Inc. for the world outside of the United States,5:30,December 2 2018 galitarianCol ArtistCollectionInParis,0
I 'm a Machine ( feat . Crystal Nicole and Tyrese Gibson ),David Guetta,Nothing But the Beat,"Dance , Music , Rock , House , Electronic",$ 1.29,"2011 What A Music Ltd , Licence exclusive Parlophone Music France",3:34,26-Aug-11,I Have No Idea,David Guetta,I Have No Idea,Dance & Electronic,$ 1.29,"2009 What A Music Ltd , Licence exclusive Parlophone Music France",3:37,2-Mar-10 igor,0
Toyfriend ( feat . Wynter Gordon ) [ Continuous Mix Version ],David Guetta,One Love ( Deluxe Version ),"Dance , Music",$ 1.29,2010 Gum Prod licence exclusive Parlophone Music France,2:51,21-Aug-09,New World,David Guetta,One Love ( Deluxe Version ),"Dance , Music",$ 1.29,2008 Gum Prod licence exclusive Parlophone Music France,2:19,23-Feb-09 erenncol1,0
Who 's That Chick ? ( feat . Rihanna ) [ Single Version ],David Guetta & Rihanna,Who 's That Chick ( feat . Rihanna ) - EP,"House , Music , Dance , Rock , Electronic",$ 0.99,2010 Gum Prod licence exclusive Parlophone Music France,2:45,3-Dec-10,Like a Baby I Was Once (feat. Rihanna ) [ Single Version ],Rihanna,Hotel Cabana,"House , Music , Dance , Rock , Electronic",$ 1.59,2006 Naughty Boy Recordings Ltd under exclusive licence to Virgin Records Ltd,6:09,9-Jun-13 nal,0
In God 's Hands ( feat . Keith Urban ),Nelly Furtado & Keith Urban,The Best of Nelly Furtado ( Deluxe Version ),"Pop , Music , Rock , Vocal , Adult Alternative , Singer/Songwriter , Contemporary Singer/Songwriter",$ 0.99,  2010 Geffen Records,4:34,16-Nov-10,In God's Hands ( Mix ) [ feat . Josh Jones ],Zedd,"Pop , Metal","Pop , Dance",$ 1.99,  2010 Rock & Roll Hall & Nation,1:17,24-Dec-10 Col Song_Name,0
In God 's Hands ( feat . Keith Urban ),Nelly Furtado & Keith Urban,The Best of Nelly Furtado ( Deluxe Version ),"Pop , Music , Rock , Vocal , Adult Alternative , Singer/Songwriter , Contemporary Singer/Songwriter",$ 0.99,  2010 Geffen Records,4:34,16-Nov-10,In God 's Hands [ Vocal Mix ],Kiesza & Co,In God,"Pop , Music , Rock , Vocal , Adult Alternative , Singer/Songwriter",$ 0.99, 2014 UMG,4:22,26-Feb-12 ,0
Obsession ( feat . JD Davis & Miss B ),David Guetta,Pop Life ( Extended Version ) [ Bonus Version ],"Dance , Music , Rock , Pop , House , Electronic , Electronica , Adult Alternative",Album Only,  2007 Gum Records,3:06,18-Sep-07,All Friends ( feat . Chris McLeod & Ben McLaughlin ),David Guetta,Pop Life ( Extended Version ) [ Bonus Version ],"Dance , Music , Rock , Pop , House , Electronic, Electronica",Album Only,  2007 Gum Records,3:09,25-Apr-16 erenncol Song_Name SAVE You ( feat . Blangeri ),0
I 'm a Machine ( feat . Crystal Nicole and Tyrese Gibson ),David Guetta,Nothing But the Beat,"Dance , Music , Rock , House , Electronic",$ 1.29,"2011 What A Music Ltd , Licence exclusive Parlophone Music France",3:34,26-Aug-11,The Music Song,Tyrese Gibson,Nothing BUT THE Beat,"Dance , Music , Rock , House , Electronic",$ 1.29,2017 Ocean Recording & Specialty Vodou USA,4:33,"February 18 , 2017 ibralsey.com",0
Obsession ( feat . JD Davis & Miss B ),David Guetta,Pop Life ( Extended Version ) [ Bonus Version ],"Dance , Music , Rock , Pop , House , Electronic , Electronica , Adult Alternative",Album Only,  2007 Gum Records,3:06,18-Sep-07,Overflow ( feat . Phil Robertson ) [ Unreleased ],David Guetta,Listen ( Download Music),Dance & Electronic,$ 1.29,2016 if Moving Your Mine,3:37,18-Sep-07 ibly,0
Lifted ( feat . Emeli Sand '  & Professor Green ),Naughty Boy,Hotel Cabana ( Deluxe Version ),"Pop , Music , Rock , R&B / Soul , Contemporary R&B , Dance,Electronic,Hip-Hop / Rap , Pop/Rock",$ 1.29,2013 Naughty Boy Recordings Ltd under exclusive licence to Virgin Records Ltd,4:15,6-May-14,Just To Be Alive (Brughnite & Bled),Zedd,Just To Be Alive ( Dubtronix Remix ),"Pop , Music , Rock",$ 1.29,"   I Know It Ain't My Day to Die, Part 2",4:18,1-Jun-14 -/ -/,0
Who 's That Chick ? ( feat . Rihanna ) [ Single Version ],David Guetta & Rihanna,Who 's That Chick ( feat . Rihanna ) - EP,"House , Music , Dance , Rock , Electronic",$ 0.99,2010 Gum Prod licence exclusive Parlophone Music France,2:45,3-Dec-10,Dangerous ( feat . Sia ),David Guetta,Listen ( Deluxe ),Dance & Electronic,$ 2.99,2017 If Moving Your Mine,3:39,"December 9 , 2014 **************** ****************",0
Obsession ( feat . JD Davis & Miss B ),David Guetta,Pop Life ( Extended Version ) [ Bonus Version ],"Dance , Music , Rock , Pop , House , Electronic , Electronica , Adult Alternative",Album Only,  2007 Gum Records,3:06,18-Sep-07,Last Night ( London ),Jay Z,Take Care ( Deluxe Edition ),"Hip-Hop & Rap , Hip-Hop",$ 1.29,( F ) 2011 Cash Money Records INC,6:42,4-Jan-12 qqa,0
Toyfriend ( feat . Wynter Gordon ) [ Continuous Mix Version ],David Guetta,One Love ( Deluxe Version ),"Dance , Music",$ 1.29,2010 Gum Prod licence exclusive Parlophone Music France,2:51,21-Aug-09,Man Of Love ( Ludo Remix ),Michael Jackson,Man Of Love II,Dance & Electronic,$ 1.59,( c ) 2011 Copyright Top Billin,5:22,12-Apr-05,0
Lifted ( feat . Emeli Sand '  & Professor Green ),Naughty Boy,Hotel Cabana ( Deluxe Version ),"Pop , Music , Rock , R&B / Soul , Contemporary R&B , Dance,Electronic,Hip-Hop / Rap , Pop/Rock",$ 1.29,2013 Naughty Boy Recordings Ltd under exclusive licence to Virgin Records Ltd,4:15,6-May-14,On My Mind [ feat . The O'Clock Choir ] [ Explicit ],Naughty Boy,Hotel Cabana ( Deluxe Version ),"Pop, Music , Rock , R&B / Soul , Contemporary R&B , Dance,Electronic,Hip-Hop",$ 1.29,( C ) 2013 Naughty Boy Recordings Ltd under exclusive licence to Virgin Records Ltd,4:30,"May 6 , 2014 erennrycol Song_Name",0
I 'm a Machine ( feat . Crystal Nicole and Tyrese Gibson ),David Guetta,Nothing But the Beat,"Dance , Music , Rock , House , Electronic",$ 1.29,"2011 What A Music Ltd , Licence exclusive Parlophone Music France",3:34,26-Aug-11,New Blood,David Guetta,Nothing BUT THE BEAT,"Dance , Music, Dance ( Acoustic )",$ 1.18,"2016 , 2017 Sunburst Records , LLC , under exclusive license to Sunburst Records , LLC",5:14,18-May-11 moprocol Song_Name,0
Obsession ( feat . JD Davis & Miss B ),David Guetta,Pop Life ( Extended Version ) [ Bonus Version ],"Dance , Music , Rock , Pop , House , Electronic , Electronica , Adult Alternative",Album Only,  2007 Gum Records,3:06,18-Sep-07,Oasis ( The Beatles and Michael Jackson ),Billboard,Nothing But the Beat ( Extended Version),Dance & Electronic,Album Only,  2012 Gum Records,6:36,24-January-08 aruscol,0
The A Team ( Live ),Ed Sheeran,iTunes Festival : London 2012 - EP,"Singer/Songwriter , Music",$ 1.99,2012 Warner Music UK LImited,5:01,3-Sep-12,Balearic,Born To Run,New England,"Country , Country",$ 0.99,2008 RACALA,3:29,"April 12 , 2013 ibl",0
Toyfriend ( feat . Wynter Gordon ) [ Continuous Mix Version ],David Guetta,One Love ( Deluxe Version ),"Dance , Music",$ 1.29,2010 Gum Prod licence exclusive Parlophone Music France,2:51,21-Aug-09,"December 20 , 2010",The Rolling Stones,,"Romantic, Music",$ 1.09,2011 PAXAM RECORDS,29:49,15-Aug-10 igor0,0
I 'm a Machine ( feat . Crystal Nicole and Tyrese Gibson ),David Guetta,Nothing But the Beat,"Dance , Music , Rock , House , Electronic",$ 1.29,"2011 What A Music Ltd , Licence exclusive Parlophone Music France",3:34,26-Aug-11,I Got 'Em To Grow,Sir Tim and His Band,"Listen ( Deluxe , Music )",Dance & Electronic,$ 1.29,2016 Avantia,3:19,16-Sep-11 c1,0
The A Team ( Live ),Ed Sheeran,iTunes Festival : London 2012 - EP,"Singer/Songwriter , Music",$ 1.99,2012 Warner Music UK LImited,5:01,3-Sep-12,JKKAYZ (feat. Big Daddy Kane - Future),Zedd,Zodiac,"Singer/Songwriter , Music",$ 1.29,2012 Atlantic Recording Corporation for the United States and WEA International Inc. for the world outside of the United States,5:00,"July 9 , 2012 iltrColSong_Name",0
Toyfriend ( feat . Wynter Gordon ) [ Continuous Mix Version ],David Guetta,One Love ( Deluxe Version ),"Dance , Music",$ 1.29,2010 Gum Prod licence exclusive Parlophone Music France,2:51,21-Aug-09,Hotel Cabana,Naughty Boy,Hotel Cabana,Pop,$ 1.29,Vicious Oompa LE,3:27,"June 7 , 2014 aciously",0
In God 's Hands ( feat . Keith Urban ),Nelly Furtado & Keith Urban,The Best of Nelly Furtado ( Deluxe Version ),"Pop , Music , Rock , Vocal , Adult Alternative , Singer/Songwriter , Contemporary Singer/Songwriter",$ 0.99,  2010 Geffen Records,4:34,16-Nov-10,In my Heart (feat. Paul V. ),Justin Bieber,The Best of Nelly Furtado ( Deluxe Version ),"Pop , Music , Rock , Vocal , Adult Alternative , Singer/Songwriter",$ 0.99,2016 It's That Good,3:33,"March 27, 2017 1",0
Toyfriend ( feat . Wynter Gordon ) [ Continuous Mix Version ],David Guetta,One Love ( Deluxe Version ),"Dance , Music",$ 1.29,2010 Gum Prod licence exclusive Parlophone Music France,2:51,21-Aug-09,Another Time With Us (feat. Wynter Gordon ),Another Time WITH US,Dance with Us - Single ( Jason Aldean Tribute ) [ Continuous Mix Version ],"Dance , Music",$ 1.29,2010 Gum Prod licence exclusive Parlophone Music France,3:53,4-Oct-14 ,0
In God 's Hands ( feat . Keith Urban ),Nelly Furtado & Keith Urban,The Best of Nelly Furtado ( Deluxe Version ),"Pop , Music , Rock , Vocal , Adult Alternative , Singer/Songwriter , Contemporary Singer/Songwriter",$ 0.99,  2010 Geffen Records,4:34,16-Nov-10,In God 's Hands ( remix ),Zedd,ZDARDEX,"Pop , Music",$ 0.99,(( F .S.).N.L ) 2015 ini5r,3:38,23-Jul-2015 X,0
I 'm a Machine ( feat . Crystal Nicole and Tyrese Gibson ),David Guetta,Nothing But the Beat,"Dance , Music , Rock , House , Electronic",$ 1.29,"2011 What A Music Ltd , Licence exclusive Parlophone Music France",3:34,26-Aug-11,"June, 2011",The Great Dan,In your life ( Live ),"Pop , Electronic",$ 0.99,"2011 WHAT A MUSIC LTD , Licence exclusive Parlophone Music France",3:34,31-Oct-11 ibrary,0
Who 's That Chick ? ( feat . Rihanna ) [ Single Version ],David Guetta & Rihanna,Who 's That Chick ( feat . Rihanna ) - EP,"House , Music , Dance , Rock , Electronic",$ 0.99,2010 Gum Prod licence exclusive Parlophone Music France,2:45,3-Dec-10,Who 's That Chick ( Live ix ) [ Single Version ],Ryan Adams,What 's That Chick 's About,"House , Music , Dance , Rock , Electronic",$ 0.99,2012 PAXAM RECORDS,9:55,12-Feb-10 SIGHAR SING (feat. Lacey),0
Who 's That Chick ? ( feat . Rihanna ) [ Single Version ],David Guetta & Rihanna,Who 's That Chick ( feat . Rihanna ) - EP,"House , Music , Dance , Rock , Electronic",$ 0.99,2010 Gum Prod licence exclusive Parlophone Music France,2:45,3-Dec-10,Who 's That Chick ?,David Guetta & Rihanna,Who 's That Chick ( feat . Rihanna ) - EP,"Dance , Electronic , Dubstep",$ 0.99,( c ) 2011 Gum PROd licence exclusive SONKINSON SOUL UK,5:53,"December 21 , 2007 ",0
Lifted ( feat . Emeli Sand '  & Professor Green ),Naughty Boy,Hotel Cabana ( Deluxe Version ),"Pop , Music , Rock , R&B / Soul , Contemporary R&B , Dance,Electronic,Hip-Hop / Rap , Pop/Rock",$ 1.29,2013 Naughty Boy Recordings Ltd under exclusive licence to Virgin Records Ltd,4:15,6-May-14,The Man Where Your Love Is ( Pt1 ),Lord (feat . Paul Martin ),This Must Happen ( Pt3 ),"Hip-Hop , EDM, R&B , Dance,Electronic",$ 1.29,2014 On Your Mind,9:25,4-Oct-15,0
Toyfriend ( feat . Wynter Gordon ) [ Continuous Mix Version ],David Guetta,One Love ( Deluxe Version ),"Dance , Music",$ 1.29,2010 Gum Prod licence exclusive Parlophone Music France,2:51,21-Aug-09,Jukebox,Taylor Swift,R&R ( Rock ),"Rap, East Coast Rap, West Coast Rap",$ 0.99,2006 Atlantic Recording Corp [ Deluxe Collection ],5:30,11-Mar-11 idem0,0
Obsession ( feat . JD Davis & Miss B ),David Guetta,Pop Life ( Extended Version ) [ Bonus Version ],"Dance , Music , Rock , Pop , House , Electronic , Electronica , Adult Alternative",Album Only,  2007 Gum Records,3:06,18-Sep-07,Make Me Proud [feat . Drake & Taylor Swift ],Joni Mitchell,Pop Life ( Extended Version ) [ Bonus Version ],Dance & Trance,Album Only,  2011 Gramawolf,2:48,17-Jan-29 ,0
Who 's That Chick ? ( feat . Rihanna ) [ Single Version ],David Guetta & Rihanna,Who 's That Chick ( feat . Rihanna ) - EP,"House , Music , Dance , Rock , Electronic",$ 0.99,2010 Gum Prod licence exclusive Parlophone Music France,2:45,3-Dec-10,My Heart Beats [ EP ],David Guetta,Who 's That Chick ( feat. Rihanna ),"House , Music , Dance , Rock , Electronic",$ 0.99,2011 Atlantic Recording Corporation for Australia AND THE USA,2:56,24-Sep-11 ibl,0
Toyfriend ( feat . Wynter Gordon ) [ Continuous Mix Version ],David Guetta,One Love ( Deluxe Version ),"Dance , Music",$ 1.29,2010 Gum Prod licence exclusive Parlophone Music France,2:51,21-Aug-09,I Just Look Into Me ( Remix ),David Guetta,Notorious BIG Intro TOOLED,Dance,$ 1.29,2013 Howard Hersh,3:02,31-Sep-07 vl \col Spritecol Colour/Colour,0
In God 's Hands ( feat . Keith Urban ),Nelly Furtado & Keith Urban,The Best of Nelly Furtado ( Deluxe Version ),"Pop , Music , Rock , Vocal , Adult Alternative , Singer/Songwriter , Contemporary Singer/Songwriter",$ 0.99,  2010 Geffen Records,4:34,16-Nov-10,In God 's Hands ( feat . Keith Urban),Nelly Furtado and Keith Urban,The Best of Nelly Furtado ( Deluxe Version ),"Pop , Music , Rock , Vocal , Adolescent, Trance, Singer/Songwriter",$ 0.99,( B ) 2010 Geffen Records,6:35,"Jun 24 , 2014  0",0
Toyfriend ( feat . Wynter Gordon ) [ Continuous Mix Version ],David Guetta,One Love ( Deluxe Version ),"Dance , Music",$ 1.29,2010 Gum Prod licence exclusive Parlophone Music France,2:51,21-Aug-09,Gettin ' Over ( Feat . Chris Willis ; Continuous Mix Version ),David Guetta,One Love ( Deluxe Version ),Dance & Electronic,$ 1.29,( C ) 2014 Swedish House Mafia Holdings Ltd ( BVI ) under exclusive license to Virgin Records Ltd,3:31,"August 21 , 2009 aciouslycol Song_Name",0
In God 's Hands ( feat . Keith Urban ),Nelly Furtado & Keith Urban,The Best of Nelly Furtado ( Deluxe Version ),"Pop , Music , Rock , Vocal , Adult Alternative , Singer/Songwriter , Contemporary Singer/Songwriter",$ 0.99,  2010 Geffen Records,4:34,16-Nov-10,Moving Day ( Album ),X Ambassadors,VHS [ Clean ],Alternative Rock,$ 0.99,( J ) 2014 KidinaKORNER/Interscope Records,4:34,23-Sep-15                           ,0
Who 's That Chick ? ( feat . Rihanna ) [ Single Version ],David Guetta & Rihanna,Who 's That Chick ( feat . Rihanna ) - EP,"House , Music , Dance , Rock , Electronic",$ 0.99,2010 Gum Prod licence exclusive Parlophone Music France,2:45,3-Dec-10,Travolta,Ugly Boy,The World Long (feat. Rihanna ),"Country, Music , Jazz",$ 0.99,2013 Gum Prod licence exclusive Parlophone Music France,3:44,5-Nov-10 izzy0,0
Who 's That Chick ? ( feat . Rihanna ) [ Single Version ],David Guetta & Rihanna,Who 's That Chick ( feat . Rihanna ) - EP,"House , Music , Dance , Rock , Electronic",$ 0.99,2010 Gum Prod licence exclusive Parlophone Music France,2:45,3-Dec-10,I Believe IN You ( M.I.A. Remix ),M.O.L.D,How To Do A Simple Song - EP,"House , Music , Dance , Rock , Electronic",$ 0.99,2013 PAD Records,1:33,13-Feb-15  ( FASTED PAD ),0
Lifted ( feat . Emeli Sand '  & Professor Green ),Naughty Boy,Hotel Cabana ( Deluxe Version ),"Pop , Music , Rock , R&B / Soul , Contemporary R&B , Dance,Electronic,Hip-Hop / Rap , Pop/Rock",$ 1.29,2013 Naughty Boy Recordings Ltd under exclusive licence to Virgin Records Ltd,4:15,6-May-14,Lady [ feat . Emeli Sand & Professor Green ),Naughty Boy,Lady Daeol ( Deluxe version ),Pop,$ 1.49,2015 Naughty Boy Recordings Ltd under exclusive licence to Virgin Records Ltd,1:14,"May 6, 2014 ",0
In God 's Hands ( feat . Keith Urban ),Nelly Furtado & Keith Urban,The Best of Nelly Furtado ( Deluxe Version ),"Pop , Music , Rock , Vocal , Adult Alternative , Singer/Songwriter , Contemporary Singer/Songwriter",$ 0.99,  2010 Geffen Records,4:34,16-Nov-10,Nettie Nettie,Nelly Furtado & Keith Urban,In God 's Hands (feat . Keith Urban ),Young EDM / R&B,$ 3.00,???? 2002 Geffen Records,1:34,"4-Aug-13 1  SEVEN VOLUME 8  1.00    (feat. Yolaine Yolaine) (feat. The Kooks & Tanya) (feat. Wankol, The Skinnies & P.L.C.D) (feat. Yolaine Yolaine)",0
Toyfriend ( feat . Wynter Gordon ) [ Continuous Mix Version ],David Guetta,One Love ( Deluxe Version ),"Dance , Music",$ 1.29,2010 Gum Prod licence exclusive Parlophone Music France,2:51,21-Aug-09,No Love [ Fixed Mix Mix ],A Time ( EPIC ),No Love - Extended [ Fixed Mix Mix Mix ],Country,$ 0.99,2013 Gum Prod licence exclusive Parlophone Music France,4:37,24-Nov-17 qqa,0
Toyfriend ( feat . Wynter Gordon ) [ Continuous Mix Version ],David Guetta,One Love ( Deluxe Version ),"Dance , Music",$ 1.29,2010 Gum Prod licence exclusive Parlophone Music France,2:51,21-Aug-09,The Best of EDM,KJL,VHS,Folk,$ 1.29,2015 ECHOI,3:41,6-Mar-11  ,0
Who 's That Chick ? ( feat . Rihanna ) [ Single Version ],David Guetta & Rihanna,Who 's That Chick ( feat . Rihanna ) - EP,"House , Music , Dance , Rock , Electronic",$ 0.99,2010 Gum Prod licence exclusive Parlophone Music France,2:45,3-Dec-10,Nothing To Lose ( feat . J-Cole ),D.O.A.P. @ DJ SAGL,O.N.I.F.C. [ Clean ],Hip-Hop,$ 1.29,2016 Universal Music America,4:38,12-Dec-18  Col Song_Name,0
The A Team ( Live ),Ed Sheeran,iTunes Festival : London 2012 - EP,"Singer/Songwriter , Music",$ 1.99,2012 Warner Music UK LImited,5:01,3-Sep-12,Live The A Team.,Justin Bieber,iTunes Festival : London 2012 - EP,"Singer/Songwriter , Music",$ 1.99,2012 Warner Music UK LImited,5:17,"January 31, 2013    Col Song_Name",0
I 'm a Machine ( feat . Crystal Nicole and Tyrese Gibson ),David Guetta,Nothing But the Beat,"Dance , Music , Rock , House , Electronic",$ 1.29,"2011 What A Music Ltd , Licence exclusive Parlophone Music France",3:34,26-Aug-11,Scary Monsters And Nice Sprites,Skrillex,Scary Monsters And Nice Sprites EP [ Explicit ],"Electronica , Dance & Electronic , Dubstep",$ 1.29,2012 The Blacklist / Scanshaft,2:16,June 12 . GENERATIONS,0
Lifted ( feat . Emeli Sand '  & Professor Green ),Naughty Boy,Hotel Cabana ( Deluxe Version ),"Pop , Music , Rock , R&B / Soul , Contemporary R&B , Dance,Electronic,Hip-Hop / Rap , Pop/Rock",$ 1.29,2013 Naughty Boy Recordings Ltd under exclusive licence to Virgin Records Ltd,4:15,6-May-14,Lola ( & Prof. Green ),David Guetta,Naughty Boy,"Pop , Music , Rock , R&B EDM, Rap , Contemporary R&B , Dance,Electronic,Hip-Hop / R&B EDM, Pop",$ 1.29,2006 Naughty Boy Recordings Ltd under exclusive licence to Virgin Records Ltd ( Free ),3:49,19-Aug-13 ____________________________,0
Toyfriend ( feat . Wynter Gordon ) [ Continuous Mix Version ],David Guetta,One Love ( Deluxe Version ),"Dance , Music",$ 1.29,2010 Gum Prod licence exclusive Parlophone Music France,2:51,21-Aug-09,ToyFriend ( feat . Wynter Gordon ),David Guetta,One Love ( Deluxe Version ),"Dance , Music",$ 1.29,2013 Niveta,4:58,"December 21 , 2010 turlv/3b\",0
In God 's Hands ( feat . Keith Urban ),Nelly Furtado & Keith Urban,The Best of Nelly Furtado ( Deluxe Version ),"Pop , Music , Rock , Vocal , Adult Alternative , Singer/Songwriter , Contemporary Singer/Songwriter",$ 0.99,  2010 Geffen Records,4:34,16-Nov-10,Gettin' Over ( Feat . Chris Willis ; Continuous Mix Version ),David Guetta,One Love ( Deluxe Version ),Dance & Electronic,$ 1.99,( D ) 2005 Norwegian JG Entertainment,2:26,"October 31 , 2009 a ( Ft/J. L. S. )",0
I 'm a Machine ( feat . Crystal Nicole and Tyrese Gibson ),David Guetta,Nothing But the Beat,"Dance , Music , Rock , House , Electronic",$ 1.29,"2011 What A Music Ltd , Licence exclusive Parlophone Music France",3:34,26-Aug-11,We Are This EP,Michael Jackson,There Will Be Time,"Dance, Electronic (with DJ Spence)",$ 1.29,"2014 RCA, Warner Bros.",3:17,"January 20, 2007 Col Song_Name",0
In God 's Hands ( feat . Keith Urban ),Nelly Furtado & Keith Urban,The Best of Nelly Furtado ( Deluxe Version ),"Pop , Music , Rock , Vocal , Adult Alternative , Singer/Songwriter , Contemporary Singer/Songwriter",$ 0.99,  2010 Geffen Records,4:34,16-Nov-10,In God's Hands ( feat. Oasis),James O'Toole,The Best of L'Oreal,"Pop , Music , Rock , Vocal , Adult Alternative , Pop",$ 0.99,  2010 Geffen Records,11:48,27-Feb-09 ilitcol Song_Name,0
In God 's Hands ( feat . Keith Urban ),Nelly Furtado & Keith Urban,The Best of Nelly Furtado ( Deluxe Version ),"Pop , Music , Rock , Vocal , Adult Alternative , Singer/Songwriter , Contemporary Singer/Songwriter",$ 0.99,  2010 Geffen Records,4:34,16-Nov-10,( with Joni Mitchell ..........................),Josh Kallstrom,"In God's Hands (feat. Pharrell , Lyrics, lyrics), Scary Monsters & Nice Sprites 2.1  CAPE & SPOKE VOLUME II","Dance AND Erotica , Pop , Indie Rock , R&B , R&R , Rock",$ 10.00,2011 RCA Music Publishing,6:41,16-Jan-29 lilymock,0
Toyfriend ( feat . Wynter Gordon ) [ Continuous Mix Version ],David Guetta,One Love ( Deluxe Version ),"Dance , Music",$ 1.29,2010 Gum Prod licence exclusive Parlophone Music France,2:51,21-Aug-09,A Day ( Live ),Eric Church,The First Step ( Original Mix ),Contemporary,$ 1.29,2010 Gum Prod licence exclusive Parlophone Music France,3:47,29-Oct-09 alusCAPI Song_Name,0
Lifted ( feat . Emeli Sand '  & Professor Green ),Naughty Boy,Hotel Cabana ( Deluxe Version ),"Pop , Music , Rock , R&B / Soul , Contemporary R&B , Dance,Electronic,Hip-Hop / Rap , Pop/Rock",$ 1.29,2013 Naughty Boy Recordings Ltd under exclusive licence to Virgin Records Ltd,4:15,6-May-14,One Love ( Deluxe Version ),Naughty Boy,One Love ( Deluxe Version ),"Pop , Music",$ 1.29,( B ) 2013 Swedish House Mafia Holdings Ltd ( BVI ) under exclusive license to Virgin Records Ltd,3:30,"December 6 , 2008 1",0
Obsession ( feat . JD Davis & Miss B ),David Guetta,Pop Life ( Extended Version ) [ Bonus Version ],"Dance , Music , Rock , Pop , House , Electronic , Electronica , Adult Alternative",Album Only,  2007 Gum Records,3:06,18-Sep-07,Songs with a Name,JarrydEEI,Interlude,"Dance , Music , Rock , Dance , House , Electronic , Electronica , Adult Alternative",Artist Only, 2017 KIDinaKORNER/Interscope Records,12:38,3-Sep-15 ,0
Obsession ( feat . JD Davis & Miss B ),David Guetta,Pop Life ( Extended Version ) [ Bonus Version ],"Dance , Music , Rock , Pop , House , Electronic , Electronica , Adult Alternative",Album Only,  2007 Gum Records,3:06,18-Sep-07,Stoned Out MUSIC,Rascal Flatts,The Great Smalls,Rap & Hardcore,$ 10.99,( M ) 2011 R&B Recording Company for the United States,4:12,5-Sep-07 ydia2,0
Toyfriend ( feat . Wynter Gordon ) [ Continuous Mix Version ],David Guetta,One Love ( Deluxe Version ),"Dance , Music",$ 1.29,2010 Gum Prod licence exclusive Parlophone Music France,2:51,21-Aug-09,Good,David Guetta,U2,"Rap, Rock/Rac",$ 0.00,2012 Waverly,3:47,28-Jan-16 ,0
Obsession ( feat . JD Davis & Miss B ),David Guetta,Pop Life ( Extended Version ) [ Bonus Version ],"Dance , Music , Rock , Pop , House , Electronic , Electronica , Adult Alternative",Album Only,  2007 Gum Records,3:06,18-Sep-07,Col Song_Name,JASON GRASS & AVEY GAZETTE,"Mix , Dance , Music","Dance , Pop",CDOnly,8:30 COMMENTS #5,3:22  Col Song_Name,1-Oct-14 ibrCol song_name,0
In God 's Hands ( feat . Keith Urban ),Nelly Furtado & Keith Urban,The Best of Nelly Furtado ( Deluxe Version ),"Pop , Music , Rock , Vocal , Adult Alternative , Singer/Songwriter , Contemporary Singer/Songwriter",$ 0.99,  2010 Geffen Records,4:34,16-Nov-10,I 'm Good,Wiz Khalifa,Jet Set 'N Go (feat. Keith Urban & R. Kelly ),"Pop , Music , Rock , Vocal , Adult Subgenre",$ 1.29,2015 Tapes,4:24,18-Jun-11 ,0
Toyfriend ( feat . Wynter Gordon ) [ Continuous Mix Version ],David Guetta,One Love ( Deluxe Version ),"Dance , Music",$ 1.29,2010 Gum Prod licence exclusive Parlophone Music France,2:51,21-Aug-09,Music for a Little Girl [ Mix ],X Ambassadors,VHS,"Hiphop , Rock , Adult Alternative",$ 1.29,2018 KEITH H,1:40,30-Jun-15 erennCol Song_Name,0
The A Team ( Live ),Ed Sheeran,iTunes Festival : London 2012 - EP,"Singer/Songwriter , Music",$ 1.99,2012 Warner Music UK LImited,5:01,3-Sep-12,Take Care ( feat. Wiz Khalifa ),Drake,Take Care ( Deluxe Edition ),R&B,$ 1.29,2013 Warner Music UK LImited,10:57,12-Jul-20 bryce,0
Lifted ( feat . Emeli Sand '  & Professor Green ),Naughty Boy,Hotel Cabana ( Deluxe Version ),"Pop , Music , Rock , R&B / Soul , Contemporary R&B , Dance,Electronic,Hip-Hop / Rap , Pop/Rock",$ 1.29,2013 Naughty Boy Recordings Ltd under exclusive licence to Virgin Records Ltd,4:15,6-May-14,I Like It (feat . Nicki Minaj ),Eric Church,Caught In The Act : Live,"Pop , Music , Rock",$ 1.29,( C ) 2013 EMI Records Nashville,5:15,9+ Jun 2017 erenncol0,0
Lifted ( feat . Emeli Sand '  & Professor Green ),Naughty Boy,Hotel Cabana ( Deluxe Version ),"Pop , Music , Rock , R&B / Soul , Contemporary R&B , Dance,Electronic,Hip-Hop / Rap , Pop/Rock",$ 1.29,2013 Naughty Boy Recordings Ltd under exclusive licence to Virgin Records Ltd,4:15,6-May-14,The Kid,Naughty Boy,R&G ( Hip-Hop ) : The Masterpiece ( Explicit Version ),"Violent , Music Ghetto, Rap & Soul",$ 0.99,( C ) 2009 Eroica,1:21,"February 18 , 2009 erenncol Song_Name",0
I 'm a Machine ( feat . Crystal Nicole and Tyrese Gibson ),David Guetta,Nothing But the Beat,"Dance , Music , Rock , House , Electronic",$ 1.29,"2011 What A Music Ltd , Licence exclusive Parlophone Music France",3:34,26-Aug-11,Vocal,David Guetta,Col Song_Name,"Dance , Dance & Electronic , Dubstep",$ 1.29,2012 JBL-WELCO CUTSTICK COORDINATOR CUTSTICKCOORDINATOR,2:54,28-Aug-10 tdf,0
Obsession ( feat . JD Davis & Miss B ),David Guetta,Pop Life ( Extended Version ) [ Bonus Version ],"Dance , Music , Rock , Pop , House , Electronic , Electronica , Adult Alternative",Album Only,  2007 Gum Records,3:06,18-Sep-07,Pop Life ( Extended Version ) [ Album Only ],Skrillex & Diplo,Take  There ( feat. Diplo ) [ remixes ],Dance & Electronic,Album Only,  2017 Grouplove,2:33,16-Oct-2009 oguncol Song_Name,0
I 'm a Machine ( feat . Crystal Nicole and Tyrese Gibson ),David Guetta,Nothing But the Beat,"Dance , Music , Rock , House , Electronic",$ 1.29,"2011 What A Music Ltd , Licence exclusive Parlophone Music France",3:34,26-Aug-11,I Love You & I Am Love ( feat. David Guetta ),X Ambassadors,VHS [ Clean ],Alternative EDM,$ 1.29,( n ) 2015 KIDinaKORNER/Interscope Records,1:11,"November 15 , 2015 rilscol Song_Name",0
Toyfriend ( feat . Wynter Gordon ) [ Continuous Mix Version ],David Guetta,One Love ( Deluxe Version ),"Dance , Music",$ 1.29,2010 Gum Prod licence exclusive Parlophone Music France,2:51,21-Aug-09,My Brother's Wedding and Christmas,Naughty Boy,One Love ( Deluxe Version ),Pop,$ 1.29,( F ) 2013 Gum Prod licence exclusive Parlophone Music France [ Explicit ],2:14,31-Sep-09 ibly,0
Toyfriend ( feat . Wynter Gordon ) [ Continuous Mix Version ],David Guetta,One Love ( Deluxe Version ),"Dance , Music",$ 1.29,2010 Gum Prod licence exclusive Parlophone Music France,2:51,21-Aug-09,In My Head ( feat . Nervo ),David Guetta,Nothing But the Beat 1.9 [ Selections (Live Version)],"Dance, Music",$ 0.99,2010 Gum Prod licence exclusive Parlophone Music France,3:53,17-Aug-08 igorCol Song_Name,0
I 'm a Machine ( feat . Crystal Nicole and Tyrese Gibson ),David Guetta,Nothing But the Beat,"Dance , Music , Rock , House , Electronic",$ 1.29,"2011 What A Music Ltd , Licence exclusive Parlophone Music France",3:34,26-Aug-11,Pledge Allegiance To The Hag ( Free ),Eeyore,Caught In The Act * Unknown,"Country , Music , Contemporary",$ 1.29,2017 EMI Records Nashville,6:34,March 17 @ 2013 aciously0  Col Song_Name,0
Toyfriend ( feat . Wynter Gordon ) [ Continuous Mix Version ],David Guetta,One Love ( Deluxe Version ),"Dance , Music",$ 1.29,2010 Gum Prod licence exclusive Parlophone Music France,2:51,21-Aug-09,Nothing But the Beat,David Guetta,None And You (Deluxe Version),"Dance , Dance , Music",$ 0.99,2013 Vinyl Classics,3:25,19-Aug-10 n,0
Obsession ( feat . JD Davis & Miss B ),David Guetta,Pop Life ( Extended Version ) [ Bonus Version ],"Dance , Music , Rock , Pop , House , Electronic , Electronica , Adult Alternative",Album Only,  2007 Gum Records,3:06,18-Sep-07,I 'm Good [ Explicit ],Wiz Khalifa,BULLDOG,"Pop , Hip-Hop , Electronic , Electronica , Adult Alternative",$ 0.99, 2007 Gum Records,3:04,18-Sep-08 *ibrcol0 Col Song_,0
I 'm a Machine ( feat . Crystal Nicole and Tyrese Gibson ),David Guetta,Nothing But the Beat,"Dance , Music , Rock , House , Electronic",$ 1.29,"2011 What A Music Ltd , Licence exclusive Parlophone Music France",3:34,26-Aug-11,Hello I'll Love You (feat. T.R.I.S.E. Tobacco House)|,David Guetta,Listen ( Deluxe ),"Dance , Music , Rock",$ 1.29,2010 The Long Live King,4:30,17-Dec-11 ,0
I 'm a Machine ( feat . Crystal Nicole and Tyrese Gibson ),David Guetta,Nothing But the Beat,"Dance , Music , Rock , House , Electronic",$ 1.29,"2011 What A Music Ltd , Licence exclusive Parlophone Music France",3:34,26-Aug-11,The End,Wiz Khalifa,Nothing BUT THE Beat,Dance,$ 1.29,"2011 What A Music Ltd , Licence exclusive Parlophone Music France",4:02,"April 12 , 2010 ",0
Who 's That Chick ? ( feat . Rihanna ) [ Single Version ],David Guetta & Rihanna,Who 's That Chick ( feat . Rihanna ) - EP,"House , Music , Dance , Rock , Electronic",$ 0.99,2010 Gum Prod licence exclusive Parlophone Music France,2:45,3-Dec-10,Kill Everybody,David Guetta,Scary Monsters And Nice Sprites EP [ Explicit ],"House , Music , Trance",$ 0.14,2010 Polygon & Digital Limited,5:11,11-Aug-10 aciously2,0
In God 's Hands ( feat . Keith Urban ),Nelly Furtado & Keith Urban,The Best of Nelly Furtado ( Deluxe Version ),"Pop , Music , Rock , Vocal , Adult Alternative , Singer/Songwriter , Contemporary Singer/Songwriter",$ 0.99,  2010 Geffen Records,4:34,16-Nov-10,In Love ( feat. James Blake ),Nelly Furtado / Keith Urban,The Fiasco ( 2nd LP ),"Experimental , Indie , House, Rock, Thrash",$ 0.99,   2015 Myspace,7:22,"December 26 , 2014 liberationbrown",0
In God 's Hands ( feat . Keith Urban ),Nelly Furtado & Keith Urban,The Best of Nelly Furtado ( Deluxe Version ),"Pop , Music , Rock , Vocal , Adult Alternative , Singer/Songwriter , Contemporary Singer/Songwriter",$ 0.99,  2010 Geffen Records,4:34,16-Nov-10,"For The Love Of Love, The Loves Of Love (feat. KAT)",Wiz Khalifa,O.N.I.F.C. [ Explicit ],"Pop , Music , Pop, Punk",$ 0.99,2011 Geffen Records,4:34,20-Dec-14 iltr,0
Lifted ( feat . Emeli Sand '  & Professor Green ),Naughty Boy,Hotel Cabana ( Deluxe Version ),"Pop , Music , Rock , R&B / Soul , Contemporary R&B , Dance,Electronic,Hip-Hop / Rap , Pop/Rock",$ 1.29,2013 Naughty Boy Recordings Ltd under exclusive licence to Virgin Records Ltd,4:15,6-May-14,No More Life ( feat . George the Poet ),Naughty Boy,Hotel Cabana ( Deluxe Version ),"Pop , Music , Rock , R&B / Soul , Contemporary R&B , Dance,Electronic,Hip-Hop , Pop",$ 1.29,2015 Naughty Boy Recordings Ltd under exclusive licence to,3:25,12-May-14 ,0
Toyfriend ( feat . Wynter Gordon ) [ Continuous Mix Version ],David Guetta,One Love ( Deluxe Version ),"Dance , Music",$ 1.29,2010 Gum Prod licence exclusive Parlophone Music France,2:51,21-Aug-09,My Love,David Guetta,One Love ( Deluxe Version ),"Dance , Electronic",$ 1.29,2017 Jardined Music Entertainment,11:06,20-Apr-18 erenncol Song_Name Val Arctura,0
Toyfriend ( feat . Wynter Gordon ) [ Continuous Mix Version ],David Guetta,One Love ( Deluxe Version ),"Dance , Music",$ 1.29,2010 Gum Prod licence exclusive Parlophone Music France,2:51,21-Aug-09,David Guetta,William Chavil,One Love ( Deluxe Version ),Rap & Hip-Hop,$ 0.99,"( C ) ""FUCK YOU"" [ Edit ]",3:37,14-Nov-15 c,0
I 'm a Machine ( feat . Crystal Nicole and Tyrese Gibson ),David Guetta,Nothing But the Beat,"Dance , Music , Rock , House , Electronic",$ 1.29,"2011 What A Music Ltd , Licence exclusive Parlophone Music France",3:34,26-Aug-11,Lil Wayne,Wiz Khalifa,Nothing BUT THE Beat,Hip-Hop/Rap,$ 11.99,2009 Atlantic Recording Corporation for the United States and WEA International Inc. for the world outside of the United States,6:38,"May 24 , 2013 ilyry0",0
Toyfriend ( feat . Wynter Gordon ) [ Continuous Mix Version ],David Guetta,One Love ( Deluxe Version ),"Dance , Music",$ 1.29,2010 Gum Prod licence exclusive Parlophone Music France,2:51,21-Aug-09,"Prince ( Wiz Khalifa , Wiz Khalifa & Wiz Khalifa ) [ Rework & Reversion ]",Wiz Khalifa,One Love ( Deluxe Version ),Dance PARTY,$ 1.29,( C ) 2010 Gum Prod licence exclusive Parlophone Music France,2:01,"May 19 , 2010 ydiacol1",0
The A Team ( Live ),Ed Sheeran,iTunes Festival : London 2012 - EP,"Singer/Songwriter , Music",$ 1.99,2012 Warner Music UK LImited,5:01,3-Sep-12,A Moment ( Live ),Naughty Boy,iTunes Festival : London 2012 - OCT,"Singer/Songwriter , Music",$ 1.99,( B ) 2012 Warner Music UK LImited,5:00,"March 29 , 2012 iltr0",0
Who 's That Chick ? ( feat . Rihanna ) [ Single Version ],David Guetta & Rihanna,Who 's That Chick ( feat . Rihanna ) - EP,"House , Music , Dance , Rock , Electronic",$ 0.99,2010 Gum Prod licence exclusive Parlophone Music France,2:45,3-Dec-10,Take  There ( f ) [ Kiesza ),Diplo & Rihanna,Take  There ( f ) [ Remixes ],Dance & Electronic,$ 0.99,2013 The Music Factory,25:49,12-Mar-10 -  CURTURAL,0
In God 's Hands ( feat . Keith Urban ),Nelly Furtado & Keith Urban,The Best of Nelly Furtado ( Deluxe Version ),"Pop , Music , Rock , Vocal , Adult Alternative , Singer/Songwriter , Contemporary Singer/Songwriter",$ 0.99,  2010 Geffen Records,4:34,16-Nov-10,KK (feat. DJ Snake) [ Explicit ],Wiz Khalifa,Blacc Hollywood ( Deluxe ) [ Explicit ],"Pop , Music , Rock",$ 1.99,_______________ 2010 Geffen Records,4:38,"August 19 , 2014 0",0
Toyfriend ( feat . Wynter Gordon ) [ Continuous Mix Version ],David Guetta,One Love ( Deluxe Version ),"Dance , Music",$ 1.29,2010 Gum Prod licence exclusive Parlophone Music France,2:51,21-Aug-09,The Bats,Wiz Khalifa,O.N.I.F.C. ( Deluxe Version ),"Hip-Hop/Rap , Music , Hardcore Rap , East Coast Rap , Rap",,2011 New York Audio Media Corp.,3:46,20-Feb-23 ,0
Lifted ( feat . Emeli Sand '  & Professor Green ),Naughty Boy,Hotel Cabana ( Deluxe Version ),"Pop , Music , Rock , R&B / Soul , Contemporary R&B , Dance,Electronic,Hip-Hop / Rap , Pop/Rock",$ 1.29,2013 Naughty Boy Recordings Ltd under exclusive licence to Virgin Records Ltd,4:15,6-May-14,Naughty Boy,Artist_Name r Naughty Boy,Naughty Boy,"Pop , Rock",$ 1.29,2014 Naughty Boy Records Ltd under exclusive licence to Virgin Records Ltd,4:30,6-May-14 r Col Artist_Name,0
Toyfriend ( feat . Wynter Gordon ) [ Continuous Mix Version ],David Guetta,One Love ( Deluxe Version ),"Dance , Music",$ 1.29,2010 Gum Prod licence exclusive Parlophone Music France,2:51,21-Aug-09,Toyfriend ( + - - - - - - - - - - - - - - - - - -,Alex Denton,All in One,"Dance , Hip-Hop",$ 1.29,2012 Atlantic Recording Corporation for the United States and WEA International Inc. for,5:20,21-Aug-09 igor0  Col Song_Name,0
Toyfriend ( feat . Wynter Gordon ) [ Continuous Mix Version ],David Guetta,One Love ( Deluxe Version ),"Dance , Music",$ 1.29,2010 Gum Prod licence exclusive Parlophone Music France,2:51,21-Aug-09,Justin Bieber Col Album_Name,Wiz Khalifa,Blacc Hollywood ( Deluxe ) [ Continuous Mix Version ],"Electro-Geo , Comedy",$ 1.29,2014 Atlantic Recording Corporation for the United States and WEA International Inc. for the world outside of the United States . A Warner Music Group Company,4:03,"July 18 , 2014 iltr4C",0
Toyfriend ( feat . Wynter Gordon ) [ Continuous Mix Version ],David Guetta,One Love ( Deluxe Version ),"Dance , Music",$ 1.29,2010 Gum Prod licence exclusive Parlophone Music France,2:51,21-Aug-09,____________,David Guetta,One Love ( Deluxe Version ),Indiepop,$ 1.29,2010 Gum Prod licence exclusive Parlophone Music France,2:51,26-Jul-19 ibrary,0
Who 's That Chick ? ( feat . Rihanna ) [ Single Version ],David Guetta & Rihanna,Who 's That Chick ( feat . Rihanna ) - EP,"House , Music , Dance , Rock , Electronic",$ 0.99,2010 Gum Prod licence exclusive Parlophone Music France,2:45,3-Dec-10,Who 's That Chick ? (feat . Mariah Carey ) [ Single Version ],Rihanna,Who 's That Chick ?,Dance & Electronic,$ 0.99,2012 Gumprod licence exclusive Parlophone Music France,4:00,8/23/16 LONDON,0
Obsession ( feat . JD Davis & Miss B ),David Guetta,Pop Life ( Extended Version ) [ Bonus Version ],"Dance , Music , Rock , Pop , House , Electronic , Electronica , Adult Alternative",Album Only,  2007 Gum Records,3:06,18-Sep-07,In My Arms (feat. DJ Khaled ),Wiz Khalifa,O.N.I.F.C. [ Explicit ],Hip-Hop & R&B,Album Only, ,3:28,"December 8 , 2012 ibrary",0
Obsession ( feat . JD Davis & Miss B ),David Guetta,Pop Life ( Extended Version ) [ Bonus Version ],"Dance , Music , Rock , Pop , House , Electronic , Electronica , Adult Alternative",Album Only,  2007 Gum Records,3:06,18-Sep-07,Obsession (feat . JD Davis & Miss B ),David Guetta,Oh Me Oh Me and I,"Dance , Music , Rock , Pop , House ,Electronica , Progressive",Album Only,  2013 DINFONE,4:19,29-Sep-02   ,0
Lifted ( feat . Emeli Sand '  & Professor Green ),Naughty Boy,Hotel Cabana ( Deluxe Version ),"Pop , Music , Rock , R&B / Soul , Contemporary R&B , Dance,Electronic,Hip-Hop / Rap , Pop/Rock",$ 1.29,2013 Naughty Boy Recordings Ltd under exclusive licence to Virgin Records Ltd,4:15,6-May-14,I Wish Someone (Vintage Version ),David Guetta,Listen ( Deluxe ),"Pop , Music , Rock , R&B / Soul , Contemporary R&B / Dance,Electronic",$ 1.29,2016 If Moving Your Mine,3:54,23-Nov-13 akeru,0
The A Team ( Live ),Ed Sheeran,iTunes Festival : London 2012 - EP,"Singer/Songwriter , Music",$ 1.99,2012 Warner Music UK LImited,5:01,3-Sep-12,August (Live),David Bowie,Live After Deaf,English ; English ; English,$ 0.29,2006 Digital Arts,7:00,19-Dec-13 outherncoloncoloncoloncoloncoloncoloncololcolon,0
Lifted ( feat . Emeli Sand '  & Professor Green ),Naughty Boy,Hotel Cabana ( Deluxe Version ),"Pop , Music , Rock , R&B / Soul , Contemporary R&B , Dance,Electronic,Hip-Hop / Rap , Pop/Rock",$ 1.29,2013 Naughty Boy Recordings Ltd under exclusive licence to Virgin Records Ltd,4:15,6-May-14,P.C.O ___________________,D.A.N.T.,Em.A.,Hip-Hop / Rap,$ 1.29,VeeDeeE-Fella,4:14,6-May-14 idently,0
Obsession ( feat . JD Davis & Miss B ),David Guetta,Pop Life ( Extended Version ) [ Bonus Version ],"Dance , Music , Rock , Pop , House , Electronic , Electronica , Adult Alternative",Album Only,  2007 Gum Records,3:06,18-Sep-07,Pop Life ( Extended Version ),David Guetta,Pop Life ( Extended Version ),Dance & Electronic,Album Only,( Q ) 2010 Korean Family,16:16,19-Aug-05 ibl,0
Toyfriend ( feat . Wynter Gordon ) [ Continuous Mix Version ],David Guetta,One Love ( Deluxe Version ),"Dance , Music",$ 1.29,2010 Gum Prod licence exclusive Parlophone Music France,2:51,21-Aug-09,ToyFriend ( feat . David Guetta ) [ Continuous Mix Version ],David Guetta,One Love ( Deluxe Version ),"Dance , Music",$ 1.29,1996 Acra Records,2:47,12-Jan-15 ilyoccol songcol Song_Name,0
In God 's Hands ( feat . Keith Urban ),Nelly Furtado & Keith Urban,The Best of Nelly Furtado ( Deluxe Version ),"Pop , Music , Rock , Vocal , Adult Alternative , Singer/Songwriter , Contemporary Singer/Songwriter",$ 0.99,  2010 Geffen Records,4:34,16-Nov-10,In God's Hands ( feat. Keith Urban ),Mike Willes,Eminem ( Deluxe Version ),"Hip Hop , Pop , Contemporary",$ 0.99,2017 CinePhilly,10:20,16-Apr-10 *************************,0
Toyfriend ( feat . Wynter Gordon ) [ Continuous Mix Version ],David Guetta,One Love ( Deluxe Version ),"Dance , Music",$ 1.29,2010 Gum Prod licence exclusive Parlophone Music France,2:51,21-Aug-09,All of We DO Col Artist_Name,Taylor Swift,I Have A Bad Feeling (Extended Mix),Rap,$ 0.99,2011 All-American Radio,13-Oct-30 ibrarycolartists.com,"October 11, 2009 ibrarycolartists.com",0
In God 's Hands ( feat . Keith Urban ),Nelly Furtado & Keith Urban,The Best of Nelly Furtado ( Deluxe Version ),"Pop , Music , Rock , Vocal , Adult Alternative , Singer/Songwriter , Contemporary Singer/Songwriter",$ 0.99,  2010 Geffen Records,4:34,16-Nov-10,The Worst of 2013 ( Deluxe Version ),Niggas,No Label,"EDM , Pop, EDM Col Album_Name",$ 6.99,  2010 Geffen Records,8:04,24-Nov-13 igor0,0
Obsession ( feat . JD Davis & Miss B ),David Guetta,Pop Life ( Extended Version ) [ Bonus Version ],"Dance , Music , Rock , Pop , House , Electronic , Electronica , Adult Alternative",Album Only,  2007 Gum Records,3:06,18-Sep-07,Remember You (,Wiz Khalifa,O.N.I.F.C. [ Explicit ],"Dance , Music , Rock , Pop, House ,electronica , Adult Alternative",Album Only, 2009 Gum Records,3:30,"February 2 , 2009 ILL",0
The A Team ( Live ),Ed Sheeran,iTunes Festival : London 2012 - EP,"Singer/Songwriter , Music",$ 1.99,2012 Warner Music UK LImited,5:01,3-Sep-12,Make Me Proud [feat. Kiesza ],Dillion,Kiesza,Dance & Electronic,$ 1.99,2013 Columbia Music Publishing Ltd,2:41,4-Oct-23 ,0
I 'm a Machine ( feat . Crystal Nicole and Tyrese Gibson ),David Guetta,Nothing But the Beat,"Dance , Music , Rock , House , Electronic",$ 1.29,"2011 What A Music Ltd , Licence exclusive Parlophone Music France",3:34,26-Aug-11,I'M A SINGLE PIRATE ( Song Version ) [ Chris Lee ],Steven Miller,Certified ( Edited Version ),Rap and Hip-Hop,$ 0.99,"( C ) 2014 Island Records , a division of UMG Recordings, Inc.",3:26,23-May-08 iphatecol Song_Name,0
The A Team ( Live ),Ed Sheeran,iTunes Festival : London 2012 - EP,"Singer/Songwriter , Music",$ 1.99,2012 Warner Music UK LImited,5:01,3-Sep-12,The A Team,Ed Sheeran ,iTunes Festival : London 2012 - EP,"Singer/Songwriter , Music",$ 1.99 GENRE,"2011 Atlantic Recording Corporation for the United States, LLC for the UK U.S.",3:20,9-Dec-11 12-Dec-11 col CopyRight,0
Who 's That Chick ? ( feat . Rihanna ) [ Single Version ],David Guetta & Rihanna,Who 's That Chick ( feat . Rihanna ) - EP,"House , Music , Dance , Rock , Electronic",$ 0.99,2010 Gum Prod licence exclusive Parlophone Music France,2:45,3-Dec-10,The Girl I Am - Girl in Love,Rihanna,OLLY,"House , Music , Hip-Hop , Electronic",$ 3.49,2006 Gum Prod licence exclusive Parlophone Music France,4:35,"Dec 27 , 2006 aciously",0
Obsession ( feat . JD Davis & Miss B ),David Guetta,Pop Life ( Extended Version ) [ Bonus Version ],"Dance , Music , Rock , Pop , House , Electronic , Electronica , Adult Alternative",Album Only,  2007 Gum Records,3:06,18-Sep-07,I 'm Good,James Charles,Pop Life ( Extended ) [ Bonus Version ],"College & Jazz, Comedy, Hip-Hop & Indie",Album Only,  2006 J -Wear,3:18,20-Mar-05 ,0
Who 's That Chick ? ( feat . Rihanna ) [ Single Version ],David Guetta & Rihanna,Who 's That Chick ( feat . Rihanna ) - EP,"House , Music , Dance , Rock , Electronic",$ 0.99,2010 Gum Prod licence exclusive Parlophone Music France,2:45,3-Dec-10,Who 's That Chick ? (feat . Rihanna ) [ Single Version ],David Guetta & Rihanna,Who 's That Chick (feat. Rihanna ) - EP,"House, Music, Dance, Rock, Electronic",$ 0.99,2010 Gum Prod licence exclusive Parlophone Music France,5:48,"May 7 , 2011 4",0
Obsession ( feat . JD Davis & Miss B ),David Guetta,Pop Life ( Extended Version ) [ Bonus Version ],"Dance , Music , Rock , Pop , House , Electronic , Electronica , Adult Alternative",Album Only,  2007 Gum Records,3:06,18-Sep-07,Obsession ( feat. JD Davis & Miss B ),David Guetta,Pop Life ( Extended Version ) [ Bonus Version ],"Dance , Music , Rock , Pop , House , Electronic , Adult Alternative",Album Only, 2001 Gum Records,3:09,20-Oct-14  @ $16.95,0
Toyfriend ( feat . Wynter Gordon ) [ Continuous Mix Version ],David Guetta,One Love ( Deluxe Version ),"Dance , Music",$ 1.29,2010 Gum Prod licence exclusive Parlophone Music France,2:51,21-Aug-09,The Day And Time (feat. J-Hope & YG ) [ Single Mix Version ],Wiz Khalifa,The Weeknd,Hip,$ 1.95,2010 Gum Prod licence exclusive Parlophone Music France,5:35,23-Aug-14 ,0
Toyfriend ( feat . Wynter Gordon ) [ Continuous Mix Version ],David Guetta,One Love ( Deluxe Version ),"Dance , Music",$ 1.29,2010 Gum Prod licence exclusive Parlophone Music France,2:51,21-Aug-09,"Vibe Dance, Thriller ( Mix )",David Guetta,One Love ( Deluxe Version ),"Rap , Hip-Hop",$ 0.99,"( C ) 2012 Warner Music Music Europe, LLC",3:39,"February 25 , 2011 ibrary",0
Obsession ( feat . JD Davis & Miss B ),David Guetta,Pop Life ( Extended Version ) [ Bonus Version ],"Dance , Music , Rock , Pop , House , Electronic , Electronica , Adult Alternative",Album Only,  2007 Gum Records,3:06,18-Sep-07,On A Road I (feat . Matt Groening),David Guetta,Pop Life ( Extended Version ) [ Bonus Version ],"Dance , Music",Album Only, 2005 E.B. Gopin,3:15,"November 2 , 2009 0",0
Who 's That Chick ? ( feat . Rihanna ) [ Single Version ],David Guetta & Rihanna,Who 's That Chick ( feat . Rihanna ) - EP,"House , Music , Dance , Rock , Electronic",$ 0.99,2010 Gum Prod licence exclusive Parlophone Music France,2:45,3-Dec-10,Naughty Boy,Dolly,Hotel Cabana ( Deluxe Version ) [ Explicit ],"House , Music , Dance , Rock , Electronic",$ 0.99,2010 Gum Prod licence exclusive Parlophone Music France,2:47,4-May-13 Col Song_Name,0
Toyfriend ( feat . Wynter Gordon ) [ Continuous Mix Version ],David Guetta,One Love ( Deluxe Version ),"Dance , Music",$ 1.29,2010 Gum Prod licence exclusive Parlophone Music France,2:51,21-Aug-09,That GoodCol Artist_Name,Kevin Brown,Mac and Devin Go to High School ( Music from and Inspired by the Movie ),Rap & Hip-Hop,$ 0.99,2013 MadDecent,2:50,"April 27 , 2009",0
Toyfriend ( feat . Wynter Gordon ) [ Continuous Mix Version ],David Guetta,One Love ( Deluxe Version ),"Dance , Music",$ 1.29,2010 Gum Prod licence exclusive Parlophone Music France,2:51,21-Aug-09,The Weeknd (feat. Wiz Khalifa ) [ Random Mix Version ],Wiz Khalifa,Eminem,Dance & Pop . South Asian & West Asian EDmpl,$ 1.99,2006 Warner Bros. Records,5:55,21-Aug-09 ibrarycolonization,0
Toyfriend ( feat . Wynter Gordon ) [ Continuous Mix Version ],David Guetta,One Love ( Deluxe Version ),"Dance , Music",$ 1.29,2010 Gum Prod licence exclusive Parlophone Music France,2:51,21-Aug-09,"One Love , RemixES [ Mix ]",George Bush,"One Love , RemixES","Pop , Music, R&B",$ 1.29,"2014 AVERAGE,",2:25,"June 18 , 2015 _.",0
I 'm a Machine ( feat . Crystal Nicole and Tyrese Gibson ),David Guetta,Nothing But the Beat,"Dance , Music , Rock , House , Electronic",$ 1.29,"2011 What A Music Ltd , Licence exclusive Parlophone Music France",3:34,26-Aug-11,Nothing Yet (Original Song),Timmy Brown,Nothing BUT THE HONOR,"Dance , Music , Dance",$ 1.29,2011 Avant-Garde,2:50,21-Sep-14 akeru,0
Who 's That Chick ? ( feat . Rihanna ) [ Single Version ],David Guetta & Rihanna,Who 's That Chick ( feat . Rihanna ) - EP,"House , Music , Dance , Rock , Electronic",$ 0.99,2010 Gum Prod licence exclusive Parlophone Music France,2:45,3-Dec-10,The Artist Is It ( Artist Version) [ Album Version ( CD Version ) ],B.L. Brown,B.L. Brown,Hip-Hop,$ 0.99,2011 Atlantic Recording Corporation for the United States and WEA International inc,4:12,12-Dec-11 ELL Song_Name,0
Toyfriend ( feat . Wynter Gordon ) [ Continuous Mix Version ],David Guetta,One Love ( Deluxe Version ),"Dance , Music",$ 1.29,2010 Gum Prod licence exclusive Parlophone Music France,2:51,21-Aug-09,I Don't Know I Love You [ Epilogue ],JBHILT,R.I.P.,Pop GENRE BECCA VEANNE DINING,$ 1.29,( A ) 2014 Naughty Boy Recordings Ltd under exclusive licence to Virgin Records Ltd,1:28,"26th August, 2009 0",0
Toyfriend ( feat . Wynter Gordon ) [ Continuous Mix Version ],David Guetta,One Love ( Deluxe Version ),"Dance , Music",$ 1.29,2010 Gum Prod licence exclusive Parlophone Music France,2:51,21-Aug-09,( Ctr ),Skrillex,( RUBBORN ),"Dance, Music",$,2014 G4U,12:08,1-Jan-29 Col Song_Name,0
Who 's That Chick ? ( feat . Rihanna ) [ Single Version ],David Guetta & Rihanna,Who 's That Chick ( feat . Rihanna ) - EP,"House , Music , Dance , Rock , Electronic",$ 0.99,2010 Gum Prod licence exclusive Parlophone Music France,2:45,3-Dec-10,I'm The Big One,David Guetta,Listen ( Deluxe ),Dance AND Electronic,$ 2.50,2014 DooL Music,2:03,3-Dec-11 ___________________________,0
Obsession ( feat . JD Davis & Miss B ),David Guetta,Pop Life ( Extended Version ) [ Bonus Version ],"Dance , Music , Rock , Pop , House , Electronic , Electronica , Adult Alternative",Album Only,  2007 Gum Records,3:06,18-Sep-07,Obsession ( feat . JD Davis & Miss B ),David Guetta,Pop Life ( Extended Version ) [ Bonus Version ],"Dance , Music , Rock , Pop , House , Electronic, Electronica, Adult Alternative",Album Only,  2007 Gum Records,4:10,17-Sep-07 rCol Artist_Name,0
I 'm a Machine ( feat . Crystal Nicole and Tyrese Gibson ),David Guetta,Nothing But the Beat,"Dance , Music , Rock , House , Electronic",$ 1.29,"2011 What A Music Ltd , Licence exclusive Parlophone Music France",3:34,26-Aug-11,Let Me Know ( feat . David Guetta ),Tim McGraw,Nothing BUT THE BETTER,Pop,$ 1.29,2011 YT Music Records Limited of England,3:35,"Nov 23, 2013 ",0
Toyfriend ( feat . Wynter Gordon ) [ Continuous Mix Version ],David Guetta,One Love ( Deluxe Version ),"Dance , Music",$ 1.29,2010 Gum Prod licence exclusive Parlophone Music France,2:51,21-Aug-09,Taylor Swift,J. Michael Jazayeri,"Blacc Hollywood, Viscontin, Spain",Contemporary ED & ED Music,$1.25,2014 MTV Vlog,2:58,29-Feb-14   col Color_Color_Color,0
Toyfriend ( feat . Wynter Gordon ) [ Continuous Mix Version ],David Guetta,One Love ( Deluxe Version ),"Dance , Music",$ 1.29,2010 Gum Prod licence exclusive Parlophone Music France,2:51,21-Aug-09,One More Love ( Original Mix ),David Guetta,One More Love ( original remix ),"Dance , Music",$ 1.29,", 1:06",2:50,"November 17 , 2015  2018",0
The A Team ( Live ),Ed Sheeran,iTunes Festival : London 2012 - EP,"Singer/Songwriter , Music",$ 1.99,2012 Warner Music UK LImited,5:01,3-Sep-12,"Black Eyed Peas, A-Trak",Ed Sheeran,iTunes Festival : London 2012 - EP,"Singer/Songwriter , Music",$ 1.99,2012 Warner Music UK LImited,5:01,"October 10 , 2013 ",0
Toyfriend ( feat . Wynter Gordon ) [ Continuous Mix Version ],David Guetta,One Love ( Deluxe Version ),"Dance , Music",$ 1.29,2010 Gum Prod licence exclusive Parlophone Music France,2:51,21-Aug-09,The Other Side FLAC (feat . Timbaland ),Yasiin HYPE,Take Care( Deluxe Edition ),"Dance, Music, Hip-Hop",$ 1.29,( C ) 2011 Gum Prod licence exclusive Parlophone Music France,1:19,5-Oct-11 ,0
I 'm a Machine ( feat . Crystal Nicole and Tyrese Gibson ),David Guetta,Nothing But the Beat,"Dance , Music , Rock , House , Electronic",$ 1.29,"2011 What A Music Ltd , Licence exclusive Parlophone Music France",3:34,26-Aug-11,"Nastas (feat . Mosh ), a Lonely Rain , a Silent",David Guetta,You Can ( Feat ).,"Dance , Electronic",$ 1.29,"2012 Why Not, I Love It (feat . Ryan Gosling ; Continuous Mix Version )",3:34,"June 11 , 2011 3",0
Who 's That Chick ? ( feat . Rihanna ) [ Single Version ],David Guetta & Rihanna,Who 's That Chick ( feat . Rihanna ) - EP,"House , Music , Dance , Rock , Electronic",$ 0.99,2010 Gum Prod licence exclusive Parlophone Music France,2:45,3-Dec-10,June 2016,Scott Derrickson,Walk in Europe ( Live ),Hip-hop,$ 0.99,1998 PAXAM RECORDS,6:43,3-Sep-10 erenn,0
Obsession ( feat . JD Davis & Miss B ),David Guetta,Pop Life ( Extended Version ) [ Bonus Version ],"Dance , Music , Rock , Pop , House , Electronic , Electronica , Adult Alternative",Album Only,  2007 Gum Records,3:06,18-Sep-07,Obsession ( feat . JD Davis & Miss B ),David Guetta,Pop Life ( Extended Version ) [ Bonus Version ],"Dance , Music , Rock , Pop , House , Electronic , Electronica",Collectable,"2007 Bon Iver, Bon Iver et Bon Iver",2:28,24-Dec-14  CHUNK3,0
The A Team ( Live ),Ed Sheeran,iTunes Festival : London 2012 - EP,"Singer/Songwriter , Music",$ 1.99,2012 Warner Music UK LImited,5:01,3-Sep-12,"KORE, ALARM [ Real Life ]",Wiz Khalifa,O.N.I.F.C.,"Singer/Songwriter , Music",2012 Simon and Garfunkel,2012 Simon and Garfunkel,5:29,6-Dec-12 idently,0
I 'm a Machine ( feat . Crystal Nicole and Tyrese Gibson ),David Guetta,Nothing But the Beat,"Dance , Music , Rock , House , Electronic",$ 1.29,"2011 What A Music Ltd , Licence exclusive Parlophone Music France",3:34,26-Aug-11,K-4G @ KZA / D.I.N.O,K-4G @ KZA,Nothing Except the Beat,"Dance , Pop , Dubstep , DJ and Alternative",$ 1.29,2012 K-4G @ KZA,3:31,12-Oct-14 ______________________________,0
Obsession ( feat . JD Davis & Miss B ),David Guetta,Pop Life ( Extended Version ) [ Bonus Version ],"Dance , Music , Rock , Pop , House , Electronic , Electronica , Adult Alternative",Album Only,  2007 Gum Records,3:06,18-Sep-07,The Man From North Park,David Guetta,"Music , Rock , Indie Rock","Dance , Dance, Rock , Rock , House, Electronic , Classical Country",Digital Songs,  2007 Gum Records,3:19,17-Aug-03 [ Bonus Version ],0
The A Team ( Live ),Ed Sheeran,iTunes Festival : London 2012 - EP,"Singer/Songwriter , Music",$ 1.99,2012 Warner Music UK LImited,5:01,3-Sep-12,A Little More (Live),The Script,iTunes Festival : London 2012 - EP,"Composer AND Composer/Songwriter , Live",$ 0.75,2015 Wale,6:31,3-Dec-14 ****************_____________,0
In God 's Hands ( feat . Keith Urban ),Nelly Furtado & Keith Urban,The Best of Nelly Furtado ( Deluxe Version ),"Pop , Music , Rock , Vocal , Adult Alternative , Singer/Songwriter , Contemporary Singer/Songwriter",$ 0.99,  2010 Geffen Records,4:34,16-Nov-10,Lizzo: Unzndet (feat . Matt Moulton),Nelly Furtado,The Best of Nelly Furtado ( Deluxe Version ),"Pop , Dance , Electronic , Folk , Classical",$ 0.99,( C ) 2013 NARADA,9:00 [ Continuous Mix Version ],17-Mar-20 ,0
Obsession ( feat . JD Davis & Miss B ),David Guetta,Pop Life ( Extended Version ) [ Bonus Version ],"Dance , Music , Rock , Pop , House , Electronic , Electronica , Adult Alternative",Album Only,  2007 Gum Records,3:06,18-Sep-07,In Love ( Ravi Zaire Remix ) [ Mix ],David Guetta,In Love ( Ravi Zaire Remix ),"Dance , Music , Rock , Pop, House , Electronic",Album Only,  2009 Gum Records,3:07,February 2 2018    ( Zaire and Othrondazs ),0
In God 's Hands ( feat . Keith Urban ),Nelly Furtado & Keith Urban,The Best of Nelly Furtado ( Deluxe Version ),"Pop , Music , Rock , Vocal , Adult Alternative , Singer/Songwriter , Contemporary Singer/Songwriter",$ 0.99,  2010 Geffen Records,4:34,16-Nov-10,Foul Song ( feat . Keith Urban ),Nelly Furtado & Keith Urban,The Best of Nelly Furtado ( Deluxe Version ),"Pop , Music , Rock , Vocal , Adult Alternative , Singer/Songwriter",$ 0.99, 2016 LPs Volk NOISKY GENRE,4:42,13-Nov-10 Col Song_Name,0
Toyfriend ( feat . Wynter Gordon ) [ Continuous Mix Version ],David Guetta,One Love ( Deluxe Version ),"Dance , Music",$ 1.29,2010 Gum Prod licence exclusive Parlophone Music France,2:51,21-Aug-09,New York Public Radio,Joe Dazza,The Sledgehammer ( Bootleg ),"Pop , Hip-Hop , Rock , Music",$ 2.99,1997 The Sun Catalog,4:19,20-Jan-11 d ( ),0
In God 's Hands ( feat . Keith Urban ),Nelly Furtado & Keith Urban,The Best of Nelly Furtado ( Deluxe Version ),"Pop , Music , Rock , Vocal , Adult Alternative , Singer/Songwriter , Contemporary Singer/Songwriter",$ 0.99,  2010 Geffen Records,4:34,16-Nov-10,The Greatest of Geffen Records,Nelly Furtado & Keith Urban,The Greatest of Nelly Furtado ( Deluxe ),"Pop , Music , Rock , Vocal , Adult Alternative , Singer/Songwriter , Contemporary Singer/Songwriter",$ 0.99,2003 M - Vocal,11:17,April 25-25  FRANCE,0
In God 's Hands ( feat . Keith Urban ),Nelly Furtado & Keith Urban,The Best of Nelly Furtado ( Deluxe Version ),"Pop , Music , Rock , Vocal , Adult Alternative , Singer/Songwriter , Contemporary Singer/Songwriter",$ 0.99,  2010 Geffen Records,4:34,16-Nov-10,Kill Everybody,Skrillex,Scary Monsters And Nice Sprites EP [ Explicit ],"Electro-R&B , Classical & Electronic , Electronic , Rock VOLUME 1 (Crown Line)",$ 0.99,  2010 The Roc,4:31,31-May-19 iversity,0
I 'm a Machine ( feat . Crystal Nicole and Tyrese Gibson ),David Guetta,Nothing But the Beat,"Dance , Music , Rock , House , Electronic",$ 1.29,"2011 What A Music Ltd , Licence exclusive Parlophone Music France",3:34,26-Aug-11,The Girl Of The Sun,Tim &,Nothing BUT THE SHINE,"Dance , Music , Swing , Country, Latin A+",$ 10.29,2012 BMG MUSIC ENTERTAINMENT,4:33,23-Nov-10 iltr,0
I 'm a Machine ( feat . Crystal Nicole and Tyrese Gibson ),David Guetta,Nothing But the Beat,"Dance , Music , Rock , House , Electronic",$ 1.29,"2011 What A Music Ltd , Licence exclusive Parlophone Music France",3:34,26-Aug-11,"Zonderling, Zonderling, Zonderling",Tony Scott AND Tim Zeller,Now That I Am ( Mixes ),"Dance , Music , Rock",$ 1.39,2013 EMI Entertainment,3:45,31-Mar-03 orestofcope,0
Obsession ( feat . JD Davis & Miss B ),David Guetta,Pop Life ( Extended Version ) [ Bonus Version ],"Dance , Music , Rock , Pop , House , Electronic , Electronica , Adult Alternative",Album Only,  2007 Gum Records,3:06,18-Sep-07,AussieGirl1,Dizzee Rascal,Run Away - Intro,"Dance , Music , EDM , Electronic",Album Only,  2001 Gum Records,2:02,21-Apr-11 ibly,0
The A Team ( Live ),Ed Sheeran,iTunes Festival : London 2012 - EP,"Singer/Songwriter , Music",$ 1.99,2012 Warner Music UK LImited,5:01,3-Sep-12,Where Are '`` Now ( with Justin Bieber ) [ Rattlebox ],Desiigner,Where Are '`` Now ( with Justin Bieber ) [ EP ],"Thrilling, Afrobeat",$ 1.99,2013 Warner Music UK LImited,3:33,"January 17 , 2013 ibalcol Song_Name",0
I 'm a Machine ( feat . Crystal Nicole and Tyrese Gibson ),David Guetta,Nothing But the Beat,"Dance , Music , Rock , House , Electronic",$ 1.29,"2011 What A Music Ltd , Licence exclusive Parlophone Music France",3:34,26-Aug-11,I 'm a Machine (feat. Yoko Ono ),David Guetta,Nothing But the Beat,"Dance , Music , Rock , House , Electronic",$ 1.29,"2012 Toca Mondo, LLC",4:47,"April 19 , 2014",0
Lifted ( feat . Emeli Sand '  & Professor Green ),Naughty Boy,Hotel Cabana ( Deluxe Version ),"Pop , Music , Rock , R&B / Soul , Contemporary R&B , Dance,Electronic,Hip-Hop / Rap , Pop/Rock",$ 1.29,2013 Naughty Boy Recordings Ltd under exclusive licence to Virgin Records Ltd,4:15,6-May-14,"Hello, Naughty Boy (feat. Cello Mix & Naughty Boy )",Naughty Boy,Listen ( Deluxe ),"Pop , Electronic",$ 1.29,2011 If Moving Your Mine,3:49,"December 26 , 2015 ibrarycol Name",0
In God 's Hands ( feat . Keith Urban ),Nelly Furtado & Keith Urban,The Best of Nelly Furtado ( Deluxe Version ),"Pop , Music , Rock , Vocal , Adult Alternative , Singer/Songwriter , Contemporary Singer/Songwriter",$ 0.99,  2010 Geffen Records,4:34,16-Nov-10,LITTLE HOLDING (Original Mix ),Justin Timberlake,Journey through Time [Original Mix ],"Alternative, R&B , Rap , Dance",$ 0.99, 2012 The Atlantic,11:35,5-Feb-09 ,0
Who 's That Chick ? ( feat . Rihanna ) [ Single Version ],David Guetta & Rihanna,Who 's That Chick ( feat . Rihanna ) - EP,"House , Music , Dance , Rock , Electronic",$ 0.99,2010 Gum Prod licence exclusive Parlophone Music France,2:45,3-Dec-10,My Favorite (F1V1),Skrillex,MY Favorite ( F1V1 ) EP [ Explicit ],Electronic,$ 1.99,"2013 New York, NY Music House",4:58,5-May-18 identlycol Song_Name,0
The A Team ( Live ),Ed Sheeran,iTunes Festival : London 2012 - EP,"Singer/Songwriter , Music",$ 1.99,2012 Warner Music UK LImited,5:01,3-Sep-12,Let ME Know,The Mellow,W-A.T.B,Hip-Hop,$ 1.99,2013 A Girl For The Road,5:03,"June 10 , 2011 erenn0",0
Obsession ( feat . JD Davis & Miss B ),David Guetta,Pop Life ( Extended Version ) [ Bonus Version ],"Dance , Music , Rock , Pop , House , Electronic , Electronica , Adult Alternative",Album Only,  2007 Gum Records,3:06,18-Sep-07,Obsession ( feat . JD Davis & Miss B ),David Guetta,Pop Life ( Extended Version ),"Dance , Music , Rock & Pop , House + Electronic",LP Only,  2014 Gum Records,2:54,18-Sep-07 outherncol Song_Name,0
Who 's That Chick ? ( feat . Rihanna ) [ Single Version ],David Guetta & Rihanna,Who 's That Chick ( feat . Rihanna ) - EP,"House , Music , Dance , Rock , Electronic",$ 0.99,2010 Gum Prod licence exclusive Parlophone Music France,2:45,3-Dec-10,All Is In the Name,Original Col Artist_Name,All Is In The Name GENRE,"Pop , Music",$ 8,,2:18,"April 3 , 2015 galitarian1",0
I 'm a Machine ( feat . Crystal Nicole and Tyrese Gibson ),David Guetta,Nothing But the Beat,"Dance , Music , Rock , House , Electronic",$ 1.29,"2011 What A Music Ltd , Licence exclusive Parlophone Music France",3:34,26-Aug-11,Good News for the World,David Guetta,Listen ( Deluxe ),"Rock , Electronic , Folk , Rock EDK",$ 1.29,2015 If Moving Your Mine,31-Nov-14 [ Edit ],24-Nov-14 [ Edit ],0
The A Team ( Live ),Ed Sheeran,iTunes Festival : London 2012 - EP,"Singer/Songwriter , Music",$ 1.99,2012 Warner Music UK LImited,5:01,3-Sep-12,The A Team (Live),Ed Sheeran,iTunes Festival : London 2012 - EP,"Singer/Songwriter, Music",$ 1.99,2006 Warner Music UK LImited,4:15,2-Mar-12 tnc5-11,0
The A Team ( Live ),Ed Sheeran,iTunes Festival : London 2012 - EP,"Singer/Songwriter , Music",$ 1.99,2012 Warner Music UK LImited,5:01,3-Sep-12,"Kicksin ( Live, Live )","Willy Joy , Flosstradamus , Dillon Francis , Bird Peterson , Cousin Cole , Flinch",Woman Like Me Remixes,"Singer/Songwriter , Music",15,"2014, 2015 Wedgewood Productions , Inc. & DJ Snake Music LLC , under exclusive license to Columbia Records , a Division of Sony Music Entertainment",5:10 0,15-Sep-12 0,0
I 'm a Machine ( feat . Crystal Nicole and Tyrese Gibson ),David Guetta,Nothing But the Beat,"Dance , Music , Rock , House , Electronic",$ 1.29,"2011 What A Music Ltd , Licence exclusive Parlophone Music France",3:34,26-Aug-11,I 'm a Machine ( ),"Steven Tyler , Steven Smith , Steven Smith",Nothing But the Beat,"Dance , Music , Rock , House , Electronic",$ 0.99,( T ) 1988 West Coast Records,3:09,17-Dec-01 erennCol Song_Name,0
Obsession ( feat . JD Davis & Miss B ),David Guetta,Pop Life ( Extended Version ) [ Bonus Version ],"Dance , Music , Rock , Pop , House , Electronic , Electronica , Adult Alternative",Album Only,  2007 Gum Records,3:06,18-Sep-07,The Rascal's Ticks,The Rascal's Ticks,The Real Rascal,Social Media,$ 0.99,2014 Hip Hop Entertainment,6:41 DAYS OF STUNNER,"April 8 , 2015 mopeproduction",0
I 'm a Machine ( feat . Crystal Nicole and Tyrese Gibson ),David Guetta,Nothing But the Beat,"Dance , Music , Rock , House , Electronic",$ 1.29,"2011 What A Music Ltd , Licence exclusive Parlophone Music France",3:34,26-Aug-11,I 'm a Machine ( feat. Tyrese Gibson ),David Guetta,,"Dance , Music , Rock , House , Electronic",$ 1.29,"( x ) 2012 EMI Records Nashville . All rights reserved . Unauthorized reproduction is a violation of applicable laws . Manufactured by Capitol Records Nashville , 401 Commerce Street , Suite 1100 , Nashville, TN 37219",3:42,May 8-Jul-12 iversity,0
Who 's That Chick ? ( feat . Rihanna ) [ Single Version ],David Guetta & Rihanna,Who 's That Chick ( feat . Rihanna ) - EP,"House , Music , Dance , Rock , Electronic",$ 0.99,2010 Gum Prod licence exclusive Parlophone Music France,2:45,3-Dec-10,Pledge Allegiance To The Hag ( Live ),David Guetta,"You Made Me Dance, Too (feat. Ty Dolla $ign)",Country,$ 1.99,( A ) 2009 Acapella Col Song_Name,3:09,13-Sep-12 .,0
Toyfriend ( feat . Wynter Gordon ) [ Continuous Mix Version ],David Guetta,One Love ( Deluxe Version ),"Dance , Music",$ 1.29,2010 Gum Prod licence exclusive Parlophone Music France,2:51,21-Aug-09,On A Pink Night & The Christmas Album,David Guetta,VHS [ Explicit ],Contemporary,$ 4.99,2014 KIDinaKORNER/Interscope Records,1:30,5-Jul-05 Col Song_Name,0
I 'm a Machine ( feat . Crystal Nicole and Tyrese Gibson ),David Guetta,Nothing But the Beat,"Dance , Music , Rock , House , Electronic",$ 1.29,"2011 What A Music Ltd , Licence exclusive Parlophone Music France",3:34,26-Aug-11,Good Time ( feat . Adam Jackson and Tim Lomas ),Adam Guetta,Nothing Else (feat . Tyrese Gibson ),Dance and Electronic,$ 1.79,2013 How Your Bodies Weren't Made,3:13,26-Dec-11 ibly,0
In God 's Hands ( feat . Keith Urban ),Nelly Furtado & Keith Urban,The Best of Nelly Furtado ( Deluxe Version ),"Pop , Music , Rock , Vocal , Adult Alternative , Singer/Songwriter , Contemporary Singer/Songwriter",$ 0.99,  2010 Geffen Records,4:34,16-Nov-10,I Need The Rest Of You,Keith Urban,The Best,"Contemporary , Vocal , Electronic ; Electronic , Vocal",$ 0.99,( c ) 2012 Kombucha Entertainment,2:12,"October 21, 2009                ",0
Who 's That Chick ? ( feat . Rihanna ) [ Single Version ],David Guetta & Rihanna,Who 's That Chick ( feat . Rihanna ) - EP,"House , Music , Dance , Rock , Electronic",$ 0.99,2010 Gum Prod licence exclusive Parlophone Music France,2:45,3-Dec-10,Kill Everybody,Skrillex,Scary Monsters And Nice Sprites EP [ Explicit ],"Electronica , Dance & Electronic , Dubstep",$ 1.99,( 2 [ - ],4,3-Jan-07 aciously,0
In God 's Hands ( feat . Keith Urban ),Nelly Furtado & Keith Urban,The Best of Nelly Furtado ( Deluxe Version ),"Pop , Music , Rock , Vocal , Adult Alternative , Singer/Songwriter , Contemporary Singer/Songwriter",$ 0.99,  2010 Geffen Records,4:34,16-Nov-10,Lettuce,Major Lazer,The Best of Nelly Furtado,Indie/Electronic,$ 1.29,  2014 Bluehole,3:20,15-Jun-07 orestellay,0
I 'm a Machine ( feat . Crystal Nicole and Tyrese Gibson ),David Guetta,Nothing But the Beat,"Dance , Music , Rock , House , Electronic",$ 1.29,"2011 What A Music Ltd , Licence exclusive Parlophone Music France",3:34,26-Aug-11,Beautiful Now ( remixes with David Guetta ),Zedd,Beautiful Now ( Remixes ),Dance & Electronic,$ 1.29,( C ) 2011 Isla Bora MUSIC INC,3:44,"June 25 , 2011       ",0
Toyfriend ( feat . Wynter Gordon ) [ Continuous Mix Version ],David Guetta,One Love ( Deluxe Version ),"Dance , Music",$ 1.29,2010 Gum Prod licence exclusive Parlophone Music France,2:51,21-Aug-09,David Guetta,Dave Hill,My Heart Is A Lie [ Parlophone ],"Pop , Contemporary EDM, Hardcore",$ 3.24,2017 Parlophone Records,8:42,23-Sep-14 s \col Name,0
Lifted ( feat . Emeli Sand '  & Professor Green ),Naughty Boy,Hotel Cabana ( Deluxe Version ),"Pop , Music , Rock , R&B / Soul , Contemporary R&B , Dance,Electronic,Hip-Hop / Rap , Pop/Rock",$ 1.29,2013 Naughty Boy Recordings Ltd under exclusive licence to Virgin Records Ltd,4:15,6-May-14,Vile (feat. B.O.O.),Dr. Dre & DJ Snake,Dr. Dre & DJ Snake,"Dance, Electronic , Rock , Rap",$ 1.28,2013 Vectum,2:08,"November 3 , 2014 ilit",0
Toyfriend ( feat . Wynter Gordon ) [ Continuous Mix Version ],David Guetta,One Love ( Deluxe Version ),"Dance , Music",$ 1.29,2010 Gum Prod licence exclusive Parlophone Music France,2:51,21-Aug-09,Lil Boyz,David Guetta,The Night I Disappeared,Rap & Hip-Hop,$ 1.29,"2013 WON1 Music and Entertainment, a division of Sony Music Corp.",3:01,23-May-13 iphate,0
Toyfriend ( feat . Wynter Gordon ) [ Continuous Mix Version ],David Guetta,One Love ( Deluxe Version ),"Dance , Music",$ 1.29,2010 Gum Prod licence exclusive Parlophone Music France,2:51,21-Aug-09,Pop Culture,DJ Grohl,J.R.,Hip-Hop,$ 1.29,2012 Atlantic Recording Corporation for the United States and WEA International Inc. for the world outside of the United States,5:46,2-Dec-12 rl0R r,0
The A Team ( Live ),Ed Sheeran,iTunes Festival : London 2012 - EP,"Singer/Songwriter , Music",$ 1.99,2012 Warner Music UK LImited,5:01,3-Sep-12,The A Team ( Live ),Ed Sheeran,iTunes Festival : London 2012 - EP,"Singer/Songwriter , Music",$ 1.99,2013 Warner Music UK LImited,5:24,"October 1 , 2013 ibrarycol.com",0
Toyfriend ( feat . Wynter Gordon ) [ Continuous Mix Version ],David Guetta,One Love ( Deluxe Version ),"Dance , Music",$ 1.29,2010 Gum Prod licence exclusive Parlophone Music France,2:51,21-Aug-09,"We've Seen Your Dreams, So We're Back",David Guetta,I Dream BIGOLA ( Remix ),"Dance , Music",$ 1.29,2011 Gum Prod licence exclusive Parlophone Music France,5:50,11-Oct-09 d2,0
In God 's Hands ( feat . Keith Urban ),Nelly Furtado & Keith Urban,The Best of Nelly Furtado ( Deluxe Version ),"Pop , Music , Rock , Vocal , Adult Alternative , Singer/Songwriter , Contemporary Singer/Songwriter",$ 0.99,  2010 Geffen Records,4:34,16-Nov-10,In God 's Hands (feat A$AP Rocky),Nelly Furtado & Keith Urban,The Best of Nelly Furtado ( Deluxe Version ),"Pop , Music , Rock , Vocal , Adult Alternative , Singer/Songwriter , Contemporary Singer/Songwriter",$ 0.99, 2010 Geffen Records,4:40,28-Oct-10 ,0
Who 's That Chick ? ( feat . Rihanna ) [ Single Version ],David Guetta & Rihanna,Who 's That Chick ( feat . Rihanna ) - EP,"House , Music , Dance , Rock , Electronic",$ 0.99,2010 Gum Prod licence exclusive Parlophone Music France,2:45,3-Dec-10,"How I Met Your Mother, How I Met Your Mother",Skrillex,How I Met Your Mother,"House , Music, Voluptuous, Electronic , Dubstep",$ 2.17,2015 Black Moon Records,2:49,21-Dec-2016           .  ,0
Who 's That Chick ? ( feat . Rihanna ) [ Single Version ],David Guetta & Rihanna,Who 's That Chick ( feat . Rihanna ) - EP,"House , Music , Dance , Rock , Electronic",$ 0.99,2010 Gum Prod licence exclusive Parlophone Music France,2:45,3-Dec-10,Who 's That Chick ? ( feat . Rihanna ),David Guetta,Who 's That Chick ( feat . Rihanna ) - EP,"Rock , Electronic",$ 0.99,2013 Gramophone MusicFrance,1:11,"February 7, 2011 ibrarycol Col Songs",0
